# Host: 129.211.13.171:5378  (Version 5.1.47-community)
# Date: 2019-01-19 00:39:59
# Generator: MySQL-Front 6.1  (Build 1.26)


#
# Structure for table "admin"
#

CREATE TABLE `admin` (
  `phonenum` char(11) NOT NULL,
  `power` int(1) NOT NULL DEFAULT '0',
  PRIMARY KEY (`phonenum`)
) ENGINE=InnoDB DEFAULT CHARSET=utf8;

#
# Data for table "admin"
#

REPLACE INTO `admin` VALUES ('15205696632',0),('15209829518',0),('17352916105',1),('17855139952',0),('18324746126',1),('18324746129',1),('18324746131',1),('18324746135',1),('18324746136',1),('18324746141',1),('18324746146',1),('18324746149',1),('18324746151',1),('18324746156',1),('18324746161',1),('18324746166',1),('18324746171',0),('18324746176',0),('18324746181',0),('18324746191',0),('18324746196',0),('18324746201',0),('18324746206',0),('18324746211',0),('18324746216',0),('18324746221',0),('18324746226',0),('18324746231',0),('18324746236',0),('18324746241',0),('18324746246',0),('18324746251',0),('18324746256',0),('18324746261',0),('18324746266',0),('18324746271',0),('18324746276',0),('18324746281',0),('18324746286',0),('18324746291',0),('18324746296',0),('18324746301',0),('18324746306',0),('18324746311',0),('18324746316',0),('18324746321',0),('18324746326',0),('18324746331',0),('18324746336',0),('18324746341',0),('18324746346',0),('18324746351',0),('18324746356',0),('18324746361',0),('18324746366',0),('18324746371',0),('18324746376',0),('18324746381',0),('18324746386',0),('18324746391',0),('18324746396',0),('18324746401',0),('18324746406',0),('18324746411',0),('18324746416',0),('18324746421',0),('18324746426',0),('18324746431',0),('18324746436',0),('18324746441',0),('18324746446',0),('18324746451',0),('18324746456',0),('18324746461',0),('18324746466',0),('18324746471',0),('18324746476',0),('18324746481',0),('18324746486',0),('18324746491',0),('18324746496',0),('18324746501',0),('18324746506',0),('18324746511',0),('18324746516',0),('18324746521',0),('18324746526',0),('18324746531',0),('18324746536',0),('18324746541',0),('18324746546',0),('18324746551',0),('18324746556',0),('18324746561',0),('18324746566',0),('18324746571',0),('18324746576',0),('18324746581',0),('18324746586',0),('18324746591',0),('18324746596',0),('18324746601',0),('18324746606',0),('18324746611',0),('18324746616',0),('18324746621',0),('18324746626',0),('18324746631',0),('18324746636',0),('18324746641',0),('18324746646',0),('18324746651',0),('18324746656',0),('18324746661',0),('18324746666',0),('18324746671',0),('18324746676',0),('18324746681',0),('18324746686',0),('18324746691',0),('18324746696',0),('18324746701',0),('18324746706',0),('18324746711',0),('18324746716',0),('18324746721',0),('18324746726',0),('18324746731',0),('18324746736',0),('18324746741',0),('18324746746',0),('18324746751',0),('18324746756',0),('18324746761',0),('18324746766',0),('18324746771',0),('18324746776',0),('18324746781',0),('18324746786',0),('18324746791',0),('18324746796',0),('18324746801',0),('18324746806',0),('18324746811',0),('18324746816',0),('18324746821',0),('18324746826',0),('18324746831',0),('18324746836',0),('18324746841',0),('18324746851',0),('18324746856',0),('18324746861',0),('18324746866',0),('18324746871',0),('18324746876',0),('18324746881',0),('18324746886',0),('18324746891',0),('18324746896',0),('18324746901',0),('18324746906',0),('18324746911',0),('18324746916',0),('18324746921',0),('18324746926',0),('18324746931',0),('18324746936',0),('18324746941',0),('18324746946',0),('18324746951',0),('18324746956',0),('18324746961',0),('18324746966',0),('18324746971',0),('18324746976',0),('18324746981',0),('18324746986',0),('18324746991',0),('18324746996',0),('18324747001',0),('18324747006',0),('18324747011',0),('18324747016',0),('18324747021',0),('18324747026',0),('18324747031',0),('18324747036',0),('18324747041',0),('18324747046',0),('18324747051',0),('18355185191',1),('18655181714',0),('19966502351',0);

#
# Structure for table "advertisement"
#

CREATE TABLE `advertisement` (
  `aid` int(11) NOT NULL,
  `img` varchar(1000) NOT NULL DEFAULT '',
  `advcontent` varchar(100) NOT NULL,
  PRIMARY KEY (`aid`)
) ENGINE=InnoDB DEFAULT CHARSET=utf8;

#
# Data for table "advertisement"
#

REPLACE INTO `advertisement` VALUES (1,'下载1.jpg','广告1内容：dsd'),(2,'下载1.jpg','广告2内容：合app'),(3,'下载1.jpg','广告3内容：dssd'),(4,'下载1.jpg','广告4内容：tssts'),(5,'下载1.jpg','广告5内容：t6'),(6,'下载1.jpg','广告6内容：dsr'),(7,'下载1.jpg','广告7内容：sds'),(8,'下载1.jpg','广告8内容：t8'),(9,'下载1.jpg','广告9内容：xxxxxxxxxxxxxxxxxxxxxxxxxxxxxxxxxxxxxxxxxxxx'),(10,'下载1.jpg','广告10内容：xxxxxxxxxxxxxxxxxxxxxxxxxxxxxxxxxxxxxxxxxxxx'),(11,'下载1.jpg','广告11内容：xxxxxxxxxxxxxxxxxxxxxxxxxxxxxxxxxxxxxxxxxxxx'),(12,'下载1.jpg','广告12内容：xxxxxxxxxxxxxxxxxxxxxxxxxxxxxxxxxxxxxxxxxxxx'),(15,'下载1.jpg','广告15内容：xxxxxxxxxxxxxxxxxxxxxxxxxxxxxxxxxxxxxxxxxxxx'),(16,'下载1.jpg','广告16内容：xxxxxxxxxxxxxxxxxxxxxxxxxxxxxxxxxxxxxxxxxxxx'),(17,'下载1.jpg','广告17内容：xxxxxxxxxxxxxxxxxxxxxxxxxxxxxxxxxxxxxxxxxxxx'),(18,'下载1.jpg','广告18内容：xxxxxxxxxxxxxxxxxxxxxxxxxxxxxxxxxxxxxxxxxxxx'),(19,'下载1.jpg','广告19内容：xxxxxxxxxxxxxxxxxxxxxxxxxxxxxxxxxxxxxxxxxxxx'),(20,'下载1.jpg','广告20内容：xxxxxxxxxxxxxxxxxxxxxxxxxxxxxxxxxxxxxxxxxxxx'),(21,'下载1.jpg','广告21内容：xxxxxxxxxxxxxxxxxxxxxxxxxxxxxxxxxxxxxxxxxxxx'),(23,'下载1.jpg','广告23内容：xxxxxxxxxxxxxxxxxxxxxxxxxxxxxxxxxxxxxxxxxxxx'),(24,'下载1.jpg','广告24内容：xxxxxxxxxxxxxxxxxxxxxxxxxxxxxxxxxxxxxxxxxxxx'),(25,'下载1.jpg','广告25内容：xxxxxxxxxxxxxxxxxxxxxxxxxxxxxxxxxxxxxxxxxxxx'),(26,'下载1.jpg','广告26内容：xxxxxxxxxxxxxxxxxxxxxxxxxxxxxxxxxxxxxxxxxxxx'),(27,'下载1.jpg','广告27内容：xxxxxxxxxxxxxxxxxxxxxxxxxxxxxxxxxxxxxxxxxxxx'),(28,'下载1.jpg','广告28内容：xxxxxxxxxxxxxxxxxxxxxxxxxxxxxxxxxxxxxxxxxxxx'),(29,'下载1.jpg','广告29内容：xxxxxxxxxxxxxxxxxxxxxxxxxxxxxxxxxxxxxxxxxxxx'),(30,'下载1.jpg','广告30内容：xxxxxxxxxxxxxxxxxxxxxxxxxxxxxxxxxxxxxxxxxxxx'),(31,'下载1.jpg','广告31内容：xxxxxxxxxxxxxxxxxxxxxxxxxxxxxxxxxxxxxxxxxxxx'),(32,'下载1.jpg','广告32内容：xxxxxxxxxxxxxxxxxxxxxxxxxxxxxxxxxxxxxxxxxxxx'),(33,'下载1.jpg','广告33内容：xxxxxxxxxxxxxxxxxxxxxxxxxxxxxxxxxxxxxxxxxxxx'),(34,'下载1.jpg','广告34内容：xxxxxxxxxxxxxxxxxxxxxxxxxxxxxxxxxxxxxxxxxxxx'),(35,'下载1.jpg','广告35内容：xxxxxxxxxxxxxxxxxxxxxxxxxxxxxxxxxxxxxxxxxxxx'),(36,'下载1.jpg','广告36内容：xxxxxxxxxxxxxxxxxxxxxxxxxxxxxxxxxxxxxxxxxxxx'),(37,'下载1.jpg','广告37内容：xxxxxxxxxxxxxxxxxxxxxxxxxxxxxxxxxxxxxxxxxxxx'),(38,'下载1.jpg','广告38内容：xxxxxxxxxxxxxxxxxxxxxxxxxxxxxxxxxxxxxxxxxxxx'),(39,'下载1.jpg','广告39内容：xxxxxxxxxxxxxxxxxxxxxxxxxxxxxxxxxxxxxxxxxxxx'),(40,'下载1.jpg','广告40内容：xxxxxxxxxxxxxxxxxxxxxxxxxxxxxxxxxxxxxxxxxxxx'),(41,'下载1.jpg','广告41内容：xxxxxxxxxxxxxxxxxxxxxxxxxxxxxxxxxxxxxxxxxxxx'),(42,'下载1.jpg','广告42内容：xxxxxxxxxxxxxxxxxxxxxxxxxxxxxxxxxxxxxxxxxxxx'),(43,'下载1.jpg','广告43内容：xxxxxxxxxxxxxxxxxxxxxxxxxxxxxxxxxxxxxxxxxxxx'),(44,'下载1.jpg','广告44内容：xxxxxxxxxxxxxxxxxxxxxxxxxxxxxxxxxxxxxxxxxxxx'),(45,'下载1.jpg','广告45内容：xxxxxxxxxxxxxxxxxxxxxxxxxxxxxxxxxxxxxxxxxxxx'),(46,'下载1.jpg','广告46内容：xxxxxxxxxxxxxxxxxxxxxxxxxxxxxxxxxxxxxxxxxxxx'),(47,'下载1.jpg','广告47内容：xxxxxxxxxxxxxxxxxxxxxxxxxxxxxxxxxxxxxxxxxxxx'),(48,'下载1.jpg','广告48内容：xxxxxxxxxxxxxxxxxxxxxxxxxxxxxxxxxxxxxxxxxxxx'),(49,'下载1.jpg','广告49内容：xxxxxxxxxxxxxxxxxxxxxxxxxxxxxxxxxxxxxxxxxxxx'),(50,'下载1.jpg','广告50内容：xxxxxxxxxxxxxxxxxxxxxxxxxxxxxxxxxxxxxxxxxxxx'),(51,'下载1.jpg','广告51内容：xxxxxxxxxxxxxxxxxxxxxxxxxxxxxxxxxxxxxxxxxxxx'),(52,'下载1.jpg','广告52内容：xxxxxxxxxxxxxxxxxxxxxxxxxxxxxxxxxxxxxxxxxxxx'),(53,'下载1.jpg','广告53内容：xxxxxxxxxxxxxxxxxxxxxxxxxxxxxxxxxxxxxxxxxxxx'),(54,'下载1.jpg','广告54内容：xxxxxxxxxxxxxxxxxxxxxxxxxxxxxxxxxxxxxxxxxxxx'),(55,'下载1.jpg','广告55内容：xxxxxxxxxxxxxxxxxxxxxxxxxxxxxxxxxxxxxxxxxxxx'),(56,'下载1.jpg','广告56内容：xxxxxxxxxxxxxxxxxxxxxxxxxxxxxxxxxxxxxxxxxxxx'),(57,'下载1.jpg','广告57内容：xxxxxxxxxxxxxxxxxxxxxxxxxxxxxxxxxxxxxxxxxxxx'),(58,'下载1.jpg','广告58内容：xxxxxxxxxxxxxxxxxxxxxxxxxxxxxxxxxxxxxxxxxxxx'),(59,'下载1.jpg','广告59内容：xxxxxxxxxxxxxxxxxxxxxxxxxxxxxxxxxxxxxxxxxxxx'),(60,'下载1.jpg','广告60内容：xxxxxxxxxxxxxxxxxxxxxxxxxxxxxxxxxxxxxxxxxxxx'),(61,'下载1.jpg','广告61内容：xxxxxxxxxxxxxxxxxxxxxxxxxxxxxxxxxxxxxxxxxxxx'),(62,'下载1.jpg','广告62内容：xxxxxxxxxxxxxxxxxxxxxxxxxxxxxxxxxxxxxxxxxxxx'),(63,'下载1.jpg','广告63内容：xxxxxxxxxxxxxxxxxxxxxxxxxxxxxxxxxxxxxxxxxxxx'),(64,'下载1.jpg','广告64内容：xxxxxxxxxxxxxxxxxxxxxxxxxxxxxxxxxxxxxxxxxxxx'),(65,'下载1.jpg','广告65内容：xxxxxxxxxxxxxxxxxxxxxxxxxxxxxxxxxxxxxxxxxxxx'),(66,'下载1.jpg','广告66内容：xxxxxxxxxxxxxxxxxxxxxxxxxxxxxxxxxxxxxxxxxxxx'),(67,'下载1.jpg','广告67内容：xxxxxxxxxxxxxxxxxxxxxxxxxxxxxxxxxxxxxxxxxxxx'),(68,'下载1.jpg','广告68内容：xxxxxxxxxxxxxxxxxxxxxxxxxxxxxxxxxxxxxxxxxxxx'),(69,'下载1.jpg','广告69内容：xxxxxxxxxxxxxxxxxxxxxxxxxxxxxxxxxxxxxxxxxxxx'),(70,'下载1.jpg','广告70内容：xxxxxxxxxxxxxxxxxxxxxxxxxxxxxxxxxxxxxxxxxxxx'),(71,'下载1.jpg','广告71内容：xxxxxxxxxxxxxxxxxxxxxxxxxxxxxxxxxxxxxxxxxxxx'),(72,'下载1.jpg','广告72内容：xxxxxxxxxxxxxxxxxxxxxxxxxxxxxxxxxxxxxxxxxxxx'),(73,'下载1.jpg','广告73内容：xxxxxxxxxxxxxxxxxxxxxxxxxxxxxxxxxxxxxxxxxxxx'),(74,'下载1.jpg','广告74内容：xxxxxxxxxxxxxxxxxxxxxxxxxxxxxxxxxxxxxxxxxxxx'),(75,'下载1.jpg','广告75内容：xxxxxxxxxxxxxxxxxxxxxxxxxxxxxxxxxxxxxxxxxxxx'),(76,'下载1.jpg','广告76内容：xxxxxxxxxxxxxxxxxxxxxxxxxxxxxxxxxxxxxxxxxxxx'),(77,'下载1.jpg','广告77内容：xxxxxxxxxxxxxxxxxxxxxxxxxxxxxxxxxxxxxxxxxxxx'),(78,'下载1.jpg','广告78内容：xxxxxxxxxxxxxxxxxxxxxxxxxxxxxxxxxxxxxxxxxxxx'),(79,'下载1.jpg','广告79内容：xxxxxxxxxxxxxxxxxxxxxxxxxxxxxxxxxxxxxxxxxxxx'),(80,'下载1.jpg','广告80内容：xxxxxxxxxxxxxxxxxxxxxxxxxxxxxxxxxxxxxxxxxxxx'),(81,'下载1.jpg','广告81内容：xxxxxxxxxxxxxxxxxxxxxxxxxxxxxxxxxxxxxxxxxxxx'),(82,'下载1.jpg','广告82内容：xxxxxxxxxxxxxxxxxxxxxxxxxxxxxxxxxxxxxxxxxxxx'),(83,'下载1.jpg','广告83内容：xxxxxxxxxxxxxxxxxxxxxxxxxxxxxxxxxxxxxxxxxxxx'),(84,'下载1.jpg','广告84内容：xxxxxxxxxxxxxxxxxxxxxxxxxxxxxxxxxxxxxxxxxxxx'),(85,'下载1.jpg','广告85内容：xxxxxxxxxxxxxxxxxxxxxxxxxxxxxxxxxxxxxxxxxxxx'),(86,'下载1.jpg','广告86内容：xxxxxxxxxxxxxxxxxxxxxxxxxxxxxxxxxxxxxxxxxxxx'),(87,'下载1.jpg','广告87内容：xxxxxxxxxxxxxxxxxxxxxxxxxxxxxxxxxxxxxxxxxxxx'),(88,'下载1.jpg','广告88内容：xxxxxxxxxxxxxxxxxxxxxxxxxxxxxxxxxxxxxxxxxxxx'),(89,'下载1.jpg','广告89内容：xxxxxxxxxxxxxxxxxxxxxxxxxxxxxxxxxxxxxxxxxxxx'),(90,'下载1.jpg','广告90内容：xxxxxxxxxxxxxxxxxxxxxxxxxxxxxxxxxxxxxxxxxxxx'),(91,'下载1.jpg','广告91内容：xxxxxxxxxxxxxxxxxxxxxxxxxxxxxxxxxxxxxxxxxxxx'),(92,'下载1.jpg','广告92内容：xxxxxxxxxxxxxxxxxxxxxxxxxxxxxxxxxxxxxxxxxxxx'),(93,'下载1.jpg','广告93内容：xxxxxxxxxxxxxxxxxxxxxxxxxxxxxxxxxxxxxxxxxxxx'),(94,'下载1.jpg','广告94内容：xxxxxxxxxxxxxxxxxxxxxxxxxxxxxxxxxxxxxxxxxxxx'),(95,'下载1.jpg','广告95内容：xxxxxxxxxxxxxxxxxxxxxxxxxxxxxxxxxxxxxxxxxxxx'),(96,'下载1.jpg','广告96内容：xxxxxxxxxxxxxxxxxxxxxxxxxxxxxxxxxxxxxxxxxxxx'),(97,'下载1.jpg','广告97内容：xxxxxxxxxxxxxxxxxxxxxxxxxxxxxxxxxxxxxxxxxxxx'),(98,'下载1.jpg','广告98内容：xxxxxxxxxxxxxxxxxxxxxxxxxxxxxxxxxxxxxxxxxxxx'),(99,'下载1.jpg','广告99内容：xxxxxxxxxxxxxxxxxxxxxxxxxxxxxxxxxxxxxxxxxxxx'),(100,'下载1.jpg','广告100内容：xxxxxxxxxxxxxxxxxxxxxxxxxxxxxxxxxxxxxxxxxxxx'),(101,'下载1.jpg','广告101内容：xxxxxxxxxxxxxxxxxxxxxxxxxxxxxxxxxxxxxxxxxxxx'),(102,'下载1.jpg','广告102内容：xxxxxxxxxxxxxxxxxxxxxxxxxxxxxxxxxxxxxxxxxxxx'),(103,'下载1.jpg','广告103内容：xxxxxxxxxxxxxxxxxxxxxxxxxxxxxxxxxxxxxxxxxxxx'),(104,'下载1.jpg','广告104内容：xxxxxxxxxxxxxxxxxxxxxxxxxxxxxxxxxxxxxxxxxxxx'),(105,'下载1.jpg','广告105内容：xxxxxxxxxxxxxxxxxxxxxxxxxxxxxxxxxxxxxxxxxxxx'),(106,'下载1.jpg','广告106内容：xxxxxxxxxxxxxxxxxxxxxxxxxxxxxxxxxxxxxxxxxxxx'),(107,'下载1.jpg','广告107内容：xxxxxxxxxxxxxxxxxxxxxxxxxxxxxxxxxxxxxxxxxxxx'),(108,'下载1.jpg','广告108内容：xxxxxxxxxxxxxxxxxxxxxxxxxxxxxxxxxxxxxxxxxxxx'),(109,'下载1.jpg','广告109内容：xxxxxxxxxxxxxxxxxxxxxxxxxxxxxxxxxxxxxxxxxxxx'),(110,'下载1.jpg','广告110内容：xxxxxxxxxxxxxxxxxxxxxxxxxxxxxxxxxxxxxxxxxxxx'),(111,'下载1.jpg','广告111内容：xxxxxxxxxxxxxxxxxxxxxxxxxxxxxxxxxxxxxxxxxxxx'),(112,'下载1.jpg','广告112内容：xxxxxxxxxxxxxxxxxxxxxxxxxxxxxxxxxxxxxxxxxxxx'),(113,'下载1.jpg','广告113内容：xxxxxxxxxxxxxxxxxxxxxxxxxxxxxxxxxxxxxxxxxxxx'),(114,'下载1.jpg','广告114内容：xxxxxxxxxxxxxxxxxxxxxxxxxxxxxxxxxxxxxxxxxxxx'),(115,'下载1.jpg','广告115内容：xxxxxxxxxxxxxxxxxxxxxxxxxxxxxxxxxxxxxxxxxxxx'),(116,'下载1.jpg','广告116内容：xxxxxxxxxxxxxxxxxxxxxxxxxxxxxxxxxxxxxxxxxxxx'),(117,'下载1.jpg','广告117内容：xxxxxxxxxxxxxxxxxxxxxxxxxxxxxxxxxxxxxxxxxxxx'),(118,'下载1.jpg','广告118内容：xxxxxxxxxxxxxxxxxxxxxxxxxxxxxxxxxxxxxxxxxxxx'),(119,'下载1.jpg','广告119内容：xxxxxxxxxxxxxxxxxxxxxxxxxxxxxxxxxxxxxxxxxxxx'),(120,'下载1.jpg','广告120内容：xxxxxxxxxxxxxxxxxxxxxxxxxxxxxxxxxxxxxxxxxxxx'),(121,'下载1.jpg','广告121内容：xxxxxxxxxxxxxxxxxxxxxxxxxxxxxxxxxxxxxxxxxxxx'),(122,'下载1.jpg','广告122内容：xxxxxxxxxxxxxxxxxxxxxxxxxxxxxxxxxxxxxxxxxxxx'),(123,'下载1.jpg','广告123内容：xxxxxxxxxxxxxxxxxxxxxxxxxxxxxxxxxxxxxxxxxxxx'),(124,'下载1.jpg','广告124内容：xxxxxxxxxxxxxxxxxxxxxxxxxxxxxxxxxxxxxxxxxxxx'),(125,'下载1.jpg','广告125内容：xxxxxxxxxxxxxxxxxxxxxxxxxxxxxxxxxxxxxxxxxxxx'),(126,'下载1.jpg','广告126内容：xxxxxxxxxxxxxxxxxxxxxxxxxxxxxxxxxxxxxxxxxxxx'),(127,'下载1.jpg','广告127内容：xxxxxxxxxxxxxxxxxxxxxxxxxxxxxxxxxxxxxxxxxxxx'),(128,'下载1.jpg','广告128内容：xxxxxxxxxxxxxxxxxxxxxxxxxxxxxxxxxxxxxxxxxxxx'),(129,'下载1.jpg','广告129内容：xxxxxxxxxxxxxxxxxxxxxxxxxxxxxxxxxxxxxxxxxxxx'),(130,'下载1.jpg','广告130内容：xxxxxxxxxxxxxxxxxxxxxxxxxxxxxxxxxxxxxxxxxxxx'),(131,'下载1.jpg','广告131内容：xxxxxxxxxxxxxxxxxxxxxxxxxxxxxxxxxxxxxxxxxxxx'),(132,'下载1.jpg','广告132内容：xxxxxxxxxxxxxxxxxxxxxxxxxxxxxxxxxxxxxxxxxxxx'),(133,'下载1.jpg','广告133内容：xxxxxxxxxxxxxxxxxxxxxxxxxxxxxxxxxxxxxxxxxxxx'),(134,'下载1.jpg','广告134内容：xxxxxxxxxxxxxxxxxxxxxxxxxxxxxxxxxxxxxxxxxxxx'),(135,'下载1.jpg','广告135内容：xxxxxxxxxxxxxxxxxxxxxxxxxxxxxxxxxxxxxxxxxxxx'),(136,'下载1.jpg','广告136内容：xxxxxxxxxxxxxxxxxxxxxxxxxxxxxxxxxxxxxxxxxxxx'),(137,'下载1.jpg','广告137内容：xxxxxxxxxxxxxxxxxxxxxxxxxxxxxxxxxxxxxxxxxxxx'),(138,'下载1.jpg','广告138内容：xxxxxxxxxxxxxxxxxxxxxxxxxxxxxxxxxxxxxxxxxxxx'),(139,'下载1.jpg','广告139内容：xxxxxxxxxxxxxxxxxxxxxxxxxxxxxxxxxxxxxxxxxxxx'),(140,'下载1.jpg','广告140内容：xxxxxxxxxxxxxxxxxxxxxxxxxxxxxxxxxxxxxxxxxxxx'),(141,'下载1.jpg','广告141内容：xxxxxxxxxxxxxxxxxxxxxxxxxxxxxxxxxxxxxxxxxxxx'),(142,'下载1.jpg','广告142内容：xxxxxxxxxxxxxxxxxxxxxxxxxxxxxxxxxxxxxxxxxxxx'),(143,'下载1.jpg','广告143内容：xxxxxxxxxxxxxxxxxxxxxxxxxxxxxxxxxxxxxxxxxxxx'),(144,'下载1.jpg','广告144内容：xxxxxxxxxxxxxxxxxxxxxxxxxxxxxxxxxxxxxxxxxxxx'),(145,'下载1.jpg','广告145内容：xxxxxxxxxxxxxxxxxxxxxxxxxxxxxxxxxxxxxxxxxxxx'),(146,'下载1.jpg','广告146内容：xxxxxxxxxxxxxxxxxxxxxxxxxxxxxxxxxxxxxxxxxxxx'),(147,'下载1.jpg','广告147内容：xxxxxxxxxxxxxxxxxxxxxxxxxxxxxxxxxxxxxxxxxxxx'),(148,'下载1.jpg','广告148内容：xxxxxxxxxxxxxxxxxxxxxxxxxxxxxxxxxxxxxxxxxxxx'),(149,'下载1.jpg','广告149内容：xxxxxxxxxxxxxxxxxxxxxxxxxxxxxxxxxxxxxxxxxxxx'),(150,'下载1.jpg','广告150内容：xxxxxxxxxxxxxxxxxxxxxxxxxxxxxxxxxxxxxxxxxxxx'),(151,'下载1.jpg','广告151内容：xxxxxxxxxxxxxxxxxxxxxxxxxxxxxxxxxxxxxxxxxxxx'),(152,'下载1.jpg','广告152内容：xxxxxxxxxxxxxxxxxxxxxxxxxxxxxxxxxxxxxxxxxxxx'),(153,'下载1.jpg','广告153内容：xxxxxxxxxxxxxxxxxxxxxxxxxxxxxxxxxxxxxxxxxxxx'),(154,'下载1.jpg','广告154内容：xxxxxxxxxxxxxxxxxxxxxxxxxxxxxxxxxxxxxxxxxxxx'),(155,'下载1.jpg','广告155内容：xxxxxxxxxxxxxxxxxxxxxxxxxxxxxxxxxxxxxxxxxxxx'),(156,'下载1.jpg','广告156内容：xxxxxxxxxxxxxxxxxxxxxxxxxxxxxxxxxxxxxxxxxxxx'),(157,'下载1.jpg','广告157内容：xxxxxxxxxxxxxxxxxxxxxxxxxxxxxxxxxxxxxxxxxxxx'),(158,'下载1.jpg','广告158内容：xxxxxxxxxxxxxxxxxxxxxxxxxxxxxxxxxxxxxxxxxxxx'),(159,'下载1.jpg','广告159内容：xxxxxxxxxxxxxxxxxxxxxxxxxxxxxxxxxxxxxxxxxxxx'),(160,'下载1.jpg','广告160内容：xxxxxxxxxxxxxxxxxxxxxxxxxxxxxxxxxxxxxxxxxxxx'),(161,'下载1.jpg','广告161内容：xxxxxxxxxxxxxxxxxxxxxxxxxxxxxxxxxxxxxxxxxxxx'),(162,'下载1.jpg','广告162内容：xxxxxxxxxxxxxxxxxxxxxxxxxxxxxxxxxxxxxxxxxxxx'),(163,'下载1.jpg','广告163内容：xxxxxxxxxxxxxxxxxxxxxxxxxxxxxxxxxxxxxxxxxxxx'),(164,'下载1.jpg','广告164内容：xxxxxxxxxxxxxxxxxxxxxxxxxxxxxxxxxxxxxxxxxxxx'),(165,'下载1.jpg','广告165内容：xxxxxxxxxxxxxxxxxxxxxxxxxxxxxxxxxxxxxxxxxxxx'),(166,'下载1.jpg','广告166内容：xxxxxxxxxxxxxxxxxxxxxxxxxxxxxxxxxxxxxxxxxxxx'),(167,'下载1.jpg','广告167内容：xxxxxxxxxxxxxxxxxxxxxxxxxxxxxxxxxxxxxxxxxxxx'),(168,'下载1.jpg','广告168内容：xxxxxxxxxxxxxxxxxxxxxxxxxxxxxxxxxxxxxxxxxxxx'),(169,'下载1.jpg','广告169内容：xxxxxxxxxxxxxxxxxxxxxxxxxxxxxxxxxxxxxxxxxxxx'),(170,'下载1.jpg','广告170内容：xxxxxxxxxxxxxxxxxxxxxxxxxxxxxxxxxxxxxxxxxxxx'),(171,'下载1.jpg','广告171内容：xxxxxxxxxxxxxxxxxxxxxxxxxxxxxxxxxxxxxxxxxxxx'),(172,'下载1.jpg','广告172内容：xxxxxxxxxxxxxxxxxxxxxxxxxxxxxxxxxxxxxxxxxxxx'),(173,'下载1.jpg','广告173内容：xxxxxxxxxxxxxxxxxxxxxxxxxxxxxxxxxxxxxxxxxxxx'),(174,'下载1.jpg','广告174内容：xxxxxxxxxxxxxxxxxxxxxxxxxxxxxxxxxxxxxxxxxxxx'),(175,'下载1.jpg','广告175内容：xxxxxxxxxxxxxxxxxxxxxxxxxxxxxxxxxxxxxxxxxxxx'),(176,'下载1.jpg','广告176内容：xxxxxxxxxxxxxxxxxxxxxxxxxxxxxxxxxxxxxxxxxxxx'),(177,'下载1.jpg','广告177内容：xxxxxxxxxxxxxxxxxxxxxxxxxxxxxxxxxxxxxxxxxxxx'),(178,'下载1.jpg','广告178内容：xxxxxxxxxxxxxxxxxxxxxxxxxxxxxxxxxxxxxxxxxxxx'),(179,'下载1.jpg','广告179内容：xxxxxxxxxxxxxxxxxxxxxxxxxxxxxxxxxxxxxxxxxxxx'),(180,'下载1.jpg','广告180内容：xxxxxxxxxxxxxxxxxxxxxxxxxxxxxxxxxxxxxxxxxxxx'),(181,'下载1.jpg','广告181内容：xxxxxxxxxxxxxxxxxxxxxxxxxxxxxxxxxxxxxxxxxxxx'),(182,'下载1.jpg','广告182内容：xxxxxxxxxxxxxxxxxxxxxxxxxxxxxxxxxxxxxxxxxxxx'),(183,'下载1.jpg','广告183内容：xxxxxxxxxxxxxxxxxxxxxxxxxxxxxxxxxxxxxxxxxxxx'),(184,'下载1.jpg','广告184内容：xxxxxxxxxxxxxxxxxxxxxxxxxxxxxxxxxxxxxxxxxxxx'),(185,'下载1.jpg','广告185内容：xxxxxxxxxxxxxxxxxxxxxxxxxxxxxxxxxxxxxxxxxxxx'),(186,'下载1.jpg','广告186内容：xxxxxxxxxxxxxxxxxxxxxxxxxxxxxxxxxxxxxxxxxxxx'),(187,'下载1.jpg','广告187内容：xxxxxxxxxxxxxxxxxxxxxxxxxxxxxxxxxxxxxxxxxxxx'),(188,'下载1.jpg','广告188内容：xxxxxxxxxxxxxxxxxxxxxxxxxxxxxxxxxxxxxxxxxxxx'),(189,'下载1.jpg','广告189内容：xxxxxxxxxxxxxxxxxxxxxxxxxxxxxxxxxxxxxxxxxxxx'),(190,'下载1.jpg','广告190内容：xxxxxxxxxxxxxxxxxxxxxxxxxxxxxxxxxxxxxxxxxxxx'),(191,'下载1.jpg','广告191内容：xxxxxxxxxxxxxxxxxxxxxxxxxxxxxxxxxxxxxxxxxxxx'),(192,'下载1.jpg','广告192内容：xxxxxxxxxxxxxxxxxxxxxxxxxxxxxxxxxxxxxxxxxxxx'),(193,'下载1.jpg','广告193内容：xxxxxxxxxxxxxxxxxxxxxxxxxxxxxxxxxxxxxxxxxxxx'),(194,'下载1.jpg','广告194内容：xxxxxxxxxxxxxxxxxxxxxxxxxxxxxxxxxxxxxxxxxxxx'),(195,'下载1.jpg','广告195内容：xxxxxxxxxxxxxxxxxxxxxxxxxxxxxxxxxxxxxxxxxxxx'),(196,'下载1.jpg','广告196内容：xxxxxxxxxxxxxxxxxxxxxxxxxxxxxxxxxxxxxxxxxxxx'),(197,'下载1.jpg','广告197内容：xxxxxxxxxxxxxxxxxxxxxxxxxxxxxxxxxxxxxxxxxxxx'),(198,'下载1.jpg','广告198内容：xxxxxxxxxxxxxxxxxxxxxxxxxxxxxxxxxxxxxxxxxxxx'),(199,'下载1.jpg','广告199内容：xxxxxxxxxxxxxxxxxxxxxxxxxxxxxxxxxxxxxxxxxxxx'),(200,'下载1.jpg','广告200内容：xxxxxxxxxxxxxxxxxxxxxxxxxxxxxxxxxxxxxxxxxxxx'),(201,'下载1.jpg','广告201内容：xxxxxxxxxxxxxxxxxxxxxxxxxxxxxxxxxxxxxxxxxxxx'),(202,'下载1.jpg','广告202内容：xxxxxxxxxxxxxxxxxxxxxxxxxxxxxxxxxxxxxxxxxxxx'),(203,'下载1.jpg','广告203内容：xxxxxxxxxxxxxxxxxxxxxxxxxxxxxxxxxxxxxxxxxxxx'),(204,'下载1.jpg','广告204内容：xxxxxxxxxxxxxxxxxxxxxxxxxxxxxxxxxxxxxxxxxxxx'),(205,'下载1.jpg','广告205内容：xxxxxxxxxxxxxxxxxxxxxxxxxxxxxxxxxxxxxxxxxxxx'),(206,'下载1.jpg','广告206内容：xxxxxxxxxxxxxxxxxxxxxxxxxxxxxxxxxxxxxxxxxxxx'),(207,'下载1.jpg','广告207内容：xxxxxxxxxxxxxxxxxxxxxxxxxxxxxxxxxxxxxxxxxxxx'),(208,'下载1.jpg','广告208内容：xxxxxxxxxxxxxxxxxxxxxxxxxxxxxxxxxxxxxxxxxxxx'),(209,'下载1.jpg','广告209内容：xxxxxxxxxxxxxxxxxxxxxxxxxxxxxxxxxxxxxxxxxxxx'),(210,'下载1.jpg','广告210内容：xxxxxxxxxxxxxxxxxxxxxxxxxxxxxxxxxxxxxxxxxxxx'),(211,'下载1.jpg','广告211内容：xxxxxxxxxxxxxxxxxxxxxxxxxxxxxxxxxxxxxxxxxxxx'),(212,'下载1.jpg','广告212内容：xxxxxxxxxxxxxxxxxxxxxxxxxxxxxxxxxxxxxxxxxxxx'),(213,'下载1.jpg','广告213内容：xxxxxxxxxxxxxxxxxxxxxxxxxxxxxxxxxxxxxxxxxxxx'),(214,'下载1.jpg','广告214内容：xxxxxxxxxxxxxxxxxxxxxxxxxxxxxxxxxxxxxxxxxxxx'),(215,'下载1.jpg','广告215内容：xxxxxxxxxxxxxxxxxxxxxxxxxxxxxxxxxxxxxxxxxxxx'),(216,'下载1.jpg','广告216内容：xxxxxxxxxxxxxxxxxxxxxxxxxxxxxxxxxxxxxxxxxxxx'),(217,'下载1.jpg','广告217内容：xxxxxxxxxxxxxxxxxxxxxxxxxxxxxxxxxxxxxxxxxxxx'),(218,'下载1.jpg','广告218内容：xxxxxxxxxxxxxxxxxxxxxxxxxxxxxxxxxxxxxxxxxxxx'),(219,'下载1.jpg','广告219内容：xxxxxxxxxxxxxxxxxxxxxxxxxxxxxxxxxxxxxxxxxxxx'),(220,'下载1.jpg','广告220内容：xxxxxxxxxxxxxxxxxxxxxxxxxxxxxxxxxxxxxxxxxxxx'),(221,'下载1.jpg','广告221内容：xxxxxxxxxxxxxxxxxxxxxxxxxxxxxxxxxxxxxxxxxxxx'),(222,'下载1.jpg','广告222内容：xxxxxxxxxxxxxxxxxxxxxxxxxxxxxxxxxxxxxxxxxxxx'),(223,'下载1.jpg','广告223内容：xxxxxxxxxxxxxxxxxxxxxxxxxxxxxxxxxxxxxxxxxxxx'),(224,'下载1.jpg','广告224内容：xxxxxxxxxxxxxxxxxxxxxxxxxxxxxxxxxxxxxxxxxxxx'),(225,'下载1.jpg','广告225内容：xxxxxxxxxxxxxxxxxxxxxxxxxxxxxxxxxxxxxxxxxxxx'),(226,'下载1.jpg','广告226内容：xxxxxxxxxxxxxxxxxxxxxxxxxxxxxxxxxxxxxxxxxxxx'),(227,'下载1.jpg','广告227内容：xxxxxxxxxxxxxxxxxxxxxxxxxxxxxxxxxxxxxxxxxxxx'),(228,'下载1.jpg','广告228内容：xxxxxxxxxxxxxxxxxxxxxxxxxxxxxxxxxxxxxxxxxxxx'),(229,'下载1.jpg','广告229内容：xxxxxxxxxxxxxxxxxxxxxxxxxxxxxxxxxxxxxxxxxxxx'),(230,'下载1.jpg','广告230内容：xxxxxxxxxxxxxxxxxxxxxxxxxxxxxxxxxxxxxxxxxxxx'),(231,'下载1.jpg','广告231内容：xxxxxxxxxxxxxxxxxxxxxxxxxxxxxxxxxxxxxxxxxxxx'),(232,'下载1.jpg','广告232内容：xxxxxxxxxxxxxxxxxxxxxxxxxxxxxxxxxxxxxxxxxxxx'),(233,'下载1.jpg','广告233内容：xxxxxxxxxxxxxxxxxxxxxxxxxxxxxxxxxxxxxxxxxxxx'),(234,'下载1.jpg','广告234内容：xxxxxxxxxxxxxxxxxxxxxxxxxxxxxxxxxxxxxxxxxxxx'),(235,'下载1.jpg','广告235内容：xxxxxxxxxxxxxxxxxxxxxxxxxxxxxxxxxxxxxxxxxxxx'),(236,'下载1.jpg','广告236内容：xxxxxxxxxxxxxxxxxxxxxxxxxxxxxxxxxxxxxxxxxxxx'),(237,'下载1.jpg','广告237内容：xxxxxxxxxxxxxxxxxxxxxxxxxxxxxxxxxxxxxxxxxxxx'),(238,'下载1.jpg','广告238内容：xxxxxxxxxxxxxxxxxxxxxxxxxxxxxxxxxxxxxxxxxxxx'),(239,'下载1.jpg','广告239内容：xxxxxxxxxxxxxxxxxxxxxxxxxxxxxxxxxxxxxxxxxxxx'),(240,'下载1.jpg','广告240内容：xxxxxxxxxxxxxxxxxxxxxxxxxxxxxxxxxxxxxxxxxxxx'),(241,'下载1.jpg','广告241内容：xxxxxxxxxxxxxxxxxxxxxxxxxxxxxxxxxxxxxxxxxxxx'),(242,'下载1.jpg','广告242内容：xxxxxxxxxxxxxxxxxxxxxxxxxxxxxxxxxxxxxxxxxxxx'),(243,'下载1.jpg','广告243内容：xxxxxxxxxxxxxxxxxxxxxxxxxxxxxxxxxxxxxxxxxxxx'),(244,'下载1.jpg','广告244内容：xxxxxxxxxxxxxxxxxxxxxxxxxxxxxxxxxxxxxxxxxxxx'),(245,'下载1.jpg','广告245内容：xxxxxxxxxxxxxxxxxxxxxxxxxxxxxxxxxxxxxxxxxxxx'),(246,'下载1.jpg','广告246内容：xxxxxxxxxxxxxxxxxxxxxxxxxxxxxxxxxxxxxxxxxxxx'),(247,'下载1.jpg','广告247内容：xxxxxxxxxxxxxxxxxxxxxxxxxxxxxxxxxxxxxxxxxxxx'),(248,'下载1.jpg','广告248内容：xxxxxxxxxxxxxxxxxxxxxxxxxxxxxxxxxxxxxxxxxxxx'),(249,'下载1.jpg','广告249内容：xxxxxxxxxxxxxxxxxxxxxxxxxxxxxxxxxxxxxxxxxxxx'),(250,'下载1.jpg','广告250内容：xxxxxxxxxxxxxxxxxxxxxxxxxxxxxxxxxxxxxxxxxxxx'),(251,'下载1.jpg','广告251内容：xxxxxxxxxxxxxxxxxxxxxxxxxxxxxxxxxxxxxxxxxxxx'),(252,'下载1.jpg','广告252内容：xxxxxxxxxxxxxxxxxxxxxxxxxxxxxxxxxxxxxxxxxxxx'),(253,'下载1.jpg','广告253内容：xxxxxxxxxxxxxxxxxxxxxxxxxxxxxxxxxxxxxxxxxxxx'),(254,'下载1.jpg','广告254内容：xxxxxxxxxxxxxxxxxxxxxxxxxxxxxxxxxxxxxxxxxxxx'),(255,'下载1.jpg','广告255内容：xxxxxxxxxxxxxxxxxxxxxxxxxxxxxxxxxxxxxxxxxxxx'),(256,'下载1.jpg','广告256内容：xxxxxxxxxxxxxxxxxxxxxxxxxxxxxxxxxxxxxxxxxxxx'),(257,'下载1.jpg','广告257内容：xxxxxxxxxxxxxxxxxxxxxxxxxxxxxxxxxxxxxxxxxxxx'),(258,'下载1.jpg','广告258内容：xxxxxxxxxxxxxxxxxxxxxxxxxxxxxxxxxxxxxxxxxxxx'),(259,'下载1.jpg','广告259内容：xxxxxxxxxxxxxxxxxxxxxxxxxxxxxxxxxxxxxxxxxxxx'),(260,'下载1.jpg','广告260内容：xxxxxxxxxxxxxxxxxxxxxxxxxxxxxxxxxxxxxxxxxxxx'),(261,'下载1.jpg','广告261内容：xxxxxxxxxxxxxxxxxxxxxxxxxxxxxxxxxxxxxxxxxxxx'),(262,'下载1.jpg','广告262内容：xxxxxxxxxxxxxxxxxxxxxxxxxxxxxxxxxxxxxxxxxxxx'),(263,'下载1.jpg','广告263内容：xxxxxxxxxxxxxxxxxxxxxxxxxxxxxxxxxxxxxxxxxxxx'),(264,'下载1.jpg','广告264内容：xxxxxxxxxxxxxxxxxxxxxxxxxxxxxxxxxxxxxxxxxxxx'),(265,'下载1.jpg','广告265内容：xxxxxxxxxxxxxxxxxxxxxxxxxxxxxxxxxxxxxxxxxxxx'),(266,'下载1.jpg','广告266内容：xxxxxxxxxxxxxxxxxxxxxxxxxxxxxxxxxxxxxxxxxxxx'),(267,'下载1.jpg','广告267内容：xxxxxxxxxxxxxxxxxxxxxxxxxxxxxxxxxxxxxxxxxxxx'),(268,'下载1.jpg','广告268内容：xxxxxxxxxxxxxxxxxxxxxxxxxxxxxxxxxxxxxxxxxxxx'),(269,'下载1.jpg','广告269内容：xxxxxxxxxxxxxxxxxxxxxxxxxxxxxxxxxxxxxxxxxxxx'),(270,'下载1.jpg','广告270内容：xxxxxxxxxxxxxxxxxxxxxxxxxxxxxxxxxxxxxxxxxxxx'),(271,'下载1.jpg','广告271内容：xxxxxxxxxxxxxxxxxxxxxxxxxxxxxxxxxxxxxxxxxxxx'),(272,'下载1.jpg','广告272内容：xxxxxxxxxxxxxxxxxxxxxxxxxxxxxxxxxxxxxxxxxxxx'),(273,'下载1.jpg','广告273内容：xxxxxxxxxxxxxxxxxxxxxxxxxxxxxxxxxxxxxxxxxxxx'),(274,'下载1.jpg','广告274内容：xxxxxxxxxxxxxxxxxxxxxxxxxxxxxxxxxxxxxxxxxxxx'),(275,'下载1.jpg','广告275内容：xxxxxxxxxxxxxxxxxxxxxxxxxxxxxxxxxxxxxxxxxxxx'),(276,'下载1.jpg','广告276内容：xxxxxxxxxxxxxxxxxxxxxxxxxxxxxxxxxxxxxxxxxxxx'),(277,'下载1.jpg','广告277内容：xxxxxxxxxxxxxxxxxxxxxxxxxxxxxxxxxxxxxxxxxxxx'),(278,'下载1.jpg','广告278内容：xxxxxxxxxxxxxxxxxxxxxxxxxxxxxxxxxxxxxxxxxxxx'),(279,'下载1.jpg','广告279内容：xxxxxxxxxxxxxxxxxxxxxxxxxxxxxxxxxxxxxxxxxxxx'),(280,'下载1.jpg','广告280内容：xxxxxxxxxxxxxxxxxxxxxxxxxxxxxxxxxxxxxxxxxxxx'),(281,'下载1.jpg','广告281内容：xxxxxxxxxxxxxxxxxxxxxxxxxxxxxxxxxxxxxxxxxxxx'),(282,'下载1.jpg','广告282内容：xxxxxxxxxxxxxxxxxxxxxxxxxxxxxxxxxxxxxxxxxxxx'),(283,'下载1.jpg','广告283内容：xxxxxxxxxxxxxxxxxxxxxxxxxxxxxxxxxxxxxxxxxxxx'),(284,'下载1.jpg','广告284内容：xxxxxxxxxxxxxxxxxxxxxxxxxxxxxxxxxxxxxxxxxxxx'),(285,'下载1.jpg','广告285内容：xxxxxxxxxxxxxxxxxxxxxxxxxxxxxxxxxxxxxxxxxxxx'),(286,'下载1.jpg','广告286内容：xxxxxxxxxxxxxxxxxxxxxxxxxxxxxxxxxxxxxxxxxxxx'),(287,'下载1.jpg','广告287内容：xxxxxxxxxxxxxxxxxxxxxxxxxxxxxxxxxxxxxxxxxxxx'),(288,'下载1.jpg','广告288内容：xxxxxxxxxxxxxxxxxxxxxxxxxxxxxxxxxxxxxxxxxxxx'),(289,'下载1.jpg','广告289内容：xxxxxxxxxxxxxxxxxxxxxxxxxxxxxxxxxxxxxxxxxxxx'),(290,'下载1.jpg','广告290内容：xxxxxxxxxxxxxxxxxxxxxxxxxxxxxxxxxxxxxxxxxxxx'),(291,'下载1.jpg','广告291内容：xxxxxxxxxxxxxxxxxxxxxxxxxxxxxxxxxxxxxxxxxxxx'),(292,'下载1.jpg','广告292内容：xxxxxxxxxxxxxxxxxxxxxxxxxxxxxxxxxxxxxxxxxxxx'),(293,'下载1.jpg','广告293内容：xxxxxxxxxxxxxxxxxxxxxxxxxxxxxxxxxxxxxxxxxxxx'),(294,'下载1.jpg','广告294内容：xxxxxxxxxxxxxxxxxxxxxxxxxxxxxxxxxxxxxxxxxxxx'),(295,'下载1.jpg','广告295内容：xxxxxxxxxxxxxxxxxxxxxxxxxxxxxxxxxxxxxxxxxxxx'),(296,'下载1.jpg','广告296内容：xxxxxxxxxxxxxxxxxxxxxxxxxxxxxxxxxxxxxxxxxxxx'),(297,'下载1.jpg','广告297内容：xxxxxxxxxxxxxxxxxxxxxxxxxxxxxxxxxxxxxxxxxxxx'),(298,'下载1.jpg','广告298内容：xxxxxxxxxxxxxxxxxxxxxxxxxxxxxxxxxxxxxxxxxxxx'),(299,'下载1.jpg','广告299内容：xxxxxxxxxxxxxxxxxxxxxxxxxxxxxxxxxxxxxxxxxxxx'),(300,'下载1.jpg','广告300内容：xxxxxxxxxxxxxxxxxxxxxxxxxxxxxxxxxxxxxxxxxxxx'),(301,'下载1.jpg','广告301内容：xxxxxxxxxxxxxxxxxxxxxxxxxxxxxxxxxxxxxxxxxxxx'),(302,'下载1.jpg','广告302内容：xxxxxxxxxxxxxxxxxxxxxxxxxxxxxxxxxxxxxxxxxxxx'),(303,'下载1.jpg','广告303内容：xxxxxxxxxxxxxxxxxxxxxxxxxxxxxxxxxxxxxxxxxxxx'),(304,'下载1.jpg','广告304内容：xxxxxxxxxxxxxxxxxxxxxxxxxxxxxxxxxxxxxxxxxxxx'),(305,'下载1.jpg','广告305内容：xxxxxxxxxxxxxxxxxxxxxxxxxxxxxxxxxxxxxxxxxxxx'),(306,'下载1.jpg','广告306内容：xxxxxxxxxxxxxxxxxxxxxxxxxxxxxxxxxxxxxxxxxxxx'),(307,'下载1.jpg','广告307内容：xxxxxxxxxxxxxxxxxxxxxxxxxxxxxxxxxxxxxxxxxxxx'),(308,'下载1.jpg','广告308内容：xxxxxxxxxxxxxxxxxxxxxxxxxxxxxxxxxxxxxxxxxxxx'),(309,'下载1.jpg','广告309内容：xxxxxxxxxxxxxxxxxxxxxxxxxxxxxxxxxxxxxxxxxxxx'),(310,'下载1.jpg','广告310内容：xxxxxxxxxxxxxxxxxxxxxxxxxxxxxxxxxxxxxxxxxxxx'),(311,'下载1.jpg','广告311内容：xxxxxxxxxxxxxxxxxxxxxxxxxxxxxxxxxxxxxxxxxxxx'),(312,'下载1.jpg','广告312内容：xxxxxxxxxxxxxxxxxxxxxxxxxxxxxxxxxxxxxxxxxxxx'),(313,'下载1.jpg','广告313内容：xxxxxxxxxxxxxxxxxxxxxxxxxxxxxxxxxxxxxxxxxxxx'),(314,'下载1.jpg','广告314内容：xxxxxxxxxxxxxxxxxxxxxxxxxxxxxxxxxxxxxxxxxxxx'),(315,'下载1.jpg','广告315内容：xxxxxxxxxxxxxxxxxxxxxxxxxxxxxxxxxxxxxxxxxxxx'),(316,'下载1.jpg','广告316内容：xxxxxxxxxxxxxxxxxxxxxxxxxxxxxxxxxxxxxxxxxxxx'),(317,'下载1.jpg','广告317内容：xxxxxxxxxxxxxxxxxxxxxxxxxxxxxxxxxxxxxxxxxxxx'),(318,'下载1.jpg','广告318内容：xxxxxxxxxxxxxxxxxxxxxxxxxxxxxxxxxxxxxxxxxxxx'),(319,'下载1.jpg','广告319内容：xxxxxxxxxxxxxxxxxxxxxxxxxxxxxxxxxxxxxxxxxxxx'),(320,'下载1.jpg','广告320内容：xxxxxxxxxxxxxxxxxxxxxxxxxxxxxxxxxxxxxxxxxxxx'),(321,'下载1.jpg','广告321内容：xxxxxxxxxxxxxxxxxxxxxxxxxxxxxxxxxxxxxxxxxxxx'),(322,'下载1.jpg','广告322内容：xxxxxxxxxxxxxxxxxxxxxxxxxxxxxxxxxxxxxxxxxxxx'),(323,'下载1.jpg','广告323内容：xxxxxxxxxxxxxxxxxxxxxxxxxxxxxxxxxxxxxxxxxxxx'),(324,'下载1.jpg','广告324内容：xxxxxxxxxxxxxxxxxxxxxxxxxxxxxxxxxxxxxxxxxxxx'),(325,'下载1.jpg','广告325内容：xxxxxxxxxxxxxxxxxxxxxxxxxxxxxxxxxxxxxxxxxxxx'),(326,'下载1.jpg','广告326内容：xxxxxxxxxxxxxxxxxxxxxxxxxxxxxxxxxxxxxxxxxxxx'),(327,'下载1.jpg','广告327内容：xxxxxxxxxxxxxxxxxxxxxxxxxxxxxxxxxxxxxxxxxxxx'),(328,'下载1.jpg','广告328内容：xxxxxxxxxxxxxxxxxxxxxxxxxxxxxxxxxxxxxxxxxxxx'),(329,'下载1.jpg','广告329内容：xxxxxxxxxxxxxxxxxxxxxxxxxxxxxxxxxxxxxxxxxxxx'),(330,'下载1.jpg','广告330内容：xxxxxxxxxxxxxxxxxxxxxxxxxxxxxxxxxxxxxxxxxxxx'),(331,'下载1.jpg','广告331内容：xxxxxxxxxxxxxxxxxxxxxxxxxxxxxxxxxxxxxxxxxxxx'),(332,'下载1.jpg','广告332内容：xxxxxxxxxxxxxxxxxxxxxxxxxxxxxxxxxxxxxxxxxxxx'),(333,'下载1.jpg','广告333内容：xxxxxxxxxxxxxxxxxxxxxxxxxxxxxxxxxxxxxxxxxxxx'),(334,'下载1.jpg','广告334内容：xxxxxxxxxxxxxxxxxxxxxxxxxxxxxxxxxxxxxxxxxxxx'),(335,'下载1.jpg','广告335内容：xxxxxxxxxxxxxxxxxxxxxxxxxxxxxxxxxxxxxxxxxxxx'),(336,'下载1.jpg','广告336内容：xxxxxxxxxxxxxxxxxxxxxxxxxxxxxxxxxxxxxxxxxxxx'),(337,'下载1.jpg','广告337内容：xxxxxxxxxxxxxxxxxxxxxxxxxxxxxxxxxxxxxxxxxxxx'),(338,'下载1.jpg','广告338内容：xxxxxxxxxxxxxxxxxxxxxxxxxxxxxxxxxxxxxxxxxxxx'),(339,'下载1.jpg','广告339内容：xxxxxxxxxxxxxxxxxxxxxxxxxxxxxxxxxxxxxxxxxxxx'),(340,'下载1.jpg','广告340内容：xxxxxxxxxxxxxxxxxxxxxxxxxxxxxxxxxxxxxxxxxxxx'),(341,'下载1.jpg','广告341内容：xxxxxxxxxxxxxxxxxxxxxxxxxxxxxxxxxxxxxxxxxxxx'),(342,'下载1.jpg','广告342内容：xxxxxxxxxxxxxxxxxxxxxxxxxxxxxxxxxxxxxxxxxxxx'),(343,'下载1.jpg','广告343内容：xxxxxxxxxxxxxxxxxxxxxxxxxxxxxxxxxxxxxxxxxxxx'),(344,'下载1.jpg','广告344内容：xxxxxxxxxxxxxxxxxxxxxxxxxxxxxxxxxxxxxxxxxxxx'),(345,'下载1.jpg','广告345内容：xxxxxxxxxxxxxxxxxxxxxxxxxxxxxxxxxxxxxxxxxxxx'),(346,'下载1.jpg','广告346内容：xxxxxxxxxxxxxxxxxxxxxxxxxxxxxxxxxxxxxxxxxxxx'),(347,'下载1.jpg','广告347内容：xxxxxxxxxxxxxxxxxxxxxxxxxxxxxxxxxxxxxxxxxxxx'),(348,'下载1.jpg','广告348内容：xxxxxxxxxxxxxxxxxxxxxxxxxxxxxxxxxxxxxxxxxxxx'),(349,'下载1.jpg','广告349内容：xxxxxxxxxxxxxxxxxxxxxxxxxxxxxxxxxxxxxxxxxxxx'),(350,'下载1.jpg','广告350内容：xxxxxxxxxxxxxxxxxxxxxxxxxxxxxxxxxxxxxxxxxxxx'),(351,'下载1.jpg','广告351内容：xxxxxxxxxxxxxxxxxxxxxxxxxxxxxxxxxxxxxxxxxxxx'),(352,'下载1.jpg','广告352内容：xxxxxxxxxxxxxxxxxxxxxxxxxxxxxxxxxxxxxxxxxxxx'),(353,'下载1.jpg','广告353内容：xxxxxxxxxxxxxxxxxxxxxxxxxxxxxxxxxxxxxxxxxxxx'),(354,'下载1.jpg','广告354内容：xxxxxxxxxxxxxxxxxxxxxxxxxxxxxxxxxxxxxxxxxxxx'),(355,'下载1.jpg','广告355内容：xxxxxxxxxxxxxxxxxxxxxxxxxxxxxxxxxxxxxxxxxxxx'),(356,'下载1.jpg','广告356内容：xxxxxxxxxxxxxxxxxxxxxxxxxxxxxxxxxxxxxxxxxxxx'),(357,'下载1.jpg','广告357内容：xxxxxxxxxxxxxxxxxxxxxxxxxxxxxxxxxxxxxxxxxxxx'),(358,'下载1.jpg','广告358内容：xxxxxxxxxxxxxxxxxxxxxxxxxxxxxxxxxxxxxxxxxxxx'),(359,'下载1.jpg','广告359内容：xxxxxxxxxxxxxxxxxxxxxxxxxxxxxxxxxxxxxxxxxxxx'),(360,'下载1.jpg','广告360内容：xxxxxxxxxxxxxxxxxxxxxxxxxxxxxxxxxxxxxxxxxxxx'),(361,'下载1.jpg','广告361内容：xxxxxxxxxxxxxxxxxxxxxxxxxxxxxxxxxxxxxxxxxxxx'),(362,'下载1.jpg','广告362内容：xxxxxxxxxxxxxxxxxxxxxxxxxxxxxxxxxxxxxxxxxxxx'),(363,'下载1.jpg','广告363内容：xxxxxxxxxxxxxxxxxxxxxxxxxxxxxxxxxxxxxxxxxxxx'),(364,'下载1.jpg','广告364内容：xxxxxxxxxxxxxxxxxxxxxxxxxxxxxxxxxxxxxxxxxxxx'),(365,'下载1.jpg','广告365内容：xxxxxxxxxxxxxxxxxxxxxxxxxxxxxxxxxxxxxxxxxxxx'),(366,'下载1.jpg','广告366内容：xxxxxxxxxxxxxxxxxxxxxxxxxxxxxxxxxxxxxxxxxxxx'),(367,'下载1.jpg','广告367内容：xxxxxxxxxxxxxxxxxxxxxxxxxxxxxxxxxxxxxxxxxxxx'),(368,'下载1.jpg','广告368内容：xxxxxxxxxxxxxxxxxxxxxxxxxxxxxxxxxxxxxxxxxxxx'),(369,'下载1.jpg','广告369内容：xxxxxxxxxxxxxxxxxxxxxxxxxxxxxxxxxxxxxxxxxxxx'),(370,'下载1.jpg','广告370内容：xxxxxxxxxxxxxxxxxxxxxxxxxxxxxxxxxxxxxxxxxxxx'),(371,'下载1.jpg','广告371内容：xxxxxxxxxxxxxxxxxxxxxxxxxxxxxxxxxxxxxxxxxxxx'),(372,'下载1.jpg','广告372内容：xxxxxxxxxxxxxxxxxxxxxxxxxxxxxxxxxxxxxxxxxxxx'),(373,'下载1.jpg','广告373内容：xxxxxxxxxxxxxxxxxxxxxxxxxxxxxxxxxxxxxxxxxxxx'),(374,'下载1.jpg','广告374内容：xxxxxxxxxxxxxxxxxxxxxxxxxxxxxxxxxxxxxxxxxxxx'),(375,'下载1.jpg','广告375内容：xxxxxxxxxxxxxxxxxxxxxxxxxxxxxxxxxxxxxxxxxxxx'),(376,'下载1.jpg','广告376内容：xxxxxxxxxxxxxxxxxxxxxxxxxxxxxxxxxxxxxxxxxxxx'),(377,'下载1.jpg','广告377内容：xxxxxxxxxxxxxxxxxxxxxxxxxxxxxxxxxxxxxxxxxxxx'),(378,'下载1.jpg','广告378内容：xxxxxxxxxxxxxxxxxxxxxxxxxxxxxxxxxxxxxxxxxxxx'),(379,'下载1.jpg','广告379内容：xxxxxxxxxxxxxxxxxxxxxxxxxxxxxxxxxxxxxxxxxxxx'),(380,'下载1.jpg','广告380内容：xxxxxxxxxxxxxxxxxxxxxxxxxxxxxxxxxxxxxxxxxxxx'),(381,'下载1.jpg','广告381内容：xxxxxxxxxxxxxxxxxxxxxxxxxxxxxxxxxxxxxxxxxxxx'),(382,'下载1.jpg','广告382内容：xxxxxxxxxxxxxxxxxxxxxxxxxxxxxxxxxxxxxxxxxxxx'),(383,'下载1.jpg','广告383内容：xxxxxxxxxxxxxxxxxxxxxxxxxxxxxxxxxxxxxxxxxxxx'),(384,'下载1.jpg','广告384内容：xxxxxxxxxxxxxxxxxxxxxxxxxxxxxxxxxxxxxxxxxxxx'),(385,'下载1.jpg','广告385内容：xxxxxxxxxxxxxxxxxxxxxxxxxxxxxxxxxxxxxxxxxxxx'),(386,'下载1.jpg','广告386内容：xxxxxxxxxxxxxxxxxxxxxxxxxxxxxxxxxxxxxxxxxxxx'),(387,'下载1.jpg','广告387内容：xxxxxxxxxxxxxxxxxxxxxxxxxxxxxxxxxxxxxxxxxxxx'),(388,'下载1.jpg','广告388内容：xxxxxxxxxxxxxxxxxxxxxxxxxxxxxxxxxxxxxxxxxxxx'),(389,'下载1.jpg','广告389内容：xxxxxxxxxxxxxxxxxxxxxxxxxxxxxxxxxxxxxxxxxxxx'),(390,'下载1.jpg','广告390内容：xxxxxxxxxxxxxxxxxxxxxxxxxxxxxxxxxxxxxxxxxxxx'),(391,'下载1.jpg','广告391内容：xxxxxxxxxxxxxxxxxxxxxxxxxxxxxxxxxxxxxxxxxxxx'),(392,'下载1.jpg','广告392内容：xxxxxxxxxxxxxxxxxxxxxxxxxxxxxxxxxxxxxxxxxxxx'),(393,'下载1.jpg','广告393内容：xxxxxxxxxxxxxxxxxxxxxxxxxxxxxxxxxxxxxxxxxxxx'),(394,'下载1.jpg','广告394内容：xxxxxxxxxxxxxxxxxxxxxxxxxxxxxxxxxxxxxxxxxxxx'),(395,'下载1.jpg','广告395内容：xxxxxxxxxxxxxxxxxxxxxxxxxxxxxxxxxxxxxxxxxxxx'),(396,'下载1.jpg','广告396内容：xxxxxxxxxxxxxxxxxxxxxxxxxxxxxxxxxxxxxxxxxxxx'),(397,'下载1.jpg','广告397内容：xxxxxxxxxxxxxxxxxxxxxxxxxxxxxxxxxxxxxxxxxxxx'),(398,'下载1.jpg','广告398内容：xxxxxxxxxxxxxxxxxxxxxxxxxxxxxxxxxxxxxxxxxxxx'),(399,'下载1.jpg','广告399内容：xxxxxxxxxxxxxxxxxxxxxxxxxxxxxxxxxxxxxxxxxxxx'),(400,'下载1.jpg','广告400内容：xxxxxxxxxxxxxxxxxxxxxxxxxxxxxxxxxxxxxxxxxxxx'),(401,'下载1.jpg','HGD406'),(402,'下载1.jpg','HGD406'),(403,'下载1.jpg','阴阳师ssr八岐大蛇'),(404,'下载1.jpg','广告：类图');

#
# Structure for table "block"
#

CREATE TABLE `block` (
  `block` varchar(20) NOT NULL,
  `phonenum` char(11) NOT NULL,
  PRIMARY KEY (`block`),
  KEY `phonenum` (`phonenum`),
  CONSTRAINT `block_ibfk_1` FOREIGN KEY (`phonenum`) REFERENCES `admin` (`phonenum`)
) ENGINE=InnoDB DEFAULT CHARSET=utf8;

#
# Data for table "block"
#

REPLACE INTO `block` VALUES ('上海','18324746136'),('云南','18324746129'),('北京','18324746131'),('吉林','18324746149'),('四川','18324746156'),('天津','18324746141'),('安徽','18324746146'),('山东','18324746136'),('山西','18324746129'),('广东','18324746166'),('新疆','18324746126'),('江苏','18324746151'),('甘肃','18324746135'),('福建','18324746161'),('黑龙江','18324746126');

#
# Structure for table "user"
#

CREATE TABLE `user` (
  `wxid` varchar(20) NOT NULL,
  `nickname` varchar(20) NOT NULL,
  `role` int(11) NOT NULL,
  `region` varchar(20) NOT NULL,
  `phonenum` varchar(20) NOT NULL,
  `forbidden` int(11) NOT NULL,
  PRIMARY KEY (`wxid`)
) ENGINE=InnoDB DEFAULT CHARSET=utf8;

#
# Data for table "user"
#

REPLACE INTO `user` VALUES ('Running','Running',4,'1','',0),('Running001','Runner001',4,'北京','18324746125',0),('Running002','Runner002',3,'北京','18324746127',0),('Running003','Runner003',2,'北京','18324746128',1),('Running004','Runner004',4,'北京','18324746129',0),('Running005','Runner005',0,'北京','18324746130',0),('Running006','Runner006',4,'北京','18324746131',0),('Running007','Runner007',3,'北京','18324746132',0),('Running008','Runner008',2,'北京','18324746133',0),('Running009','Runner009',1,'北京','18324746134',0),('Running010','Runner010',4,'北京','18324746135',0),('Running011','Runner011',4,'北京','18324746136',0),('Running012','Runner012',3,'北京','18324746137',0),('Running013','Runner013',2,'北京','18324746138',0),('Running014','Runner014',1,'北京','18324746139',0),('Running015','Runner015',0,'北京','18324746140',0),('Running016','Runner016',4,'北京','18324746141',0),('Running017','Runner017',3,'北京','18324746142',0),('Running018','Runner018',2,'北京','18324746143',0),('Running019','Runner019',1,'北京','18324746144',0),('Running020','Runner020',0,'北京','18324746145',0),('Running021','Runner021',4,'北京','18324746146',0),('Running022','Runner022',3,'北京','18324746147',0),('Running023','Runner023',2,'北京','18324746148',0),('Running024','Runner024',4,'北京','18324746149',0),('Running025','Runner025',0,'北京','18324746150',0),('Running026','Runner026',4,'北京','18324746151',0),('Running027','Runner027',3,'北京','18324746152',0),('Running028','Runner028',2,'北京','18324746153',0),('Running029','Runner029',1,'北京','18324746154',0),('Running030','Runner030',0,'上海','18324746155',0),('Running031','Runner031',4,'上海','18324746156',0),('Running032','Runner032',3,'上海','18324746157',0),('Running033','Runner033',2,'上海','18324746158',0),('Running034','Runner034',1,'上海','18324746159',0),('Running035','Runner035',0,'上海','18324746160',0),('Running036','Runner036',4,'上海','18324746161',0),('Running037','Runner037',3,'上海','18324746162',0),('Running038','Runner038',2,'上海','18324746163',0),('Running039','Runner039',1,'上海','18324746164',0),('Running040','Runner040',0,'上海','18324746165',0),('Running041','Runner041',4,'上海','18324746166',0),('Running042','Runner042',3,'上海','18324746167',0),('Running043','Runner043',2,'上海','18324746168',0),('Running044','Runner044',1,'上海','18324746169',0),('Running045','Runner045',0,'上海','18324746170',0),('Running046','Runner046',4,'上海','18324746171',0),('Running047','Runner047',3,'上海','18324746172',0),('Running048','Runner048',2,'上海','18324746173',0),('Running049','Runner049',1,'上海','18324746174',0),('Running050','Runner050',0,'上海','18324746175',0),('Running051','Runner051',4,'上海','18324746176',0),('Running052','Runner052',3,'上海','18324746177',0),('Running053','Runner053',2,'上海','18324746178',0),('Running054','Runner054',1,'上海','18324746179',0),('Running055','Runner055',0,'上海','18324746180',0),('Running056','Runner056',4,'上海','18324746181',0),('Running057','Runner057',3,'上海','18324746182',0),('Running058','Runner058',2,'上海','18324746183',0),('Running059','Runner059',1,'上海','18324746184',0),('Running060','Runner060',0,'天津','18324746185',0),('Running061','Runner061',4,'天津','18324746186',0),('Running062','Runner062',3,'天津','18324746187',0),('Running063','Runner063',2,'天津','18324746188',0),('Running064','Runner064',1,'天津','18324746189',0),('Running065','Runner065',0,'天津','18324746190',0),('Running066','Runner066',4,'天津','18324746191',0),('Running067','Runner067',3,'天津','18324746192',0),('Running068','Runner068',2,'天津','18324746193',0),('Running069','Runner069',1,'天津','18324746194',0),('Running070','Runner070',0,'天津','18324746195',0),('Running071','Runner071',4,'天津','18324746196',0),('Running072','Runner072',3,'天津','18324746197',0),('Running073','Runner073',2,'天津','18324746198',0),('Running074','Runner074',1,'天津','18324746199',0),('Running075','Runner075',0,'天津','18324746200',0),('Running076','Runner076',4,'天津','18324746201',0),('Running077','Runner077',3,'天津','18324746202',0),('Running078','Runner078',2,'天津','18324746203',0),('Running079','Runner079',1,'天津','18324746204',0),('Running080','Runner080',0,'天津','18324746205',0),('Running081','Runner081',4,'天津','18324746206',0),('Running082','Runner082',3,'天津','18324746207',0),('Running083','Runner083',2,'天津','18324746208',0),('Running084','Runner084',1,'天津','18324746209',0),('Running085','Runner085',0,'天津','18324746210',0),('Running086','Runner086',4,'天津','18324746211',0),('Running087','Runner087',3,'天津','18324746212',0),('Running088','Runner088',2,'天津','18324746213',0),('Running089','Runner089',1,'天津','18324746214',0),('Running090','Runner090',0,'重庆','18324746215',0),('Running091','Runner091',4,'重庆','18324746216',0),('Running092','Runner092',3,'重庆','18324746217',0),('Running093','Runner093',2,'重庆','18324746218',0),('Running094','Runner094',1,'重庆','18324746219',0),('Running095','Runner095',0,'重庆','18324746220',0),('Running096','Runner096',4,'重庆','18324746221',0),('Running097','Runner097',3,'重庆','18324746222',0),('Running098','Runner098',2,'重庆','18324746223',0),('Running099','Runner099',1,'重庆','18324746224',0),('Running100','Runner100',0,'重庆','18324746225',0),('Running101','Runner101',4,'重庆','18324746226',0),('Running102','Runner102',3,'重庆','18324746227',0),('Running103','Runner103',2,'重庆','18324746228',0),('Running104','Runner104',1,'重庆','18324746229',0),('Running105','Runner105',0,'重庆','18324746230',0),('Running106','Runner106',4,'重庆','18324746231',0),('Running107','Runner107',3,'重庆','18324746232',0),('Running108','Runner108',2,'重庆','18324746233',0),('Running109','Runner109',1,'重庆','18324746234',0),('Running110','Runner110',0,'重庆','18324746235',0),('Running111','Runner111',4,'重庆','18324746236',0),('Running112','Runner112',3,'重庆','18324746237',0),('Running113','Runner113',2,'重庆','18324746238',0),('Running114','Runner114',1,'重庆','18324746239',0),('Running115','Runner115',0,'重庆','18324746240',0),('Running116','Runner116',4,'重庆','18324746241',0),('Running117','Runner117',3,'重庆','18324746242',0),('Running118','Runner118',2,'重庆','18324746243',0),('Running119','Runner119',1,'河北','18324746244',0),('Running120','Runner120',0,'河北','18324746245',0),('Running121','Runner121',4,'河北','18324746246',0),('Running122','Runner122',3,'河北','18324746247',0),('Running123','Runner123',2,'河北','18324746248',0),('Running124','Runner124',1,'河北','18324746249',0),('Running125','Runner125',0,'河北','18324746250',0),('Running126','Runner126',4,'河北','18324746251',0),('Running127','Runner127',3,'河北','18324746252',0),('Running128','Runner128',2,'河北','18324746253',0),('Running129','Runner129',1,'河北','18324746254',0),('Running130','Runner130',0,'河北','18324746255',0),('Running131','Runner131',4,'河北','18324746256',0),('Running132','Runner132',3,'河北','18324746257',0),('Running133','Runner133',2,'河北','18324746258',0),('Running134','Runner134',1,'河北','18324746259',0),('Running135','Runner135',0,'河北','18324746260',0),('Running136','Runner136',4,'河北','18324746261',0),('Running137','Runner137',3,'河北','18324746262',0),('Running138','Runner138',2,'河北','18324746263',0),('Running139','Runner139',1,'河北','18324746264',0),('Running140','Runner140',0,'河北','18324746265',0),('Running141','Runner141',4,'河北','18324746266',0),('Running142','Runner142',3,'河北','18324746267',0),('Running143','Runner143',2,'河北','18324746268',0),('Running144','Runner144',1,'河北','18324746269',0),('Running145','Runner145',0,'河北','18324746270',0),('Running146','Runner146',4,'河北','18324746271',0),('Running147','Runner147',3,'河北','18324746272',0),('Running148','Runner148',2,'河北','18324746273',0),('Running149','Runner149',1,'山西','18324746274',0),('Running150','Runner150',0,'山西','18324746275',0),('Running151','Runner151',4,'山西','18324746276',0),('Running152','Runner152',3,'山西','18324746277',0),('Running153','Runner153',2,'山西','18324746278',0),('Running154','Runner154',1,'山西','18324746279',0),('Running155','Runner155',0,'山西','18324746280',0),('Running156','Runner156',4,'山西','18324746281',0),('Running157','Runner157',3,'山西','18324746282',0),('Running158','Runner158',2,'山西','18324746283',0),('Running159','Runner159',1,'山西','18324746284',0),('Running160','Runner160',0,'山西','18324746285',0),('Running161','Runner161',4,'山西','18324746286',0),('Running162','Runner162',3,'山西','18324746287',0),('Running163','Runner163',2,'山西','18324746288',0),('Running164','Runner164',1,'山西','18324746289',0),('Running165','Runner165',0,'山西','18324746290',0),('Running166','Runner166',4,'山西','18324746291',0),('Running167','Runner167',3,'山西','18324746292',0),('Running168','Runner168',2,'山西','18324746293',0),('Running169','Runner169',1,'山西','18324746294',0),('Running170','Runner170',0,'山西','18324746295',0),('Running171','Runner171',4,'山西','18324746296',0),('Running172','Runner172',3,'山西','18324746297',0),('Running173','Runner173',2,'山西','18324746298',0),('Running174','Runner174',1,'山西','18324746299',0),('Running175','Runner175',0,'山西','18324746300',0),('Running176','Runner176',4,'山西','18324746301',0),('Running177','Runner177',3,'山西','18324746302',0),('Running178','Runner178',2,'山西','18324746303',0),('Running179','Runner179',1,'内蒙古','18324746304',0),('Running180','Runner180',0,'内蒙古','18324746305',0),('Running181','Runner181',4,'内蒙古','18324746306',0),('Running182','Runner182',3,'内蒙古','18324746307',0),('Running183','Runner183',2,'内蒙古','18324746308',0),('Running184','Runner184',1,'内蒙古','18324746309',0),('Running185','Runner185',0,'内蒙古','18324746310',0),('Running186','Runner186',4,'内蒙古','18324746311',0),('Running187','Runner187',3,'内蒙古','18324746312',0),('Running188','Runner188',2,'内蒙古','18324746313',0),('Running189','Runner189',1,'内蒙古','18324746314',0),('Running190','Runner190',0,'内蒙古','18324746315',0),('Running191','Runner191',4,'内蒙古','18324746316',0),('Running192','Runner192',3,'内蒙古','18324746317',0),('Running193','Runner193',2,'内蒙古','18324746318',0),('Running194','Runner194',1,'内蒙古','18324746319',0),('Running195','Runner195',0,'内蒙古','18324746320',0),('Running196','Runner196',4,'内蒙古','18324746321',0),('Running197','Runner197',3,'内蒙古','18324746322',0),('Running198','Runner198',2,'内蒙古','18324746323',0),('Running199','Runner199',1,'内蒙古','18324746324',0),('Running200','Runner200',0,'内蒙古','18324746325',0),('Running201','Runner201',4,'内蒙古','18324746326',0),('Running202','Runner202',3,'内蒙古','18324746327',0),('Running203','Runner203',2,'内蒙古','18324746328',0),('Running204','Runner204',1,'内蒙古','18324746329',0),('Running205','Runner205',0,'内蒙古','18324746330',0),('Running206','Runner206',4,'内蒙古','18324746331',0),('Running207','Runner207',3,'内蒙古','18324746332',0),('Running208','Runner208',2,'内蒙古','18324746333',0),('Running209','Runner209',1,'辽宁','18324746334',0),('Running210','Runner210',0,'辽宁','18324746335',0),('Running211','Runner211',4,'辽宁','18324746336',0),('Running212','Runner212',3,'辽宁','18324746337',0),('Running213','Runner213',2,'辽宁','18324746338',0),('Running214','Runner214',1,'辽宁','18324746339',0),('Running215','Runner215',0,'辽宁','18324746340',0),('Running216','Runner216',4,'辽宁','18324746341',0),('Running217','Runner217',3,'辽宁','18324746342',0),('Running218','Runner218',2,'辽宁','18324746343',0),('Running219','Runner219',1,'辽宁','18324746344',0),('Running220','Runner220',0,'辽宁','18324746345',0),('Running221','Runner221',4,'辽宁','18324746346',0),('Running222','Runner222',3,'辽宁','18324746347',0),('Running223','Runner223',2,'辽宁','18324746348',0),('Running224','Runner224',1,'辽宁','18324746349',0),('Running225','Runner225',0,'辽宁','18324746350',0),('Running226','Runner226',4,'辽宁','18324746351',0),('Running227','Runner227',3,'辽宁','18324746352',0),('Running228','Runner228',2,'辽宁','18324746353',0),('Running229','Runner229',1,'辽宁','18324746354',0),('Running230','Runner230',0,'辽宁','18324746355',0),('Running231','Runner231',4,'辽宁','18324746356',0),('Running232','Runner232',3,'辽宁','18324746357',0),('Running233','Runner233',2,'辽宁','18324746358',0),('Running234','Runner234',1,'辽宁','18324746359',0),('Running235','Runner235',0,'辽宁','18324746360',0),('Running236','Runner236',4,'辽宁','18324746361',0),('Running237','Runner237',3,'辽宁','18324746362',0),('Running238','Runner238',2,'辽宁','18324746363',0),('Running239','Runner239',1,'吉林','18324746364',0),('Running240','Runner240',0,'吉林','18324746365',0),('Running241','Runner241',4,'吉林','18324746366',0),('Running242','Runner242',3,'吉林','18324746367',0),('Running243','Runner243',2,'吉林','18324746368',0),('Running244','Runner244',1,'吉林','18324746369',0),('Running245','Runner245',0,'吉林','18324746370',0),('Running246','Runner246',4,'吉林','18324746371',0),('Running247','Runner247',3,'吉林','18324746372',0),('Running248','Runner248',2,'吉林','18324746373',0),('Running249','Runner249',1,'吉林','18324746374',0),('Running250','Runner250',0,'吉林','18324746375',0),('Running251','Runner251',4,'吉林','18324746376',0),('Running252','Runner252',3,'吉林','18324746377',0),('Running253','Runner253',2,'吉林','18324746378',0),('Running254','Runner254',1,'吉林','18324746379',0),('Running255','Runner255',0,'吉林','18324746380',0),('Running256','Runner256',4,'吉林','18324746381',0),('Running257','Runner257',3,'吉林','18324746382',0),('Running258','Runner258',2,'吉林','18324746383',0),('Running259','Runner259',1,'吉林','18324746384',0),('Running260','Runner260',0,'吉林','18324746385',0),('Running261','Runner261',4,'吉林','18324746386',0),('Running262','Runner262',3,'吉林','18324746387',0),('Running263','Runner263',2,'吉林','18324746388',0),('Running264','Runner264',1,'吉林','18324746389',0),('Running265','Runner265',0,'吉林','18324746390',0),('Running266','Runner266',4,'吉林','18324746391',0),('Running267','Runner267',3,'吉林','18324746392',0),('Running268','Runner268',2,'吉林','18324746393',0),('Running269','Runner269',1,'吉林','18324746394',0),('Running270','Runner270',0,'黑龙江','18324746395',0),('Running271','Runner271',4,'黑龙江','18324746396',0),('Running272','Runner272',3,'黑龙江','18324746397',0),('Running273','Runner273',2,'黑龙江','18324746398',0),('Running274','Runner274',1,'黑龙江','18324746399',0),('Running275','Runner275',0,'黑龙江','18324746400',0),('Running276','Runner276',4,'黑龙江','18324746401',0),('Running277','Runner277',3,'黑龙江','18324746402',0),('Running278','Runner278',2,'黑龙江','18324746403',0),('Running279','Runner279',1,'黑龙江','18324746404',0),('Running280','Runner280',0,'黑龙江','18324746405',0),('Running281','Runner281',4,'黑龙江','18324746406',0),('Running282','Runner282',3,'黑龙江','18324746407',0),('Running283','Runner283',2,'黑龙江','18324746408',0),('Running284','Runner284',1,'黑龙江','18324746409',0),('Running285','Runner285',0,'黑龙江','18324746410',0),('Running286','Runner286',4,'黑龙江','18324746411',0),('Running287','Runner287',3,'黑龙江','18324746412',0),('Running288','Runner288',2,'黑龙江','18324746413',0),('Running289','Runner289',1,'黑龙江','18324746414',0),('Running290','Runner290',0,'黑龙江','18324746415',0),('Running291','Runner291',4,'黑龙江','18324746416',0),('Running292','Runner292',3,'黑龙江','18324746417',0),('Running293','Runner293',2,'黑龙江','18324746418',0),('Running294','Runner294',1,'黑龙江','18324746419',0),('Running295','Runner295',0,'黑龙江','18324746420',0),('Running296','Runner296',4,'黑龙江','18324746421',0),('Running297','Runner297',3,'黑龙江','18324746422',0),('Running298','Runner298',2,'黑龙江','18324746423',0),('Running299','Runner299',1,'黑龙江','18324746424',0),('Running300','Runner300',0,'江苏','18324746425',0),('Running301','Runner301',4,'江苏','18324746426',0),('Running302','Runner302',3,'江苏','18324746427',0),('Running303','Runner303',2,'江苏','18324746428',0),('Running304','Runner304',1,'江苏','18324746429',0),('Running305','Runner305',0,'江苏','18324746430',0),('Running306','Runner306',4,'江苏','18324746431',0),('Running307','Runner307',3,'江苏','18324746432',0),('Running308','Runner308',2,'江苏','18324746433',0),('Running309','Runner309',1,'江苏','18324746434',0),('Running310','Runner310',0,'江苏','18324746435',0),('Running311','Runner311',4,'江苏','18324746436',0),('Running312','Runner312',3,'江苏','18324746437',0),('Running313','Runner313',2,'江苏','18324746438',0),('Running314','Runner314',1,'江苏','18324746439',0),('Running315','Runner315',0,'江苏','18324746440',0),('Running316','Runner316',4,'江苏','18324746441',0),('Running317','Runner317',3,'江苏','18324746442',0),('Running318','Runner318',2,'江苏','18324746443',0),('Running319','Runner319',1,'江苏','18324746444',0),('Running320','Runner320',0,'江苏','18324746445',0),('Running321','Runner321',4,'江苏','18324746446',0),('Running322','Runner322',3,'江苏','18324746447',0),('Running323','Runner323',2,'江苏','18324746448',0),('Running324','Runner324',1,'江苏','18324746449',0),('Running325','Runner325',0,'江苏','18324746450',0),('Running326','Runner326',4,'江苏','18324746451',0),('Running327','Runner327',3,'江苏','18324746452',0),('Running328','Runner328',2,'江苏','18324746453',0),('Running329','Runner329',1,'江苏','18324746454',0),('Running330','Runner330',0,'浙江','18324746455',0),('Running331','Runner331',4,'浙江','18324746456',0),('Running332','Runner332',3,'浙江','18324746457',0),('Running333','Runner333',2,'浙江','18324746458',0),('Running334','Runner334',1,'浙江','18324746459',0),('Running335','Runner335',0,'浙江','18324746460',0),('Running336','Runner336',4,'浙江','18324746461',0),('Running337','Runner337',3,'浙江','18324746462',0),('Running338','Runner338',2,'浙江','18324746463',0),('Running339','Runner339',1,'浙江','18324746464',0),('Running340','Runner340',0,'浙江','18324746465',0),('Running341','Runner341',4,'浙江','18324746466',0),('Running342','Runner342',3,'浙江','18324746467',0),('Running343','Runner343',2,'浙江','18324746468',0),('Running344','Runner344',1,'浙江','18324746469',0),('Running345','Runner345',0,'浙江','18324746470',0),('Running346','Runner346',4,'浙江','18324746471',0),('Running347','Runner347',3,'浙江','18324746472',0),('Running348','Runner348',2,'浙江','18324746473',0),('Running349','Runner349',1,'浙江','18324746474',0),('Running350','Runner350',0,'浙江','18324746475',0),('Running351','Runner351',4,'浙江','18324746476',0),('Running352','Runner352',3,'浙江','18324746477',0),('Running353','Runner353',2,'浙江','18324746478',0),('Running354','Runner354',1,'浙江','18324746479',0),('Running355','Runner355',0,'浙江','18324746480',0),('Running356','Runner356',4,'浙江','18324746481',0),('Running357','Runner357',3,'浙江','18324746482',0),('Running358','Runner358',2,'浙江','18324746483',0),('Running359','Runner359',1,'浙江','18324746484',0),('Running360','Runner360',0,'安徽','18324746485',0),('Running361','Runner361',4,'安徽','18324746486',0),('Running362','Runner362',3,'安徽','18324746487',0),('Running363','Runner363',2,'安徽','18324746488',0),('Running364','Runner364',1,'安徽','18324746489',0),('Running365','Runner365',0,'安徽','18324746490',0),('Running366','Runner366',4,'安徽','18324746491',0),('Running367','Runner367',3,'安徽','18324746492',0),('Running368','Runner368',2,'安徽','18324746493',0),('Running369','Runner369',1,'安徽','18324746494',0),('Running370','Runner370',0,'安徽','18324746495',0),('Running371','Runner371',4,'安徽','18324746496',0),('Running372','Runner372',3,'安徽','18324746497',0),('Running373','Runner373',2,'安徽','18324746498',0),('Running374','Runner374',1,'安徽','18324746499',0),('Running375','Runner375',0,'安徽','18324746500',0),('Running376','Runner376',4,'安徽','18324746501',0),('Running377','Runner377',3,'安徽','18324746502',0),('Running378','Runner378',2,'安徽','18324746503',0),('Running379','Runner379',1,'安徽','18324746504',0),('Running380','Runner380',0,'安徽','18324746505',0),('Running381','Runner381',4,'安徽','18324746506',0),('Running382','Runner382',3,'安徽','18324746507',0),('Running383','Runner383',2,'安徽','18324746508',0),('Running384','Runner384',1,'安徽','18324746509',0),('Running385','Runner385',0,'安徽','18324746510',0),('Running386','Runner386',4,'安徽','18324746511',0),('Running387','Runner387',3,'安徽','18324746512',0),('Running388','Runner388',2,'安徽','18324746513',0),('Running389','Runner389',1,'安徽','18324746514',0),('Running390','Runner390',0,'福建','18324746515',0),('Running391','Runner391',4,'福建','18324746516',0),('Running392','Runner392',3,'福建','18324746517',0),('Running393','Runner393',2,'福建','18324746518',0),('Running394','Runner394',1,'福建','18324746519',0),('Running395','Runner395',0,'福建','18324746520',0),('Running396','Runner396',4,'福建','18324746521',0),('Running397','Runner397',3,'福建','18324746522',0),('Running398','Runner398',2,'福建','18324746523',0),('Running399','Runner399',1,'福建','18324746524',0),('Running400','Runner400',0,'福建','18324746525',0),('Running401','Runner401',4,'福建','18324746526',0),('Running402','Runner402',3,'福建','18324746527',0),('Running403','Runner403',2,'福建','18324746528',0),('Running404','Runner404',1,'福建','18324746529',0),('Running405','Runner405',0,'福建','18324746530',0),('Running406','Runner406',4,'福建','18324746531',0),('Running407','Runner407',3,'福建','18324746532',0),('Running408','Runner408',2,'福建','18324746533',0),('Running409','Runner409',1,'福建','18324746534',0),('Running410','Runner410',0,'福建','18324746535',0),('Running411','Runner411',4,'福建','18324746536',0),('Running412','Runner412',3,'福建','18324746537',0),('Running413','Runner413',2,'福建','18324746538',0),('Running414','Runner414',1,'福建','18324746539',0),('Running415','Runner415',0,'福建','18324746540',0),('Running416','Runner416',4,'福建','18324746541',0),('Running417','Runner417',3,'福建','18324746542',0),('Running418','Runner418',2,'福建','18324746543',0),('Running419','Runner419',1,'福建','18324746544',0),('Running420','Runner420',0,'江西','18324746545',0),('Running421','Runner421',4,'江西','18324746546',0),('Running422','Runner422',3,'江西','18324746547',0),('Running423','Runner423',2,'江西','18324746548',0),('Running424','Runner424',1,'江西','18324746549',0),('Running425','Runner425',0,'江西','18324746550',0),('Running426','Runner426',4,'江西','18324746551',0),('Running427','Runner427',3,'江西','18324746552',0),('Running428','Runner428',2,'江西','18324746553',0),('Running429','Runner429',1,'江西','18324746554',0),('Running430','Runner430',0,'江西','18324746555',0),('Running431','Runner431',4,'江西','18324746556',0),('Running432','Runner432',3,'江西','18324746557',0),('Running433','Runner433',2,'江西','18324746558',0),('Running434','Runner434',1,'江西','18324746559',0),('Running435','Runner435',0,'江西','18324746560',0),('Running436','Runner436',4,'江西','18324746561',0),('Running437','Runner437',3,'江西','18324746562',0),('Running438','Runner438',2,'江西','18324746563',0),('Running439','Runner439',1,'江西','18324746564',0),('Running440','Runner440',0,'江西','18324746565',0),('Running441','Runner441',4,'江西','18324746566',0),('Running442','Runner442',3,'江西','18324746567',0),('Running443','Runner443',2,'江西','18324746568',0),('Running444','Runner444',1,'江西','18324746569',0),('Running445','Runner445',0,'江西','18324746570',0),('Running446','Runner446',4,'江西','18324746571',0),('Running447','Runner447',3,'江西','18324746572',0),('Running448','Runner448',2,'江西','18324746573',0),('Running449','Runner449',1,'江西','18324746574',0),('Running450','Runner450',0,'山东','18324746575',0),('Running451','Runner451',4,'山东','18324746576',0),('Running452','Runner452',3,'山东','18324746577',0),('Running453','Runner453',2,'山东','18324746578',0),('Running454','Runner454',1,'山东','18324746579',0),('Running455','Runner455',0,'山东','18324746580',0),('Running456','Runner456',4,'山东','18324746581',0),('Running457','Runner457',3,'山东','18324746582',0),('Running458','Runner458',2,'山东','18324746583',0),('Running459','Runner459',1,'山东','18324746584',0),('Running460','Runner460',0,'山东','18324746585',0),('Running461','Runner461',4,'山东','18324746586',0),('Running462','Runner462',3,'山东','18324746587',0),('Running463','Runner463',2,'山东','18324746588',0),('Running464','Runner464',1,'山东','18324746589',0),('Running465','Runner465',0,'山东','18324746590',0),('Running466','Runner466',4,'山东','18324746591',0),('Running467','Runner467',3,'山东','18324746592',0),('Running468','Runner468',2,'山东','18324746593',0),('Running469','Runner469',1,'山东','18324746594',0),('Running470','Runner470',0,'山东','18324746595',0),('Running471','Runner471',4,'山东','18324746596',0),('Running472','Runner472',3,'山东','18324746597',0),('Running473','Runner473',2,'山东','18324746598',0),('Running474','Runner474',1,'山东','18324746599',0),('Running475','Runner475',0,'山东','18324746600',0),('Running476','Runner476',4,'山东','18324746601',0),('Running477','Runner477',3,'山东','18324746602',0),('Running478','Runner478',2,'山东','18324746603',0),('Running479','Runner479',1,'山东','18324746604',0),('Running480','Runner480',0,'河南','18324746605',0),('Running481','Runner481',4,'河南','18324746606',0),('Running482','Runner482',3,'河南','18324746607',0),('Running483','Runner483',2,'河南','18324746608',0),('Running484','Runner484',1,'河南','18324746609',0),('Running485','Runner485',0,'河南','18324746610',0),('Running486','Runner486',4,'河南','18324746611',0),('Running487','Runner487',3,'河南','18324746612',0),('Running488','Runner488',2,'河南','18324746613',0),('Running489','Runner489',1,'河南','18324746614',0),('Running490','Runner490',0,'河南','18324746615',0),('Running491','Runner491',4,'河南','18324746616',0),('Running492','Runner492',3,'河南','18324746617',0),('Running493','Runner493',2,'河南','18324746618',0),('Running494','Runner494',1,'河南','18324746619',0),('Running495','Runner495',0,'河南','18324746620',0),('Running496','Runner496',4,'河南','18324746621',0),('Running497','Runner497',3,'河南','18324746622',0),('Running498','Runner498',2,'河南','18324746623',0),('Running499','Runner499',1,'河南','18324746624',0),('Running500','Runner500',0,'河南','18324746625',0),('Running501','Runner501',4,'河南','18324746626',0),('Running502','Runner502',3,'河南','18324746627',0),('Running503','Runner503',2,'河南','18324746628',0),('Running504','Runner504',1,'河南','18324746629',0),('Running505','Runner505',0,'河南','18324746630',0),('Running506','Runner506',4,'河南','18324746631',0),('Running507','Runner507',3,'河南','18324746632',0),('Running508','Runner508',2,'河南','18324746633',0),('Running509','Runner509',1,'河南','18324746634',0),('Running510','Runner510',0,'河南','18324746635',0),('Running511','Runner511',4,'河南','18324746636',0),('Running512','Runner512',3,'湖北','18324746637',0),('Running513','Runner513',2,'湖北','18324746638',0),('Running514','Runner514',1,'湖北','18324746639',0),('Running515','Runner515',0,'湖北','18324746640',0),('Running516','Runner516',4,'湖北','18324746641',0),('Running517','Runner517',3,'湖北','18324746642',0),('Running518','Runner518',2,'湖北','18324746643',0),('Running519','Runner519',1,'湖北','18324746644',0),('Running520','Runner520',0,'湖北','18324746645',0),('Running521','Runner521',4,'湖北','18324746646',0),('Running522','Runner522',3,'湖北','18324746647',0),('Running523','Runner523',2,'湖北','18324746648',0),('Running524','Runner524',1,'湖北','18324746649',0),('Running525','Runner525',0,'湖北','18324746650',0),('Running526','Runner526',4,'湖北','18324746651',0),('Running527','Runner527',3,'湖北','18324746652',0),('Running528','Runner528',2,'湖北','18324746653',0),('Running529','Runner529',1,'湖北','18324746654',0),('Running530','Runner530',0,'湖北','18324746655',0),('Running531','Runner531',4,'湖北','18324746656',0),('Running532','Runner532',3,'湖北','18324746657',0),('Running533','Runner533',2,'湖北','18324746658',0),('Running534','Runner534',1,'湖北','18324746659',0),('Running535','Runner535',0,'湖北','18324746660',0),('Running536','Runner536',4,'湖北','18324746661',0),('Running537','Runner537',3,'湖北','18324746662',0),('Running538','Runner538',2,'湖北','18324746663',0),('Running539','Runner539',1,'湖北','18324746664',0),('Running540','Runner540',0,'湖北','18324746665',0),('Running541','Runner541',4,'湖南','18324746666',0),('Running542','Runner542',3,'湖南','18324746667',0),('Running543','Runner543',2,'湖南','18324746668',0),('Running544','Runner544',1,'湖南','18324746669',0),('Running545','Runner545',0,'湖南','18324746670',0),('Running546','Runner546',4,'湖南','18324746671',0),('Running547','Runner547',3,'湖南','18324746672',0),('Running548','Runner548',2,'湖南','18324746673',0),('Running549','Runner549',1,'湖南','18324746674',0),('Running550','Runner550',0,'湖南','18324746675',0),('Running551','Runner551',4,'湖南','18324746676',0),('Running552','Runner552',3,'湖南','18324746677',0),('Running553','Runner553',2,'湖南','18324746678',0),('Running554','Runner554',1,'湖南','18324746679',0),('Running555','Runner555',0,'湖南','18324746680',0),('Running556','Runner556',4,'湖南','18324746681',0),('Running557','Runner557',3,'湖南','18324746682',0),('Running558','Runner558',2,'湖南','18324746683',0),('Running559','Runner559',1,'湖南','18324746684',0),('Running560','Runner560',0,'湖南','18324746685',0),('Running561','Runner561',4,'湖南','18324746686',0),('Running562','Runner562',3,'湖南','18324746687',0),('Running563','Runner563',2,'湖南','18324746688',0),('Running564','Runner564',1,'湖南','18324746689',0),('Running565','Runner565',0,'湖南','18324746690',0),('Running566','Runner566',4,'湖南','18324746691',0),('Running567','Runner567',3,'湖南','18324746692',0),('Running568','Runner568',2,'湖南','18324746693',0),('Running569','Runner569',1,'湖南','18324746694',0),('Running570','Runner570',0,'湖南','18324746695',0),('Running571','Runner571',4,'广东','18324746696',0),('Running572','Runner572',3,'广东','18324746697',0),('Running573','Runner573',2,'广东','18324746698',0),('Running574','Runner574',1,'广东','18324746699',0),('Running575','Runner575',0,'广东','18324746700',0),('Running576','Runner576',4,'广东','18324746701',0),('Running577','Runner577',3,'广东','18324746702',0),('Running578','Runner578',2,'广东','18324746703',0),('Running579','Runner579',1,'广东','18324746704',0),('Running580','Runner580',0,'广东','18324746705',0),('Running581','Runner581',4,'广东','18324746706',0),('Running582','Runner582',3,'广东','18324746707',0),('Running583','Runner583',2,'广东','18324746708',0),('Running584','Runner584',1,'广东','18324746709',0),('Running585','Runner585',0,'广东','18324746710',0),('Running586','Runner586',4,'广东','18324746711',0),('Running587','Runner587',3,'广东','18324746712',0),('Running588','Runner588',2,'广东','18324746713',0),('Running589','Runner589',1,'广东','18324746714',0),('Running590','Runner590',0,'广东','18324746715',0),('Running591','Runner591',4,'广东','18324746716',0),('Running592','Runner592',3,'广东','18324746717',0),('Running593','Runner593',2,'广东','18324746718',0),('Running594','Runner594',1,'广东','18324746719',0),('Running595','Runner595',0,'广东','18324746720',0),('Running596','Runner596',4,'广东','18324746721',0),('Running597','Runner597',3,'广东','18324746722',0),('Running598','Runner598',2,'广东','18324746723',0),('Running599','Runner599',1,'广东','18324746724',0),('Running600','Runner600',0,'广东','18324746725',0),('Running601','Runner601',4,'广东','18324746726',0),('Running602','Runner602',3,'广西','18324746727',0),('Running603','Runner603',2,'广西','18324746728',0),('Running604','Runner604',1,'广西','18324746729',0),('Running605','Runner605',0,'广西','18324746730',0),('Running606','Runner606',4,'广西','18324746731',0),('Running607','Runner607',3,'广西','18324746732',0),('Running608','Runner608',2,'广西','18324746733',0),('Running609','Runner609',1,'广西','18324746734',0),('Running610','Runner610',0,'广西','18324746735',0),('Running611','Runner611',4,'广西','18324746736',0),('Running612','Runner612',3,'广西','18324746737',0),('Running613','Runner613',2,'广西','18324746738',0),('Running614','Runner614',1,'广西','18324746739',0),('Running615','Runner615',0,'广西','18324746740',0),('Running616','Runner616',4,'广西','18324746741',0),('Running617','Runner617',3,'广西','18324746742',0),('Running618','Runner618',2,'广西','18324746743',0),('Running619','Runner619',1,'广西','18324746744',0),('Running620','Runner620',0,'广西','18324746745',0),('Running621','Runner621',4,'广西','18324746746',0),('Running622','Runner622',3,'广西','18324746747',0),('Running623','Runner623',2,'广西','18324746748',0),('Running624','Runner624',1,'广西','18324746749',0),('Running625','Runner625',0,'广西','18324746750',0),('Running626','Runner626',4,'广西','18324746751',0),('Running627','Runner627',3,'广西','18324746752',0),('Running628','Runner628',2,'广西','18324746753',0),('Running629','Runner629',1,'广西','18324746754',0),('Running630','Runner630',0,'广西','18324746755',0),('Running631','Runner631',4,'广西','18324746756',0),('Running632','Runner632',3,'广西','18324746757',0),('Running633','Runner633',2,'海南','18324746758',0),('Running634','Runner634',1,'海南','18324746759',0),('Running635','Runner635',0,'海南','18324746760',0),('Running636','Runner636',4,'海南','18324746761',0),('Running637','Runner637',3,'海南','18324746762',0),('Running638','Runner638',2,'海南','18324746763',0),('Running639','Runner639',1,'海南','18324746764',0),('Running640','Runner640',0,'海南','18324746765',0),('Running641','Runner641',4,'海南','18324746766',0),('Running642','Runner642',3,'海南','18324746767',0),('Running643','Runner643',2,'海南','18324746768',0),('Running644','Runner644',1,'海南','18324746769',0),('Running645','Runner645',0,'海南','18324746770',0),('Running646','Runner646',4,'海南','18324746771',0),('Running647','Runner647',3,'海南','18324746772',0),('Running648','Runner648',2,'海南','18324746773',0),('Running649','Runner649',1,'海南','18324746774',0),('Running650','Runner650',0,'海南','18324746775',0),('Running651','Runner651',4,'海南','18324746776',0),('Running652','Runner652',3,'海南','18324746777',0),('Running653','Runner653',2,'海南','18324746778',0),('Running654','Runner654',1,'海南','18324746779',0),('Running655','Runner655',0,'海南','18324746780',0),('Running656','Runner656',4,'海南','18324746781',0),('Running657','Runner657',3,'海南','18324746782',0),('Running658','Runner658',2,'海南','18324746783',0),('Running659','Runner659',1,'海南','18324746784',0),('Running660','Runner660',0,'海南','18324746785',0),('Running661','Runner661',4,'四川','18324746786',0),('Running662','Runner662',3,'四川','18324746787',0),('Running663','Runner663',2,'四川','18324746788',0),('Running664','Runner664',1,'四川','18324746789',0),('Running665','Runner665',0,'四川','18324746790',0),('Running666','Runner666',4,'四川','18324746791',0),('Running667','Runner667',3,'四川','18324746792',0),('Running668','Runner668',2,'四川','18324746793',0),('Running669','Runner669',1,'四川','18324746794',0),('Running670','Runner670',0,'四川','18324746795',0),('Running671','Runner671',4,'四川','18324746796',0),('Running672','Runner672',3,'四川','18324746797',0),('Running673','Runner673',2,'四川','18324746798',0),('Running674','Runner674',1,'四川','18324746799',0),('Running675','Runner675',0,'四川','18324746800',0),('Running676','Runner676',4,'四川','18324746801',0),('Running677','Runner677',3,'四川','18324746802',0),('Running678','Runner678',2,'四川','18324746803',0),('Running679','Runner679',1,'四川','18324746804',0),('Running680','Runner680',0,'四川','18324746805',0),('Running681','Runner681',4,'四川','18324746806',0),('Running682','Runner682',3,'四川','18324746807',0),('Running683','Runner683',2,'四川','18324746808',0),('Running684','Runner684',1,'四川','18324746809',0),('Running685','Runner685',0,'四川','18324746810',0),('Running686','Runner686',4,'四川','18324746811',0),('Running687','Runner687',3,'四川','18324746812',0),('Running688','Runner688',2,'四川','18324746813',0),('Running689','Runner689',1,'四川','18324746814',0),('Running690','Runner690',0,'四川','18324746815',0),('Running691','Runner691',4,'四川','18324746816',0),('Running692','Runner692',3,'四川','18324746817',0),('Running693','Runner693',2,'贵州','18324746818',0),('Running694','Runner694',1,'贵州','18324746819',0),('Running695','Runner695',0,'贵州','18324746820',0),('Running696','Runner696',4,'贵州','18324746821',0),('Running697','Runner697',3,'贵州','18324746822',0),('Running698','Runner698',2,'贵州','18324746823',0),('Running699','Runner699',1,'贵州','18324746824',0),('Running700','Runner700',0,'贵州','18324746825',0),('Running701','Runner701',4,'贵州','18324746826',0),('Running702','Runner702',3,'贵州','18324746827',0),('Running703','Runner703',2,'贵州','18324746828',0),('Running704','Runner704',1,'贵州','18324746829',0),('Running705','Runner705',0,'贵州','18324746830',0),('Running706','Runner706',4,'贵州','18324746831',0),('Running707','Runner707',3,'贵州','18324746832',0),('Running708','Runner708',2,'贵州','18324746833',0),('Running709','Runner709',1,'贵州','18324746834',0),('Running710','Runner710',0,'贵州','18324746835',0),('Running711','Runner711',4,'贵州','18324746836',0),('Running712','Runner712',3,'贵州','18324746837',0),('Running713','Runner713',2,'贵州','18324746838',0),('Running714','Runner714',1,'贵州','18324746839',0),('Running715','Runner715',0,'贵州','18324746840',0),('Running716','Runner716',4,'贵州','18324746841',0),('Running717','Runner717',3,'贵州','18324746842',0),('Running718','Runner718',2,'贵州','18324746843',0),('Running719','Runner719',1,'贵州','18324746844',0),('Running720','Runner720',0,'贵州','18324746845',0),('Running721','Runner721',4,'云南','18655181714',0),('Running722','Runner722',3,'云南','18324746847',0),('Running723','Runner723',2,'云南','18324746848',0),('Running724','Runner724',1,'云南','18324746849',0),('Running725','Runner725',0,'云南','18324746850',0),('Running726','Runner726',4,'云南','18324746851',0),('Running727','Runner727',3,'云南','18324746852',0),('Running728','Runner728',2,'云南','18324746853',0),('Running729','Runner729',1,'云南','18324746854',0),('Running730','Runner730',0,'云南','18324746855',0),('Running731','Runner731',4,'云南','18324746856',0),('Running732','Runner732',3,'云南','18324746857',0),('Running733','Runner733',2,'云南','18324746858',0),('Running734','Runner734',1,'云南','18324746859',0),('Running735','Runner735',0,'云南','18324746860',0),('Running736','Runner736',4,'云南','18324746861',0),('Running737','Runner737',3,'云南','18324746862',0),('Running738','Runner738',2,'云南','18324746863',0),('Running739','Runner739',1,'云南','18324746864',0),('Running740','Runner740',0,'云南','18324746865',0),('Running741','Runner741',4,'云南','18324746866',0),('Running742','Runner742',3,'云南','18324746867',0),('Running743','Runner743',2,'云南','18324746868',0),('Running744','Runner744',1,'云南','18324746869',0),('Running745','Runner745',0,'云南','18324746870',0),('Running746','Runner746',4,'云南','18324746871',0),('Running747','Runner747',3,'云南','18324746872',0),('Running748','Runner748',2,'云南','18324746873',0),('Running749','Runner749',1,'云南','18324746874',0),('Running750','Runner750',0,'云南','18324746875',0),('Running751','Runner751',4,'西藏','18324746876',0),('Running752','Runner752',3,'西藏','18324746877',0),('Running753','Runner753',2,'西藏','18324746878',0),('Running754','Runner754',1,'西藏','18324746879',0),('Running755','Runner755',0,'西藏','18324746880',0),('Running756','Runner756',4,'西藏','18324746881',0),('Running757','Runner757',3,'西藏','18324746882',0),('Running758','Runner758',2,'西藏','18324746883',0),('Running759','Runner759',1,'西藏','18324746884',0),('Running760','Runner760',0,'西藏','18324746885',0),('Running761','Runner761',4,'西藏','18324746886',0),('Running762','Runner762',3,'西藏','18324746887',0),('Running763','Runner763',2,'西藏','18324746888',0),('Running764','Runner764',1,'西藏','18324746889',0),('Running765','Runner765',0,'西藏','18324746890',0),('Running766','Runner766',4,'西藏','18324746891',0),('Running767','Runner767',3,'西藏','18324746892',0),('Running768','Runner768',2,'西藏','18324746893',0),('Running769','Runner769',1,'西藏','18324746894',0),('Running770','Runner770',0,'西藏','18324746895',0),('Running771','Runner771',4,'西藏','18324746896',0),('Running772','Runner772',3,'西藏','18324746897',0),('Running773','Runner773',2,'西藏','18324746898',0),('Running774','Runner774',1,'西藏','18324746899',0),('Running775','Runner775',0,'西藏','18324746900',0),('Running776','Runner776',4,'西藏','18324746901',0),('Running777','Runner777',3,'西藏','18324746902',0),('Running778','Runner778',2,'西藏','18324746903',0),('Running779','Runner779',1,'陕西','18324746904',0),('Running780','Runner780',0,'陕西','18324746905',0),('Running781','Runner781',4,'陕西','18324746906',0),('Running782','Runner782',3,'陕西','18324746907',0),('Running783','Runner783',2,'陕西','18324746908',0),('Running784','Runner784',1,'陕西','18324746909',0),('Running785','Runner785',0,'陕西','18324746910',0),('Running786','Runner786',4,'陕西','18324746911',0),('Running787','Runner787',3,'陕西','18324746912',0),('Running788','Runner788',2,'陕西','18324746913',0),('Running789','Runner789',1,'陕西','18324746914',0),('Running790','Runner790',0,'陕西','18324746915',0),('Running791','Runner791',4,'陕西','18324746916',0),('Running792','Runner792',3,'陕西','18324746917',0),('Running793','Runner793',2,'陕西','18324746918',0),('Running794','Runner794',1,'陕西','18324746919',0),('Running795','Runner795',0,'陕西','18324746920',0),('Running796','Runner796',4,'陕西','18324746921',0),('Running797','Runner797',3,'陕西','18324746922',0),('Running798','Runner798',2,'陕西','18324746923',0),('Running799','Runner799',1,'陕西','18324746924',0),('Running800','Runner800',0,'陕西','18324746925',0),('Running801','Runner801',4,'陕西','18324746926',0),('Running802','Runner802',3,'陕西','18324746927',0),('Running803','Runner803',2,'陕西','18324746928',0),('Running804','Runner804',1,'陕西','18324746929',0),('Running805','Runner805',0,'陕西','18324746930',0),('Running806','Runner806',4,'陕西','18324746931',0),('Running807','Runner807',3,'陕西','18324746932',0),('Running808','Runner808',2,'陕西','18324746933',0),('Running809','Runner809',1,'陕西','18324746934',0),('Running810','Runner810',0,'陕西','18324746935',0),('Running811','Runner811',4,'陕西','18324746936',0),('Running812','Runner812',3,'甘肃','18324746937',0),('Running813','Runner813',2,'甘肃','18324746938',0),('Running814','Runner814',1,'甘肃','18324746939',0),('Running815','Runner815',0,'甘肃','18324746940',0),('Running816','Runner816',4,'甘肃','18324746941',0),('Running817','Runner817',3,'甘肃','18324746942',0),('Running818','Runner818',2,'甘肃','18324746943',0),('Running819','Runner819',1,'甘肃','18324746944',0),('Running820','Runner820',0,'甘肃','18324746945',0),('Running821','Runner821',4,'甘肃','18324746946',0),('Running822','Runner822',3,'甘肃','18324746947',0),('Running823','Runner823',2,'甘肃','18324746948',0),('Running824','Runner824',1,'甘肃','18324746949',0),('Running825','Runner825',0,'甘肃','18324746950',0),('Running826','Runner826',4,'甘肃','18324746951',0),('Running827','Runner827',3,'甘肃','18324746952',0),('Running828','Runner828',2,'甘肃','18324746953',0),('Running829','Runner829',1,'甘肃','18324746954',0),('Running830','Runner830',0,'甘肃','18324746955',0),('Running831','Runner831',4,'甘肃','18324746956',0),('Running832','Runner832',3,'甘肃','18324746957',0),('Running833','Runner833',2,'甘肃','18324746958',0),('Running834','Runner834',1,'甘肃','18324746959',0),('Running835','Runner835',0,'甘肃','18324746960',0),('Running836','Runner836',4,'甘肃','18324746961',0),('Running837','Runner837',3,'甘肃','18324746962',0),('Running838','Runner838',2,'甘肃','18324746963',0),('Running839','Runner839',1,'甘肃','18324746964',0),('Running840','Runner840',0,'甘肃','18324746965',0),('Running841','Runner841',4,'青海','18324746966',0),('Running842','Runner842',3,'青海','18324746967',0),('Running843','Runner843',2,'青海','18324746968',0),('Running844','Runner844',1,'青海','18324746969',0),('Running845','Runner845',0,'青海','18324746970',0),('Running846','Runner846',4,'青海','18324746971',0),('Running847','Runner847',3,'青海','18324746972',0),('Running848','Runner848',2,'青海','18324746973',0),('Running849','Runner849',1,'青海','18324746974',0),('Running850','Runner850',0,'青海','18324746975',0),('Running851','Runner851',4,'青海','18324746976',0),('Running852','Runner852',3,'青海','18324746977',0),('Running853','Runner853',2,'青海','18324746978',0),('Running854','Runner854',1,'青海','18324746979',0),('Running855','Runner855',0,'青海','18324746980',0),('Running856','Runner856',4,'青海','18324746981',0),('Running857','Runner857',3,'青海','18324746982',0),('Running858','Runner858',2,'青海','18324746983',0),('Running859','Runner859',1,'青海','18324746984',0),('Running860','Runner860',0,'青海','18324746985',0),('Running861','Runner861',4,'青海','18324746986',0),('Running862','Runner862',3,'青海','18324746987',0),('Running863','Runner863',2,'青海','18324746988',0),('Running864','Runner864',1,'青海','18324746989',0),('Running865','Runner865',0,'青海','18324746990',0),('Running866','Runner866',4,'青海','18324746991',0),('Running867','Runner867',3,'青海','18324746992',0),('Running868','Runner868',2,'青海','18324746993',0),('Running869','Runner869',1,'青海','18324746994',0),('Running870','Runner870',0,'宁夏','18324746995',0),('Running871','Runner871',4,'宁夏','18324746996',0),('Running872','Runner872',3,'宁夏','18324746997',0),('Running873','Runner873',2,'宁夏','18324746998',0),('Running874','Runner874',1,'宁夏','18324746999',0),('Running875','Runner875',0,'宁夏','18324747000',0),('Running876','Runner876',4,'宁夏','18324747001',0),('Running877','Runner877',3,'宁夏','18324747002',0),('Running878','Runner878',2,'宁夏','18324747003',0),('Running879','Runner879',1,'宁夏','18324747004',0),('Running880','Runner880',0,'宁夏','18324747005',0),('Running881','Runner881',4,'宁夏','18324747006',0),('Running882','Runner882',3,'宁夏','18324747007',0),('Running883','Runner883',2,'宁夏','18324747008',0),('Running884','Runner884',1,'宁夏','18324747009',0),('Running885','Runner885',0,'宁夏','18324747010',0),('Running886','Runner886',4,'宁夏','18324747011',0),('Running887','Runner887',3,'宁夏','18324747012',0),('Running888','Runner888',2,'宁夏','18324747013',0),('Running889','Runner889',1,'宁夏','18324747014',0),('Running890','Runner890',0,'宁夏','18324747015',0),('Running891','Runner891',4,'宁夏','18324747016',0),('Running892','Runner892',3,'宁夏','18324747017',0),('Running893','Runner893',2,'宁夏','18324747018',0),('Running894','Runner894',1,'宁夏','18324747019',0),('Running895','Runner895',0,'宁夏','18324747020',0),('Running896','Runner896',4,'宁夏','18324747021',0),('Running897','Runner897',3,'宁夏','18324747022',0),('Running898','Runner898',2,'宁夏','18324747023',0),('Running899','Runner899',1,'宁夏','18324747024',1),('Running900','Runner900',0,'新疆','18324747025',1),('Running901','Runner901',4,'新疆','18324747026',1),('Running902','Runner902',3,'新疆','18324747027',1),('Running903','Runner903',2,'新疆','18324747028',1),('Running904','Runner904',1,'新疆','18324747029',1),('Running905','Runner905',0,'新疆','18324747030',1),('Running906','Runner906',4,'新疆','18324747031',1),('Running907','Runner907',3,'新疆','18324747032',1),('Running908','Runner908',2,'新疆','18324747033',1),('Running909','Runner909',1,'新疆','18324747034',1),('Running910','Runner910',0,'新疆','18324747035',1),('Running911','Runner911',4,'新疆','18324747036',1),('Running912','Runner912',3,'新疆','18324747037',1),('Running913','Runner913',2,'新疆','18324747038',1),('Running914','Runner914',1,'新疆','18324747039',1),('Running915','Runner915',0,'新疆','18324747040',1),('Running916','Runner916',4,'新疆','18324747041',1),('Running917','Runner917',3,'新疆','18324747042',1),('Running918','Runner918',2,'新疆','18324747043',1),('Running919','Runner919',1,'新疆','18324747044',1),('Running920','Runner920',0,'新疆','18324747045',1),('Running921','Runner921',4,'新疆','18324747046',1),('Running922','Runner922',3,'新疆','18324747047',1),('Running923','Runner923',2,'新疆','18324747048',1),('Running924','Runner924',1,'新疆','18324747049',1),('Running925','Runner925',0,'新疆','18324747050',1),('Running926','Runner926',4,'新疆','18324747051',1),('Running927','Runner927',3,'新疆','18324747052',1),('Running928','Runner928',2,'新疆','18324747053',1),('Running929','Runner929',1,'新疆','18324747054',1),('Running930','Runner930',0,'香港','18324747055',1),('Running931','Runner931',4,'香港','18324747056',1),('Running932','Runner932',3,'香港','18324747057',1),('Running933','Runner933',2,'香港','18324747058',1),('Running934','Runner934',1,'香港','18324747059',1),('Running935','Runner935',0,'香港','18324747060',1),('Running936','Runner936',4,'香港','18324747061',1),('Running937','Runner937',3,'香港','18324747062',1),('Running938','Runner938',2,'香港','18324747063',1),('Running939','Runner939',1,'香港','18324747064',1),('Running940','Runner940',0,'香港','18324747065',1),('Running941','Runner941',4,'香港','18324747066',1),('Running942','Runner942',3,'香港','18324747067',1),('Running943','Runner943',2,'香港','18324747068',1),('Running944','Runner944',1,'香港','18324747069',1),('Running945','Runner945',0,'香港','18324747070',1),('Running946','Runner946',4,'香港','18324747071',1),('Running947','Runner947',3,'香港','18324747072',1),('Running948','Runner948',2,'香港','18324747073',1),('Running949','Runner949',1,'香港','18324747074',1),('Running950','Runner950',0,'香港','18324747075',1),('Running951','Runner951',4,'香港','18324747076',1),('Running952','Runner952',3,'香港','18324747077',1),('Running953','Runner953',2,'香港','18324747078',1),('Running954','Runner954',1,'香港','18324747079',1),('Running955','Runner955',0,'香港','18324747080',1),('Running956','Runner956',4,'香港','18324747081',1),('Running957','Runner957',3,'香港','18324747082',1),('Running958','Runner958',2,'香港','18324747083',1),('Running959','Runner959',1,'香港','18324747084',1),('Running960','Runner960',0,'澳门','18324747085',1),('Running961','Runner961',4,'澳门','18324747086',1),('Running962','Runner962',3,'澳门','18324747087',1),('Running963','Runner963',2,'澳门','18324747088',1),('Running964','Runner964',1,'澳门','18324747089',1),('Running965','Runner965',0,'澳门','18324747090',1),('Running966','Runner966',4,'澳门','18324747091',1),('Running967','Runner967',3,'澳门','18324747092',1),('Running968','Runner968',2,'澳门','18324747093',1),('Running969','Runner969',1,'澳门','18324747094',1),('Running970','Runner970',0,'澳门','18324747095',1),('Running971','Runner971',4,'澳门','18324747096',1),('Running972','Runner972',3,'澳门','18324747097',1),('Running973','Runner973',2,'澳门','18324747098',1),('Running974','Runner974',1,'澳门','18324747099',1),('Running975','Runner975',0,'澳门','18324747100',1),('Running976','Runner976',4,'澳门','18324747101',1),('Running977','Runner977',3,'澳门','18324747102',1),('Running978','Runner978',2,'澳门','18324747103',1),('Running979','Runner979',1,'澳门','18324747104',1),('Running980','Runner980',0,'台湾','18324747105',1),('Running981','Runner981',4,'台湾','18324747106',1),('Running982','Runner982',3,'台湾','18324747107',1),('Running983','Runner983',2,'台湾','18324747108',1),('Running984','Runner984',1,'台湾','18324747109',1),('Running985','Runner985',0,'台湾','18324747110',1),('Running986','Runner986',4,'台湾','18324747111',1),('Running987','Runner987',3,'台湾','18324747112',1),('Running988','Runner988',2,'台湾','18324747113',1),('Running989','Runner989',1,'台湾','2000000',1),('Running990','Runner990',0,'台湾','18324747115',1),('Running991','Runner991',4,'台湾','18324747116',1),('Running992','Runner992',3,'台湾','18324747117',1),('Running993','Runner993',2,'台湾','18324747118',1),('Running994','Runner994',1,'台湾','18324747119',1),('Running995','Runner995',0,'台湾','18324747120',1),('Running996','Runner996',4,'台湾','18324747121',1),('Running997','Runner997',3,'台湾','18324747122',1),('Running998','Runner998',2,'台湾','18324747123',1),('Running999','Runner999',1,'台湾','18324747124',1),('xinghecanlan','xinghecanlan',0,'0','',1),('毳','毳',0,'2','789789',0),('请记住我的昵称','请记住我的昵称',0,'0','',0),('郎','郎',0,'0','12345645655',0);

#
# Structure for table "teacher"
#

CREATE TABLE `teacher` (
  `wxid` varchar(225) NOT NULL,
  `identification` int(11) NOT NULL,
  `img` varchar(1000) DEFAULT NULL,
  PRIMARY KEY (`wxid`),
  CONSTRAINT `teacher_ibfk_1` FOREIGN KEY (`wxid`) REFERENCES `user` (`wxid`)
) ENGINE=InnoDB DEFAULT CHARSET=utf8;

#
# Data for table "teacher"
#

REPLACE INTO `teacher` VALUES ('Running002',1,'../image/'),('Running003',1,'../image/'),('Running007',1,'../image/'),('Running008',1,'../image/'),('Running012',1,'../image/'),('Running013',1,'../image/'),('Running017',1,'../image/'),('Running018',1,'../image/'),('Running022',1,'../image/'),('Running023',1,'../image/'),('Running027',1,'../image/'),('Running028',1,'../image/'),('Running032',1,'../image/'),('Running033',1,'../image/'),('Running037',1,'../image/'),('Running038',1,'../image/'),('Running042',1,'../image/'),('Running043',1,'../image/'),('Running047',1,'../image/'),('Running048',1,'../image/'),('Running052',1,'../image/'),('Running053',1,'../image/'),('Running057',1,'../image/'),('Running058',1,'../image/'),('Running062',1,'../image/'),('Running063',1,'../image/'),('Running067',1,'../image/'),('Running068',1,'../image/'),('Running072',1,'../image/'),('Running073',1,'../image/'),('Running077',1,'../image/'),('Running078',1,'../image/'),('Running082',1,'../image/'),('Running083',1,'../image/'),('Running087',1,'../image/'),('Running088',1,'../image/'),('Running092',1,'../image/'),('Running093',1,'../image/'),('Running097',1,'../image/'),('Running098',1,'../image/'),('Running102',1,'../image/'),('Running103',1,'../image/'),('Running107',1,'../image/'),('Running108',1,'../image/'),('Running112',1,'../image/'),('Running113',1,'../image/'),('Running117',1,'../image/'),('Running118',1,'../image/'),('Running122',1,'../image/'),('Running123',1,'../image/'),('Running127',1,'../image/'),('Running128',1,'../image/'),('Running132',1,'../image/'),('Running133',1,'../image/'),('Running137',1,'../image/'),('Running138',1,'../image/'),('Running142',1,'../image/'),('Running143',1,'../image/'),('Running147',1,'../image/'),('Running148',1,'../image/'),('Running152',1,'../image/'),('Running153',1,'../image/'),('Running157',1,'../image/'),('Running158',1,'../image/'),('Running162',1,'../image/'),('Running163',1,'../image/'),('Running167',1,'../image/'),('Running168',1,'../image/'),('Running172',1,'../image/'),('Running173',1,'../image/'),('Running177',1,'../image/'),('Running178',1,'../image/'),('Running182',1,'../image/'),('Running183',1,'../image/'),('Running187',1,'../image/'),('Running188',1,'../image/'),('Running192',1,'../image/'),('Running193',1,'../image/'),('Running197',1,'../image/'),('Running198',1,'../image/'),('Running202',1,'../image/'),('Running203',1,'../image/'),('Running207',1,'../image/'),('Running208',1,'../image/'),('Running212',1,'../image/'),('Running213',1,'../image/'),('Running217',1,'../image/'),('Running218',1,'../image/'),('Running222',1,'../image/'),('Running223',1,'../image/'),('Running227',1,'../image/'),('Running228',1,'../image/'),('Running232',1,'../image/'),('Running233',1,'../image/'),('Running237',1,'../image/'),('Running238',1,'../image/'),('Running242',1,'../image/'),('Running243',1,'../image/'),('Running247',1,'../image/'),('Running248',1,'../image/'),('Running252',1,'../image/'),('Running253',1,'../image/'),('Running257',1,'../image/'),('Running258',1,'../image/'),('Running262',1,'../image/'),('Running263',1,'../image/'),('Running267',1,'../image/'),('Running268',1,'../image/'),('Running272',1,'../image/'),('Running273',1,'../image/'),('Running277',1,'../image/'),('Running278',1,'../image/'),('Running282',1,'../image/'),('Running283',1,'../image/'),('Running287',1,'../image/'),('Running288',1,'../image/'),('Running292',1,'../image/'),('Running293',1,'../image/'),('Running297',1,'../image/'),('Running298',1,'../image/'),('Running302',1,'../image/'),('Running303',1,'../image/'),('Running307',1,'../image/'),('Running308',1,'../image/'),('Running312',1,'../image/'),('Running313',1,'../image/'),('Running317',1,'../image/'),('Running318',1,'../image/'),('Running322',1,'../image/'),('Running323',1,'../image/'),('Running327',1,'../image/'),('Running328',1,'../image/'),('Running332',1,'../image/'),('Running333',1,'../image/'),('Running337',1,'../image/'),('Running338',1,'../image/'),('Running342',1,'../image/'),('Running343',1,'../image/'),('Running347',1,'../image/'),('Running348',1,'../image/'),('Running352',1,'../image/'),('Running353',1,'../image/'),('Running357',1,'../image/'),('Running358',1,'../image/'),('Running362',1,'../image/'),('Running363',1,'../image/'),('Running367',1,'../image/'),('Running368',1,'../image/'),('Running372',1,'../image/'),('Running373',1,'../image/'),('Running377',1,'../image/'),('Running378',1,'../image/'),('Running382',1,'../image/'),('Running383',1,'../image/'),('Running387',1,'../image/'),('Running388',1,'../image/'),('Running392',1,'../image/'),('Running393',1,'../image/'),('Running397',1,'../image/'),('Running398',1,'../image/'),('Running402',1,'../image/'),('Running403',1,'../image/'),('Running407',1,'../image/'),('Running408',1,'../image/'),('Running412',1,'../image/'),('Running413',1,'../image/'),('Running417',1,'../image/'),('Running418',1,'../image/'),('Running422',1,'../image/'),('Running423',1,'../image/'),('Running427',1,'../image/'),('Running428',1,'../image/'),('Running432',1,'../image/'),('Running433',1,'../image/'),('Running437',1,'../image/'),('Running438',1,'../image/'),('Running442',1,'../image/'),('Running443',1,'../image/'),('Running447',1,'../image/'),('Running448',1,'../image/'),('Running452',1,'../image/'),('Running453',1,'../image/'),('Running457',1,'../image/'),('Running458',1,'../image/'),('Running462',1,'../image/'),('Running463',1,'../image/'),('Running467',1,'../image/'),('Running468',1,'../image/'),('Running472',1,'../image/'),('Running473',1,'../image/'),('Running477',1,'../image/'),('Running478',1,'../image/'),('Running482',1,'../image/'),('Running483',1,'../image/'),('Running487',1,'../image/'),('Running488',1,'../image/'),('Running492',1,'../image/'),('Running493',1,'../image/'),('Running497',1,'../image/'),('Running498',1,'../image/'),('Running502',1,'../image/'),('Running503',1,'../image/'),('Running507',1,'../image/'),('Running508',1,'../image/'),('Running512',1,'../image/'),('Running513',1,'../image/'),('Running517',1,'../image/'),('Running518',1,'../image/'),('Running522',1,'../image/'),('Running523',1,'../image/'),('Running527',1,'../image/'),('Running528',1,'../image/'),('Running532',1,'../image/'),('Running533',1,'../image/'),('Running537',1,'../image/'),('Running538',1,'../image/'),('Running542',1,'../image/'),('Running543',1,'../image/'),('Running547',1,'../image/'),('Running548',1,'../image/'),('Running552',1,'../image/'),('Running553',1,'../image/'),('Running557',1,'../image/'),('Running558',1,'../image/'),('Running562',1,'../image/'),('Running563',1,'../image/'),('Running567',1,'../image/'),('Running568',1,'../image/'),('Running572',1,'../image/'),('Running573',1,'../image/'),('Running577',1,'../image/'),('Running578',1,'../image/'),('Running582',1,'../image/'),('Running583',1,'../image/'),('Running587',1,'../image/'),('Running588',1,'../image/'),('Running592',1,'../image/'),('Running593',1,'../image/'),('Running597',1,'../image/'),('Running598',1,'../image/'),('Running602',1,'../image/'),('Running603',1,'../image/'),('Running607',1,'../image/'),('Running608',1,'../image/'),('Running612',1,'../image/'),('Running613',1,'../image/'),('Running617',1,'../image/'),('Running618',1,'../image/'),('Running622',1,'../image/'),('Running623',1,'../image/'),('Running627',1,'../image/'),('Running628',1,'../image/'),('Running632',1,'../image/'),('Running633',1,'../image/'),('Running637',1,'../image/'),('Running638',1,'../image/'),('Running642',1,'../image/'),('Running643',1,'../image/'),('Running647',1,'../image/'),('Running648',1,'../image/'),('Running652',1,'../image/'),('Running653',1,'../image/'),('Running657',1,'../image/'),('Running658',1,'../image/'),('Running662',1,'../image/'),('Running663',1,'../image/'),('Running667',1,'../image/'),('Running668',1,'../image/'),('Running672',1,'../image/'),('Running673',1,'../image/'),('Running677',1,'../image/'),('Running678',1,'../image/'),('Running682',1,'../image/'),('Running683',1,'../image/'),('Running687',1,'../image/'),('Running688',1,'../image/'),('Running692',1,'../image/'),('Running693',1,'../image/'),('Running697',1,'../image/'),('Running698',1,'../image/'),('Running702',1,'../image/'),('Running703',1,'../image/'),('Running707',1,'../image/'),('Running708',1,'../image/'),('Running712',1,'../image/'),('Running713',1,'../image/'),('Running717',1,'../image/'),('Running718',1,'../image/'),('Running722',1,'../image/'),('Running723',1,'../image/'),('Running727',1,'../image/'),('Running728',1,'../image/'),('Running732',1,'../image/'),('Running733',1,'../image/'),('Running737',1,'../image/'),('Running738',1,'../image/'),('Running742',1,'../image/'),('Running743',1,'../image/'),('Running747',1,'../image/'),('Running748',0,NULL),('Running752',0,NULL),('Running753',0,NULL),('Running757',0,NULL),('Running758',0,NULL),('Running762',0,NULL),('Running763',0,NULL),('Running767',0,NULL),('Running768',0,NULL),('Running772',0,NULL),('Running773',0,NULL),('Running777',0,NULL),('Running778',0,NULL),('Running782',0,NULL),('Running783',0,NULL),('Running787',0,NULL),('Running788',0,NULL),('Running792',0,NULL),('Running793',0,NULL),('Running797',0,NULL),('Running798',0,NULL),('Running802',0,NULL),('Running803',0,NULL),('Running807',0,NULL),('Running808',0,NULL),('Running812',0,NULL),('Running813',0,NULL),('Running817',0,NULL),('Running818',0,NULL),('Running822',0,NULL),('Running823',0,NULL),('Running827',0,NULL),('Running828',0,NULL),('Running832',0,NULL),('Running833',0,NULL),('Running837',0,NULL),('Running838',0,NULL),('Running842',0,NULL),('Running843',0,NULL),('Running847',0,NULL),('Running848',0,NULL),('Running852',0,NULL),('Running853',0,NULL),('Running857',0,NULL),('Running858',0,NULL),('Running862',0,NULL),('Running863',0,NULL),('Running867',0,NULL),('Running868',0,NULL),('Running872',0,NULL),('Running873',0,NULL),('Running877',0,NULL),('Running878',0,NULL),('Running882',0,NULL),('Running883',0,NULL),('Running887',0,NULL),('Running888',0,NULL),('Running892',0,NULL),('Running893',0,NULL),('Running897',0,NULL),('Running898',0,NULL),('Running902',0,NULL),('Running903',0,NULL),('Running907',0,NULL),('Running908',0,NULL),('Running912',0,NULL),('Running913',0,NULL),('Running917',0,NULL),('Running918',0,NULL),('Running922',0,NULL),('Running923',0,NULL),('Running927',0,NULL),('Running928',0,NULL),('Running932',0,NULL),('Running933',0,NULL),('Running937',0,NULL),('Running938',0,NULL),('Running942',0,NULL),('Running943',0,NULL),('Running947',0,NULL),('Running948',0,NULL),('Running952',0,NULL),('Running953',0,NULL),('Running957',0,NULL),('Running958',0,NULL),('Running962',0,NULL),('Running963',0,NULL),('Running967',0,NULL),('Running968',0,NULL),('Running972',0,NULL),('Running973',0,NULL),('Running977',0,NULL),('Running978',0,NULL),('Running982',0,NULL),('Running983',0,NULL),('Running987',0,NULL),('Running988',0,NULL),('Running992',0,NULL),('Running993',0,NULL),('Running997',0,NULL),('Running998',0,NULL);

#
# Structure for table "student"
#

CREATE TABLE `student` (
  `wxid` varchar(20) NOT NULL,
  `school` varchar(30) NOT NULL,
  `topprize` int(11) NOT NULL,
  `identification` int(11) NOT NULL,
  `img` varchar(1000) DEFAULT NULL,
  PRIMARY KEY (`wxid`),
  CONSTRAINT `student_ibfk_1` FOREIGN KEY (`wxid`) REFERENCES `user` (`wxid`)
) ENGINE=InnoDB DEFAULT CHARSET=utf8;

#
# Data for table "student"
#

REPLACE INTO `student` VALUES ('Running005','XX大学',10,0,NULL),('Running010','XX大学',9,1,'../image/'),('Running015','XX大学',8,2,'../image/'),('Running020','XX大学',7,0,NULL),('Running025','XX大学',6,1,'../image/'),('Running030','XX大学',5,2,'../image/'),('Running035','XX大学',4,0,NULL),('Running040','XX大学',3,1,'../image/'),('Running045','XX大学',2,2,'../image/'),('Running050','XX大学',9,0,NULL),('Running055','XX大学',10,1,'../image/'),('Running060','XX大学',10,2,'../image/'),('Running065','XX大学',9,0,NULL),('Running070','XX大学',8,1,'../image/'),('Running075','XX大学',7,2,'../image/'),('Running080','XX大学',6,0,NULL),('Running085','XX大学',5,1,'../image/'),('Running090','XX大学',4,2,'../image/'),('Running095','XX大学',3,0,NULL),('Running100','XX大学',2,1,'../image/'),('Running105','XX大学',9,2,'../image/'),('Running110','XX大学',10,0,NULL),('Running115','XX大学',10,1,'../image/'),('Running120','XX大学',9,2,'../image/'),('Running125','XX大学',8,0,NULL),('Running130','XX大学',7,1,'../image/'),('Running135','XX大学',6,2,'../image/'),('Running140','XX大学',5,0,NULL),('Running145','XX大学',4,1,'../image/'),('Running150','XX大学',3,2,'../image/'),('Running155','XX大学',2,0,NULL),('Running160','XX大学',9,1,'../image/'),('Running165','XX大学',10,2,'../image/'),('Running170','XX大学',10,0,NULL),('Running175','XX大学',9,1,'../image/'),('Running180','XX大学',8,2,'../image/'),('Running185','XX大学',7,0,NULL),('Running190','XX大学',6,1,'../image/'),('Running195','XX大学',5,2,'../image/'),('Running200','XX大学',4,0,NULL),('Running205','XX大学',3,1,'../image/'),('Running210','XX大学',2,2,'../image/'),('Running215','XX大学',9,0,NULL),('Running220','XX大学',10,1,'../image/'),('Running225','XX大学',10,2,'../image/'),('Running230','XX大学',9,0,NULL),('Running235','XX大学',8,1,'../image/'),('Running240','XX大学',7,2,'../image/'),('Running245','XX大学',6,0,NULL),('Running250','XX大学',5,1,'../image/'),('Running255','XX大学',4,2,'../image/'),('Running260','XX大学',3,0,NULL),('Running265','XX大学',2,1,'../image/'),('Running270','XX大学',9,2,'../image/'),('Running275','XX大学',10,0,NULL),('Running280','XX大学',10,1,'../image/'),('Running285','XX大学',9,2,'../image/'),('Running290','XX大学',8,0,NULL),('Running295','XX大学',7,1,'../image/'),('Running300','XX大学',6,2,'../image/'),('Running305','XX大学',5,0,NULL),('Running310','XX大学',4,1,'../image/'),('Running315','XX大学',3,2,'../image/'),('Running320','XX大学',2,0,NULL),('Running325','XX大学',9,1,'../image/'),('Running330','XX大学',10,2,'../image/'),('Running335','XX大学',10,0,NULL),('Running340','XX大学',9,1,'../image/'),('Running345','XX大学',8,2,'../image/'),('Running350','XX大学',7,0,NULL),('Running355','XX大学',6,1,'../image/'),('Running360','合肥工业大学',5,2,'../image/'),('Running365','合肥工业大学',4,0,NULL),('Running370','合肥工业大学',3,1,'../image/'),('Running375','合肥工业大学',2,2,'../image/'),('Running380','合肥工业大学',9,0,NULL),('Running385','合肥工业大学',10,1,'../image/'),('Running390','XX大学',10,2,'../image/'),('Running395','XX大学',9,0,NULL),('Running400','XX大学',8,1,'../image/'),('Running405','XX大学',7,2,'../image/'),('Running410','XX大学',6,0,NULL),('Running415','XX大学',5,1,'../image/'),('Running420','XX大学',4,2,'../image/'),('Running425','XX大学',3,0,NULL),('Running430','XX大学',2,1,'../image/'),('Running435','XX大学',9,2,'../image/'),('Running440','XX大学',10,0,NULL),('Running445','XX大学',10,1,'../image/'),('Running450','XX大学',9,2,'../image/'),('Running455','XX大学',8,0,NULL),('Running460','XX大学',7,1,'../image/'),('Running465','XX大学',6,2,'../image/'),('Running470','XX大学',5,0,NULL),('Running475','XX大学',4,1,'../image/'),('Running480','XX大学',3,2,'../image/'),('Running485','XX大学',2,0,NULL),('Running490','XX大学',9,1,'../image/'),('Running495','XX大学',10,2,'../image/'),('Running500','XX大学',10,0,NULL),('Running505','XX大学',9,1,'../image/'),('Running510','XX大学',8,2,'../image/'),('Running515','XX大学',7,0,NULL),('Running520','XX大学',6,1,'../image/'),('Running525','XX大学',5,2,'../image/'),('Running530','XX大学',4,0,NULL),('Running535','XX大学',3,1,'../image/'),('Running540','XX大学',2,2,'../image/'),('Running545','XX大学',9,0,NULL),('Running550','XX大学',10,1,'../image/'),('Running555','XX大学',10,2,'../image/'),('Running560','XX大学',9,0,NULL),('Running565','XX大学',8,1,'../image/'),('Running570','XX大学',7,2,'../image/'),('Running575','XX大学',6,0,NULL),('Running580','XX大学',5,1,'../image/'),('Running585','XX大学',4,2,'../image/'),('Running590','XX大学',3,0,NULL),('Running595','XX大学',2,1,'../image/'),('Running600','XX大学',9,2,'../image/'),('Running605','XX大学',10,0,NULL),('Running610','XX大学',10,1,'../image/'),('Running615','XX大学',9,2,'../image/'),('Running620','XX大学',8,0,NULL),('Running625','XX大学',7,1,'../image/'),('Running630','XX大学',6,2,'../image/'),('Running635','XX大学',5,0,NULL),('Running640','XX大学',4,1,'../image/'),('Running645','XX大学',3,2,'../image/'),('Running650','XX大学',2,0,NULL),('Running655','XX大学',9,1,'../image/'),('Running660','XX大学',10,2,'../image/'),('Running665','XX大学',10,0,NULL),('Running670','XX大学',9,1,'../image/'),('Running675','XX大学',8,2,'../image/'),('Running680','XX大学',7,0,NULL),('Running685','XX大学',6,1,'../image/'),('Running690','XX大学',5,2,'../image/'),('Running695','XX大学',4,0,NULL),('Running700','XX大学',3,1,'../image/'),('Running705','XX大学',2,2,'../image/'),('Running710','XX大学',9,0,NULL),('Running715','XX大学',10,1,'../image/'),('Running720','XX大学',10,2,'../image/'),('Running725','XX大学',9,0,NULL),('Running730','XX大学',8,1,'../image/'),('Running735','XX大学',7,2,'../image/'),('Running740','XX大学',6,0,NULL),('Running745','XX大学',5,1,'../image/'),('Running750','XX大学',4,2,'../image/'),('Running755','XX大学',3,0,NULL),('Running760','XX大学',2,1,'../image/'),('Running765','XX大学',9,2,'../image/'),('Running770','XX大学',10,0,NULL),('Running775','XX大学',10,1,'../image/'),('Running780','XX大学',9,2,'../image/'),('Running785','XX大学',8,0,NULL),('Running790','XX大学',7,1,'../image/'),('Running795','XX大学',6,2,'../image/'),('Running800','XX大学',5,0,NULL),('Running805','XX大学',4,1,'../image/'),('Running810','XX大学',3,2,'../image/'),('Running815','XX大学',2,0,NULL),('Running820','XX大学',9,1,'../image/'),('Running825','XX大学',10,2,'../image/'),('Running830','XX大学',10,0,NULL),('Running835','XX大学',9,1,'../image/'),('Running840','XX大学',8,2,'../image/'),('Running845','XX大学',7,0,NULL),('Running850','XX大学',6,1,'../image/'),('Running855','XX大学',5,2,'../image/'),('Running860','XX大学',4,0,NULL),('Running865','XX大学',3,1,'../image/'),('Running870','XX大学',2,2,'../image/'),('Running875','XX大学',9,0,NULL),('Running880','XX大学',10,1,'../image/'),('Running885','XX大学',10,2,'../image/'),('Running890','XX大学',9,0,NULL),('Running895','XX大学',8,1,'../image/'),('Running900','XX大学',7,2,'../image/'),('Running905','XX大学',6,0,NULL),('Running910','XX大学',5,1,'../image/'),('Running915','XX大学',4,2,'../image/'),('Running920','XX大学',3,0,NULL),('Running925','XX大学',2,1,'../image/'),('Running930','XX大学',9,2,'../image/'),('Running935','XX大学',10,0,NULL),('Running940','XX大学',10,1,'../image/'),('Running945','XX大学',9,2,'../image/'),('Running950','XX大学',8,0,NULL),('Running955','XX大学',7,1,'../image/'),('Running960','XX大学',6,2,'../image/'),('Running965','XX大学',5,0,NULL),('Running970','XX大学',4,1,'../image/'),('Running975','XX大学',3,2,'../image/'),('Running980','XX大学',2,0,NULL),('Running985','XX大学',9,1,'../image/'),('Running990','XX大学',10,2,'../image/'),('Running995','XX大学',10,0,NULL),('xinghecanlan','123456',0,2,'xinghecanlan.jpg'),('毳','jjjj',0,0,NULL),('请记住我的昵称','合肥工业大学',0,0,NULL),('郎','',0,2,'郎.png');

#
# Structure for table "post"
#

CREATE TABLE `post` (
  `pid` int(11) NOT NULL,
  `wxid` varchar(20) NOT NULL,
  `title` varchar(40) NOT NULL,
  `content` varchar(225) NOT NULL,
  `postingtime` timestamp NOT NULL DEFAULT CURRENT_TIMESTAMP ON UPDATE CURRENT_TIMESTAMP,
  `block` varchar(20) NOT NULL,
  `praisenum` int(11) NOT NULL,
  `criticismnum` int(11) NOT NULL,
  `eyesnum` int(11) NOT NULL,
  `commentsnum` int(11) NOT NULL,
  `fold` int(11) NOT NULL,
  `refinement` int(11) NOT NULL,
  `forbidcomment` int(11) NOT NULL,
  PRIMARY KEY (`pid`),
  KEY `wxid` (`wxid`),
  CONSTRAINT `post_ibfk_1` FOREIGN KEY (`wxid`) REFERENCES `user` (`wxid`)
) ENGINE=InnoDB DEFAULT CHARSET=utf8;

#
# Data for table "post"
#

REPLACE INTO `post` VALUES (8,'Running008','实验帖子8','实验帖子内容8：xxxxxxxxxxxxxxxxxxxxxxxxxxxxxxxxxxxxxxxxxxxxxxxxxxxxxxxxxxxxxxxxxxxxxxxxx','2019-01-18 14:54:22','北京',2,1,7848,1,0,1,1),(13,'Running013','实验帖子13','实验帖子内容13：xxxxxxxxxxxxxxxxxxxxxxxxxxxxxxxxxxxxxxxxxxxxxxxxxxxxxxxxxxxxxxxxxxxxxxxxx','2019-01-13 21:53:06','北京',1,1,9745,1,0,1,0),(15,'Running015','实验帖子15','实验帖子内容15：xxxxxxxxxxxxxxxxxxxxxxxxxxxxxxxxxxxxxxxxxxxxxxxxxxxxxxxxxxxxxxxxxxxxxxxxx','2019-01-18 10:59:25','北京',1,1,9472,1,1,1,0),(22,'Running022','实验帖子22','实验帖子内容22：xxxxxxxxxxxxxxxxxxxxxxxxxxxxxxxxxxxxxxxxxxxxxxxxxxxxxxxxxxxxxxxxxxxxxxxxx','2019-01-18 11:54:39','北京',1,1,9872,1,1,1,0),(24,'Running024','实验帖子24','实验帖子内容24：xxxxxxxxxxxxxxxxxxxxxxxxxxxxxxxxxxxxxxxxxxxxxxxxxxxxxxxxxxxxxxxxxxxxxxxxx','2019-01-18 14:55:38','北京',1,1,1723,0,0,1,0),(26,'Running026','实验帖子26','实验帖子内容26：xxxxxxxxxxxxxxxxxxxxxxxxxxxxxxxxxxxxxxxxxxxxxxxxxxxxxxxxxxxxxxxxxxxxxxxxx','2019-01-18 14:54:15','北京',2,1,5427,28,0,1,0),(27,'Running027','实验帖子27','实验帖子内容27：xxxxxxxxxxxxxxxxxxxxxxxxxxxxxxxxxxxxxxxxxxxxxxxxxxxxxxxxxxxxxxxxxxxxxxxxx','2019-01-13 21:53:06','北京',0,0,1117,1,0,0,0),(41,'Running041','实验帖子41','实验帖子内容41：xxxxxxxxxxxxxxxxxxxxxxxxxxxxxxxxxxxxxxxxxxxxxxxxxxxxxxxxxxxxxxxxxxxxxxxxx','2019-01-17 22:01:45','上海',0,1,1495,0,1,1,1),(44,'Running044','实验帖子44','实验帖子内容44：xxxxxxxxxxxxxxxxxxxxxxxxxxxxxxxxxxxxxxxxxxxxxxxxxxxxxxxxxxxxxxxxxxxxxxxxx','2019-01-17 21:33:27','上海',1,1,4426,1,0,1,0),(48,'Running048','实验帖子48','实验帖子内容48：xxxxxxxxxxxxxxxxxxxxxxxxxxxxxxxxxxxxxxxxxxxxxxxxxxxxxxxxxxxxxxxxxxxxxxxxx','2019-01-17 22:01:05','上海',1,1,6010,0,0,1,0),(50,'Running050','实验帖子50','实验帖子内容50：xxxxxxxxxxxxxxxxxxxxxxxxxxxxxxxxxxxxxxxxxxxxxxxxxxxxxxxxxxxxxxxxxxxxxxxxx','2019-01-17 22:52:30','上海',1,1,6747,1,0,1,0),(52,'Running052','实验帖子52','实验帖子内容52：xxxxxxxxxxxxxxxxxxxxxxxxxxxxxxxxxxxxxxxxxxxxxxxxxxxxxxxxxxxxxxxxxxxxxxxxx','2019-01-13 21:55:03','上海',1,1,4459,1,0,0,0),(56,'Running056','实验帖子56','实验帖子内容56：xxxxxxxxxxxxxxxxxxxxxxxxxxxxxxxxxxxxxxxxxxxxxxxxxxxxxxxxxxxxxxxxxxxxxxxxx','2019-01-13 21:55:03','上海',1,1,5282,1,0,0,0),(58,'Running058','实验帖子58','实验帖子内容58：xxxxxxxxxxxxxxxxxxxxxxxxxxxxxxxxxxxxxxxxxxxxxxxxxxxxxxxxxxxxxxxxxxxxxxxxx','2019-01-13 21:55:03','上海',1,1,7895,0,0,0,0),(59,'Running059','实验帖子59','实验帖子内容59：xxxxxxxxxxxxxxxxxxxxxxxxxxxxxxxxxxxxxxxxxxxxxxxxxxxxxxxxxxxxxxxxxxxxxxxxx','2019-01-13 21:55:03','上海',1,0,3890,0,0,0,0),(60,'Running060','实验帖子60','实验帖子内容60：xxxxxxxxxxxxxxxxxxxxxxxxxxxxxxxxxxxxxxxxxxxxxxxxxxxxxxxxxxxxxxxxxxxxxxxxx','2019-01-13 21:55:03','天津',1,0,6487,0,0,0,0),(61,'Running061','实验帖子61','实验帖子内容61：xxxxxxxxxxxxxxxxxxxxxxxxxxxxxxxxxxxxxxxxxxxxxxxxxxxxxxxxxxxxxxxxxxxxxxxxx','2019-01-13 21:55:03','天津',1,1,7194,0,0,0,0),(62,'Running062','实验帖子62','实验帖子内容62：xxxxxxxxxxxxxxxxxxxxxxxxxxxxxxxxxxxxxxxxxxxxxxxxxxxxxxxxxxxxxxxxxxxxxxxxx','2019-01-13 21:55:03','天津',0,0,575,0,0,0,0),(65,'Running065','实验帖子65','实验帖子内容65：xxxxxxxxxxxxxxxxxxxxxxxxxxxxxxxxxxxxxxxxxxxxxxxxxxxxxxxxxxxxxxxxxxxxxxxxx','2019-01-13 21:55:03','天津',0,0,898,1,0,0,0),(67,'Running067','实验帖子67','实验帖子内容67：xxxxxxxxxxxxxxxxxxxxxxxxxxxxxxxxxxxxxxxxxxxxxxxxxxxxxxxxxxxxxxxxxxxxxxxxx','2019-01-13 21:55:03','天津',1,0,2206,0,0,0,0),(68,'Running068','实验帖子68','实验帖子内容68：xxxxxxxxxxxxxxxxxxxxxxxxxxxxxxxxxxxxxxxxxxxxxxxxxxxxxxxxxxxxxxxxxxxxxxxxx','2019-01-13 21:55:03','天津',1,1,4572,1,0,0,0),(74,'Running074','实验帖子74','实验帖子内容74：xxxxxxxxxxxxxxxxxxxxxxxxxxxxxxxxxxxxxxxxxxxxxxxxxxxxxxxxxxxxxxxxxxxxxxxxx','2019-01-13 21:55:03','天津',1,1,5629,1,0,0,0),(75,'Running075','实验帖子75','实验帖子内容75：xxxxxxxxxxxxxxxxxxxxxxxxxxxxxxxxxxxxxxxxxxxxxxxxxxxxxxxxxxxxxxxxxxxxxxxxx','2019-01-13 21:55:03','天津',1,1,6697,0,0,0,0),(79,'Running079','实验帖子79','实验帖子内容79：xxxxxxxxxxxxxxxxxxxxxxxxxxxxxxxxxxxxxxxxxxxxxxxxxxxxxxxxxxxxxxxxxxxxxxxxx','2019-01-13 21:55:03','天津',1,1,5027,1,0,0,0),(80,'Running080','实验帖子80','实验帖子内容80：xxxxxxxxxxxxxxxxxxxxxxxxxxxxxxxxxxxxxxxxxxxxxxxxxxxxxxxxxxxxxxxxxxxxxxxxx','2019-01-13 21:55:03','天津',1,0,3505,1,0,0,0),(82,'Running082','实验帖子82','实验帖子内容82：xxxxxxxxxxxxxxxxxxxxxxxxxxxxxxxxxxxxxxxxxxxxxxxxxxxxxxxxxxxxxxxxxxxxxxxxx','2019-01-13 21:55:03','天津',0,0,339,0,0,0,0),(88,'Running088','实验帖子88','实验帖子内容88：xxxxxxxxxxxxxxxxxxxxxxxxxxxxxxxxxxxxxxxxxxxxxxxxxxxxxxxxxxxxxxxxxxxxxxxxx','2019-01-13 21:55:03','天津',0,0,3257,0,0,0,0),(89,'Running089','实验帖子89','实验帖子内容89：xxxxxxxxxxxxxxxxxxxxxxxxxxxxxxxxxxxxxxxxxxxxxxxxxxxxxxxxxxxxxxxxxxxxxxxxx','2019-01-13 21:55:03','天津',1,1,6730,0,0,0,0),(91,'Running091','实验帖子91','实验帖子内容91：xxxxxxxxxxxxxxxxxxxxxxxxxxxxxxxxxxxxxxxxxxxxxxxxxxxxxxxxxxxxxxxxxxxxxxxxx','2019-01-13 21:55:03','重庆',0,0,451,1,0,0,0),(92,'Running092','实验帖子92','实验帖子内容92：xxxxxxxxxxxxxxxxxxxxxxxxxxxxxxxxxxxxxxxxxxxxxxxxxxxxxxxxxxxxxxxxxxxxxxxxx','2019-01-13 21:55:03','重庆',1,1,5794,0,0,0,0),(98,'Running098','实验帖子98','实验帖子内容98：xxxxxxxxxxxxxxxxxxxxxxxxxxxxxxxxxxxxxxxxxxxxxxxxxxxxxxxxxxxxxxxxxxxxxxxxx','2019-01-13 21:55:03','重庆',0,1,1759,0,0,0,0),(99,'Running099','实验帖子99','实验帖子内容99：xxxxxxxxxxxxxxxxxxxxxxxxxxxxxxxxxxxxxxxxxxxxxxxxxxxxxxxxxxxxxxxxxxxxxxxxx','2019-01-13 21:55:03','重庆',0,0,7840,1,0,0,0),(104,'Running104','实验帖子104','实验帖子内容104：xxxxxxxxxxxxxxxxxxxxxxxxxxxxxxxxxxxxxxxxxxxxxxxxxxxxxxxxxxxxxxxxxxxxxxxxx','2019-01-13 21:55:03','重庆',1,0,7649,0,0,0,0),(106,'Running106','实验帖子106','实验帖子内容106：xxxxxxxxxxxxxxxxxxxxxxxxxxxxxxxxxxxxxxxxxxxxxxxxxxxxxxxxxxxxxxxxxxxxxxxxx','2019-01-13 21:55:03','重庆',1,1,6593,1,0,0,0),(107,'Running107','实验帖子107','实验帖子内容107：xxxxxxxxxxxxxxxxxxxxxxxxxxxxxxxxxxxxxxxxxxxxxxxxxxxxxxxxxxxxxxxxxxxxxxxxx','2019-01-13 21:55:03','重庆',1,0,7653,1,0,0,0),(111,'Running111','实验帖子111','实验帖子内容111：xxxxxxxxxxxxxxxxxxxxxxxxxxxxxxxxxxxxxxxxxxxxxxxxxxxxxxxxxxxxxxxxxxxxxxxxx','2019-01-13 21:55:03','重庆',1,1,7238,0,0,0,0),(113,'Running113','实验帖子113','实验帖子内容113：xxxxxxxxxxxxxxxxxxxxxxxxxxxxxxxxxxxxxxxxxxxxxxxxxxxxxxxxxxxxxxxxxxxxxxxxx','2019-01-13 21:55:03','重庆',0,1,3677,0,0,0,0),(114,'Running114','实验帖子114','实验帖子内容114：xxxxxxxxxxxxxxxxxxxxxxxxxxxxxxxxxxxxxxxxxxxxxxxxxxxxxxxxxxxxxxxxxxxxxxxxx','2019-01-13 21:55:03','重庆',1,0,9594,0,0,0,0),(115,'Running115','实验帖子115','实验帖子内容115：xxxxxxxxxxxxxxxxxxxxxxxxxxxxxxxxxxxxxxxxxxxxxxxxxxxxxxxxxxxxxxxxxxxxxxxxx','2019-01-13 21:55:03','重庆',1,1,8953,0,0,0,0),(116,'Running116','实验帖子116','实验帖子内容116：xxxxxxxxxxxxxxxxxxxxxxxxxxxxxxxxxxxxxxxxxxxxxxxxxxxxxxxxxxxxxxxxxxxxxxxxx','2019-01-13 21:55:03','重庆',1,1,7780,1,0,0,0),(117,'Running117','实验帖子117','实验帖子内容117：xxxxxxxxxxxxxxxxxxxxxxxxxxxxxxxxxxxxxxxxxxxxxxxxxxxxxxxxxxxxxxxxxxxxxxxxx','2019-01-13 21:55:03','重庆',1,1,6881,1,0,0,0),(119,'Running119','实验帖子119','实验帖子内容119：xxxxxxxxxxxxxxxxxxxxxxxxxxxxxxxxxxxxxxxxxxxxxxxxxxxxxxxxxxxxxxxxxxxxxxxxx','2019-01-13 22:06:00','河北',1,1,7680,0,0,0,0),(125,'Running125','实验帖子125','实验帖子内容125：xxxxxxxxxxxxxxxxxxxxxxxxxxxxxxxxxxxxxxxxxxxxxxxxxxxxxxxxxxxxxxxxxxxxxxxxx','2019-01-13 22:06:00','河北',0,0,596,1,0,0,0),(128,'Running128','实验帖子128','实验帖子内容128：xxxxxxxxxxxxxxxxxxxxxxxxxxxxxxxxxxxxxxxxxxxxxxxxxxxxxxxxxxxxxxxxxxxxxxxxx','2019-01-13 22:06:00','河北',1,1,7400,1,0,0,0),(129,'Running129','实验帖子129','实验帖子内容129：xxxxxxxxxxxxxxxxxxxxxxxxxxxxxxxxxxxxxxxxxxxxxxxxxxxxxxxxxxxxxxxxxxxxxxxxx','2019-01-13 22:06:00','河北',0,0,872,0,0,0,0),(130,'Running130','实验帖子130','实验帖子内容130：xxxxxxxxxxxxxxxxxxxxxxxxxxxxxxxxxxxxxxxxxxxxxxxxxxxxxxxxxxxxxxxxxxxxxxxxx','2019-01-13 22:06:00','河北',1,1,6346,1,0,0,0),(133,'Running133','实验帖子133','实验帖子内容133：xxxxxxxxxxxxxxxxxxxxxxxxxxxxxxxxxxxxxxxxxxxxxxxxxxxxxxxxxxxxxxxxxxxxxxxxx','2019-01-13 22:06:00','河北',1,1,7438,0,0,0,0),(135,'Running135','实验帖子135','实验帖子内容135：xxxxxxxxxxxxxxxxxxxxxxxxxxxxxxxxxxxxxxxxxxxxxxxxxxxxxxxxxxxxxxxxxxxxxxxxx','2019-01-13 22:06:00','河北',1,1,7868,1,0,0,0),(137,'Running137','实验帖子137','实验帖子内容137：xxxxxxxxxxxxxxxxxxxxxxxxxxxxxxxxxxxxxxxxxxxxxxxxxxxxxxxxxxxxxxxxxxxxxxxxx','2019-01-13 22:06:00','河北',1,0,6427,1,0,0,0),(138,'Running138','实验帖子138','实验帖子内容138：xxxxxxxxxxxxxxxxxxxxxxxxxxxxxxxxxxxxxxxxxxxxxxxxxxxxxxxxxxxxxxxxxxxxxxxxx','2019-01-13 22:06:00','河北',1,1,8222,0,0,0,0),(139,'Running139','实验帖子139','实验帖子内容139：xxxxxxxxxxxxxxxxxxxxxxxxxxxxxxxxxxxxxxxxxxxxxxxxxxxxxxxxxxxxxxxxxxxxxxxxx','2019-01-13 22:06:00','河北',0,0,2398,1,0,0,0),(142,'Running142','实验帖子142','实验帖子内容142：xxxxxxxxxxxxxxxxxxxxxxxxxxxxxxxxxxxxxxxxxxxxxxxxxxxxxxxxxxxxxxxxxxxxxxxxx','2019-01-13 22:06:00','河北',0,0,1500,0,0,0,0),(144,'Running144','实验帖子144','实验帖子内容144：xxxxxxxxxxxxxxxxxxxxxxxxxxxxxxxxxxxxxxxxxxxxxxxxxxxxxxxxxxxxxxxxxxxxxxxxx','2019-01-13 22:06:00','河北',1,0,6739,0,0,0,0),(146,'Running146','实验帖子146','实验帖子内容146：xxxxxxxxxxxxxxxxxxxxxxxxxxxxxxxxxxxxxxxxxxxxxxxxxxxxxxxxxxxxxxxxxxxxxxxxx','2019-01-13 22:06:00','河北',1,1,4514,1,0,0,0),(147,'Running147','实验帖子147','实验帖子内容147：xxxxxxxxxxxxxxxxxxxxxxxxxxxxxxxxxxxxxxxxxxxxxxxxxxxxxxxxxxxxxxxxxxxxxxxxx','2019-01-13 22:06:00','河北',0,0,270,1,0,0,0),(149,'Running149','实验帖子149','实验帖子内容149：xxxxxxxxxxxxxxxxxxxxxxxxxxxxxxxxxxxxxxxxxxxxxxxxxxxxxxxxxxxxxxxxxxxxxxxxx','2019-01-13 22:06:00','山西',1,1,6755,1,0,0,0),(150,'Running150','实验帖子150','实验帖子内容150：xxxxxxxxxxxxxxxxxxxxxxxxxxxxxxxxxxxxxxxxxxxxxxxxxxxxxxxxxxxxxxxxxxxxxxxxx','2019-01-13 22:06:00','山西',0,1,1524,1,0,0,0),(151,'Running151','实验帖子151','实验帖子内容151：xxxxxxxxxxxxxxxxxxxxxxxxxxxxxxxxxxxxxxxxxxxxxxxxxxxxxxxxxxxxxxxxxxxxxxxxx','2019-01-13 22:06:00','山西',0,0,877,0,0,0,0),(154,'Running154','实验帖子154','实验帖子内容154：xxxxxxxxxxxxxxxxxxxxxxxxxxxxxxxxxxxxxxxxxxxxxxxxxxxxxxxxxxxxxxxxxxxxxxxxx','2019-01-13 22:06:00','山西',1,1,9286,1,0,0,0),(158,'Running158','实验帖子158','实验帖子内容158：xxxxxxxxxxxxxxxxxxxxxxxxxxxxxxxxxxxxxxxxxxxxxxxxxxxxxxxxxxxxxxxxxxxxxxxxx','2019-01-13 22:06:00','山西',1,0,7058,0,0,0,0),(160,'Running160','实验帖子160','实验帖子内容160：xxxxxxxxxxxxxxxxxxxxxxxxxxxxxxxxxxxxxxxxxxxxxxxxxxxxxxxxxxxxxxxxxxxxxxxxx','2019-01-13 22:06:00','山西',0,0,931,0,0,0,0),(162,'Running162','实验帖子162','实验帖子内容162：xxxxxxxxxxxxxxxxxxxxxxxxxxxxxxxxxxxxxxxxxxxxxxxxxxxxxxxxxxxxxxxxxxxxxxxxx','2019-01-13 22:06:00','山西',1,0,6598,1,0,0,0),(163,'Running163','实验帖子163','实验帖子内容163：xxxxxxxxxxxxxxxxxxxxxxxxxxxxxxxxxxxxxxxxxxxxxxxxxxxxxxxxxxxxxxxxxxxxxxxxx','2019-01-13 22:06:00','山西',1,1,5475,0,0,0,0),(164,'Running164','实验帖子164','实验帖子内容164：xxxxxxxxxxxxxxxxxxxxxxxxxxxxxxxxxxxxxxxxxxxxxxxxxxxxxxxxxxxxxxxxxxxxxxxxx','2019-01-13 22:06:00','山西',1,1,2796,1,0,0,0),(166,'Running166','实验帖子166','实验帖子内容166：xxxxxxxxxxxxxxxxxxxxxxxxxxxxxxxxxxxxxxxxxxxxxxxxxxxxxxxxxxxxxxxxxxxxxxxxx','2019-01-13 22:06:00','山西',0,0,2165,1,0,0,0),(167,'Running167','实验帖子167','实验帖子内容167：xxxxxxxxxxxxxxxxxxxxxxxxxxxxxxxxxxxxxxxxxxxxxxxxxxxxxxxxxxxxxxxxxxxxxxxxx','2019-01-13 22:06:00','山西',1,1,9209,1,0,0,0),(168,'Running168','实验帖子168','实验帖子内容168：xxxxxxxxxxxxxxxxxxxxxxxxxxxxxxxxxxxxxxxxxxxxxxxxxxxxxxxxxxxxxxxxxxxxxxxxx','2019-01-13 22:06:00','山西',0,1,6253,1,0,0,0),(170,'Running170','实验帖子170','实验帖子内容170：xxxxxxxxxxxxxxxxxxxxxxxxxxxxxxxxxxxxxxxxxxxxxxxxxxxxxxxxxxxxxxxxxxxxxxxxx','2019-01-13 22:06:00','山西',0,0,515,1,0,0,0),(173,'Running173','实验帖子173','实验帖子内容173：xxxxxxxxxxxxxxxxxxxxxxxxxxxxxxxxxxxxxxxxxxxxxxxxxxxxxxxxxxxxxxxxxxxxxxxxx','2019-01-13 22:06:00','山西',1,1,5750,1,0,0,0),(175,'Running175','实验帖子175','实验帖子内容175：xxxxxxxxxxxxxxxxxxxxxxxxxxxxxxxxxxxxxxxxxxxxxxxxxxxxxxxxxxxxxxxxxxxxxxxxx','2019-01-13 22:06:00','山西',0,0,528,1,0,0,0),(177,'Running177','实验帖子177','实验帖子内容177：xxxxxxxxxxxxxxxxxxxxxxxxxxxxxxxxxxxxxxxxxxxxxxxxxxxxxxxxxxxxxxxxxxxxxxxxx','2019-01-13 22:06:00','山西',1,1,6268,1,0,0,0),(180,'Running180','实验帖子180','实验帖子内容180：xxxxxxxxxxxxxxxxxxxxxxxxxxxxxxxxxxxxxxxxxxxxxxxxxxxxxxxxxxxxxxxxxxxxxxxxx','2019-01-13 21:59:52','内蒙古',1,1,8758,1,0,0,0),(181,'Running181','实验帖子181','实验帖子内容181：xxxxxxxxxxxxxxxxxxxxxxxxxxxxxxxxxxxxxxxxxxxxxxxxxxxxxxxxxxxxxxxxxxxxxxxxx','2019-01-13 21:59:52','内蒙古',0,0,1669,0,0,0,0),(182,'Running182','实验帖子182','实验帖子内容182：xxxxxxxxxxxxxxxxxxxxxxxxxxxxxxxxxxxxxxxxxxxxxxxxxxxxxxxxxxxxxxxxxxxxxxxxx','2019-01-13 21:59:52','内蒙古',1,1,7347,0,0,0,0),(187,'Running187','实验帖子187','实验帖子内容187：xxxxxxxxxxxxxxxxxxxxxxxxxxxxxxxxxxxxxxxxxxxxxxxxxxxxxxxxxxxxxxxxxxxxxxxxx','2019-01-13 21:59:52','内蒙古',0,0,2871,0,0,0,0),(193,'Running193','实验帖子193','实验帖子内容193：xxxxxxxxxxxxxxxxxxxxxxxxxxxxxxxxxxxxxxxxxxxxxxxxxxxxxxxxxxxxxxxxxxxxxxxxx','2019-01-13 21:59:52','内蒙古',0,0,1002,1,0,0,0),(194,'Running194','实验帖子194','实验帖子内容194：xxxxxxxxxxxxxxxxxxxxxxxxxxxxxxxxxxxxxxxxxxxxxxxxxxxxxxxxxxxxxxxxxxxxxxxxx','2019-01-13 21:59:52','内蒙古',1,1,2514,0,0,0,0),(201,'Running201','实验帖子201','实验帖子内容201：xxxxxxxxxxxxxxxxxxxxxxxxxxxxxxxxxxxxxxxxxxxxxxxxxxxxxxxxxxxxxxxxxxxxxxxxx','2019-01-13 21:59:52','内蒙古',1,1,4077,1,0,0,0),(203,'Running203','实验帖子203','实验帖子内容203：xxxxxxxxxxxxxxxxxxxxxxxxxxxxxxxxxxxxxxxxxxxxxxxxxxxxxxxxxxxxxxxxxxxxxxxxx','2019-01-13 21:59:52','内蒙古',0,1,3256,1,0,0,0),(212,'Running212','实验帖子212','实验帖子内容212：xxxxxxxxxxxxxxxxxxxxxxxxxxxxxxxxxxxxxxxxxxxxxxxxxxxxxxxxxxxxxxxxxxxxxxxxx','2019-01-13 22:06:00','辽宁',1,1,7118,1,0,0,0),(213,'Running213','实验帖子213','实验帖子内容213：xxxxxxxxxxxxxxxxxxxxxxxxxxxxxxxxxxxxxxxxxxxxxxxxxxxxxxxxxxxxxxxxxxxxxxxxx','2019-01-13 22:06:00','辽宁',1,0,1622,0,0,0,0),(214,'Running214','实验帖子214','实验帖子内容214：xxxxxxxxxxxxxxxxxxxxxxxxxxxxxxxxxxxxxxxxxxxxxxxxxxxxxxxxxxxxxxxxxxxxxxxxx','2019-01-13 22:06:00','辽宁',0,1,1334,1,0,0,0),(216,'Running216','实验帖子216','实验帖子内容216：xxxxxxxxxxxxxxxxxxxxxxxxxxxxxxxxxxxxxxxxxxxxxxxxxxxxxxxxxxxxxxxxxxxxxxxxx','2019-01-13 22:06:00','辽宁',1,1,9293,0,0,0,0),(223,'Running223','实验帖子223','实验帖子内容223：xxxxxxxxxxxxxxxxxxxxxxxxxxxxxxxxxxxxxxxxxxxxxxxxxxxxxxxxxxxxxxxxxxxxxxxxx','2019-01-13 22:06:00','辽宁',1,1,9503,0,0,0,0),(225,'Running225','实验帖子225','实验帖子内容225：xxxxxxxxxxxxxxxxxxxxxxxxxxxxxxxxxxxxxxxxxxxxxxxxxxxxxxxxxxxxxxxxxxxxxxxxx','2019-01-13 22:06:00','辽宁',1,1,4876,0,0,0,0),(230,'Running230','实验帖子230','实验帖子内容230：xxxxxxxxxxxxxxxxxxxxxxxxxxxxxxxxxxxxxxxxxxxxxxxxxxxxxxxxxxxxxxxxxxxxxxxxx','2019-01-13 22:06:00','辽宁',0,1,5139,0,0,0,0),(231,'Running231','实验帖子231','实验帖子内容231：xxxxxxxxxxxxxxxxxxxxxxxxxxxxxxxxxxxxxxxxxxxxxxxxxxxxxxxxxxxxxxxxxxxxxxxxx','2019-01-13 22:06:00','辽宁',1,1,5761,0,0,0,0),(234,'Running234','实验帖子234','实验帖子内容234：xxxxxxxxxxxxxxxxxxxxxxxxxxxxxxxxxxxxxxxxxxxxxxxxxxxxxxxxxxxxxxxxxxxxxxxxx','2019-01-13 22:06:00','辽宁',1,1,7093,0,0,0,0),(235,'Running235','实验帖子235','实验帖子内容235：xxxxxxxxxxxxxxxxxxxxxxxxxxxxxxxxxxxxxxxxxxxxxxxxxxxxxxxxxxxxxxxxxxxxxxxxx','2019-01-13 22:06:00','辽宁',1,1,9369,0,0,0,0),(239,'Running239','实验帖子239','实验帖子内容239：xxxxxxxxxxxxxxxxxxxxxxxxxxxxxxxxxxxxxxxxxxxxxxxxxxxxxxxxxxxxxxxxxxxxxxxxx','2019-01-13 22:06:00','吉林',1,1,8973,1,0,0,0),(240,'Running240','实验帖子240','实验帖子内容240：xxxxxxxxxxxxxxxxxxxxxxxxxxxxxxxxxxxxxxxxxxxxxxxxxxxxxxxxxxxxxxxxxxxxxxxxx','2019-01-13 22:06:00','吉林',0,1,2194,0,0,0,0),(241,'Running241','实验帖子241','实验帖子内容241：xxxxxxxxxxxxxxxxxxxxxxxxxxxxxxxxxxxxxxxxxxxxxxxxxxxxxxxxxxxxxxxxxxxxxxxxx','2019-01-13 22:06:00','吉林',1,1,9015,1,0,0,0),(242,'Running242','实验帖子242','实验帖子内容242：xxxxxxxxxxxxxxxxxxxxxxxxxxxxxxxxxxxxxxxxxxxxxxxxxxxxxxxxxxxxxxxxxxxxxxxxx','2019-01-13 22:06:00','吉林',1,1,3258,0,0,0,0),(243,'Running243','实验帖子243','实验帖子内容243：xxxxxxxxxxxxxxxxxxxxxxxxxxxxxxxxxxxxxxxxxxxxxxxxxxxxxxxxxxxxxxxxxxxxxxxxx','2019-01-13 22:06:00','吉林',1,1,6957,1,0,0,0),(246,'Running246','实验帖子246','实验帖子内容246：xxxxxxxxxxxxxxxxxxxxxxxxxxxxxxxxxxxxxxxxxxxxxxxxxxxxxxxxxxxxxxxxxxxxxxxxx','2019-01-13 22:06:00','吉林',1,0,3485,0,0,0,0),(248,'Running248','实验帖子248','实验帖子内容248：xxxxxxxxxxxxxxxxxxxxxxxxxxxxxxxxxxxxxxxxxxxxxxxxxxxxxxxxxxxxxxxxxxxxxxxxx','2019-01-13 22:06:00','吉林',1,1,9338,0,0,0,0),(251,'Running251','实验帖子251','实验帖子内容251：xxxxxxxxxxxxxxxxxxxxxxxxxxxxxxxxxxxxxxxxxxxxxxxxxxxxxxxxxxxxxxxxxxxxxxxxx','2019-01-13 22:06:00','吉林',0,0,96,1,0,0,0),(256,'Running256','实验帖子256','实验帖子内容256：xxxxxxxxxxxxxxxxxxxxxxxxxxxxxxxxxxxxxxxxxxxxxxxxxxxxxxxxxxxxxxxxxxxxxxxxx','2019-01-13 22:06:00','吉林',1,1,8007,1,0,0,0),(261,'Running261','实验帖子261','实验帖子内容261：xxxxxxxxxxxxxxxxxxxxxxxxxxxxxxxxxxxxxxxxxxxxxxxxxxxxxxxxxxxxxxxxxxxxxxxxx','2019-01-13 22:06:00','吉林',1,1,7249,0,0,0,0),(264,'Running264','实验帖子264','实验帖子内容264：xxxxxxxxxxxxxxxxxxxxxxxxxxxxxxxxxxxxxxxxxxxxxxxxxxxxxxxxxxxxxxxxxxxxxxxxx','2019-01-13 22:06:00','吉林',0,0,2265,0,0,0,0),(267,'Running267','实验帖子267','实验帖子内容267：xxxxxxxxxxxxxxxxxxxxxxxxxxxxxxxxxxxxxxxxxxxxxxxxxxxxxxxxxxxxxxxxxxxxxxxxx','2019-01-13 22:06:00','吉林',1,1,9270,1,0,0,0),(271,'Running271','实验帖子271','实验帖子内容271：xxxxxxxxxxxxxxxxxxxxxxxxxxxxxxxxxxxxxxxxxxxxxxxxxxxxxxxxxxxxxxxxxxxxxxxxx','2019-01-13 22:06:00','黑龙江',1,1,2630,1,0,0,0),(273,'Running273','实验帖子273','实验帖子内容273：xxxxxxxxxxxxxxxxxxxxxxxxxxxxxxxxxxxxxxxxxxxxxxxxxxxxxxxxxxxxxxxxxxxxxxxxx','2019-01-13 22:06:00','黑龙江',1,0,4197,0,0,0,0),(274,'Running274','实验帖子274','实验帖子内容274：xxxxxxxxxxxxxxxxxxxxxxxxxxxxxxxxxxxxxxxxxxxxxxxxxxxxxxxxxxxxxxxxxxxxxxxxx','2019-01-13 22:06:00','黑龙江',0,0,834,0,0,0,0),(275,'Running275','实验帖子275','实验帖子内容275：xxxxxxxxxxxxxxxxxxxxxxxxxxxxxxxxxxxxxxxxxxxxxxxxxxxxxxxxxxxxxxxxxxxxxxxxx','2019-01-13 22:06:00','黑龙江',0,1,3431,0,0,0,0),(278,'Running278','实验帖子278','实验帖子内容278：xxxxxxxxxxxxxxxxxxxxxxxxxxxxxxxxxxxxxxxxxxxxxxxxxxxxxxxxxxxxxxxxxxxxxxxxx','2019-01-13 22:06:00','黑龙江',0,0,3801,0,0,0,0),(279,'Running279','实验帖子279','实验帖子内容279：xxxxxxxxxxxxxxxxxxxxxxxxxxxxxxxxxxxxxxxxxxxxxxxxxxxxxxxxxxxxxxxxxxxxxxxxx','2019-01-13 22:06:00','黑龙江',1,1,6558,0,0,0,0),(281,'Running281','实验帖子281','实验帖子内容281：xxxxxxxxxxxxxxxxxxxxxxxxxxxxxxxxxxxxxxxxxxxxxxxxxxxxxxxxxxxxxxxxxxxxxxxxx','2019-01-13 22:06:00','黑龙江',0,1,7296,1,0,0,0),(282,'Running282','实验帖子282','实验帖子内容282：xxxxxxxxxxxxxxxxxxxxxxxxxxxxxxxxxxxxxxxxxxxxxxxxxxxxxxxxxxxxxxxxxxxxxxxxx','2019-01-13 22:06:00','黑龙江',0,0,3769,0,0,0,0),(286,'Running286','实验帖子286','实验帖子内容286：xxxxxxxxxxxxxxxxxxxxxxxxxxxxxxxxxxxxxxxxxxxxxxxxxxxxxxxxxxxxxxxxxxxxxxxxx','2019-01-13 22:06:00','黑龙江',1,1,9999,0,0,0,0),(288,'Running288','实验帖子288','实验帖子内容288：xxxxxxxxxxxxxxxxxxxxxxxxxxxxxxxxxxxxxxxxxxxxxxxxxxxxxxxxxxxxxxxxxxxxxxxxx','2019-01-13 22:06:00','黑龙江',1,1,9194,1,0,0,0),(289,'Running289','实验帖子289','实验帖子内容289：xxxxxxxxxxxxxxxxxxxxxxxxxxxxxxxxxxxxxxxxxxxxxxxxxxxxxxxxxxxxxxxxxxxxxxxxx','2019-01-13 22:06:00','黑龙江',0,0,241,0,0,0,0),(290,'Running290','实验帖子290','实验帖子内容290：xxxxxxxxxxxxxxxxxxxxxxxxxxxxxxxxxxxxxxxxxxxxxxxxxxxxxxxxxxxxxxxxxxxxxxxxx','2019-01-13 22:06:00','黑龙江',0,0,4246,1,0,0,0),(292,'Running292','实验帖子292','实验帖子内容292：xxxxxxxxxxxxxxxxxxxxxxxxxxxxxxxxxxxxxxxxxxxxxxxxxxxxxxxxxxxxxxxxxxxxxxxxx','2019-01-13 22:06:00','黑龙江',1,1,3891,1,0,0,0),(293,'Running293','实验帖子293','实验帖子内容293：xxxxxxxxxxxxxxxxxxxxxxxxxxxxxxxxxxxxxxxxxxxxxxxxxxxxxxxxxxxxxxxxxxxxxxxxx','2019-01-13 22:06:00','黑龙江',1,0,7300,1,0,0,0),(294,'Running294','实验帖子294','实验帖子内容294：xxxxxxxxxxxxxxxxxxxxxxxxxxxxxxxxxxxxxxxxxxxxxxxxxxxxxxxxxxxxxxxxxxxxxxxxx','2019-01-13 22:06:00','黑龙江',0,0,770,0,0,0,0),(296,'Running296','实验帖子296','实验帖子内容296：xxxxxxxxxxxxxxxxxxxxxxxxxxxxxxxxxxxxxxxxxxxxxxxxxxxxxxxxxxxxxxxxxxxxxxxxx','2019-01-13 22:06:00','黑龙江',1,0,6430,1,0,0,0),(297,'Running297','实验帖子297','实验帖子内容297：xxxxxxxxxxxxxxxxxxxxxxxxxxxxxxxxxxxxxxxxxxxxxxxxxxxxxxxxxxxxxxxxxxxxxxxxx','2019-01-13 22:06:00','黑龙江',1,1,2094,1,0,0,0),(298,'Running298','实验帖子298','实验帖子内容298：xxxxxxxxxxxxxxxxxxxxxxxxxxxxxxxxxxxxxxxxxxxxxxxxxxxxxxxxxxxxxxxxxxxxxxxxx','2019-01-13 22:06:00','黑龙江',1,1,6327,1,0,0,0),(299,'Running299','实验帖子299','实验帖子内容299：xxxxxxxxxxxxxxxxxxxxxxxxxxxxxxxxxxxxxxxxxxxxxxxxxxxxxxxxxxxxxxxxxxxxxxxxx','2019-01-13 22:06:00','黑龙江',1,1,2961,1,0,0,0),(302,'Running302','实验帖子302','实验帖子内容302：xxxxxxxxxxxxxxxxxxxxxxxxxxxxxxxxxxxxxxxxxxxxxxxxxxxxxxxxxxxxxxxxxxxxxxxxx','2019-01-13 22:06:00','江苏',0,0,176,1,0,0,0),(303,'Running303','实验帖子303','实验帖子内容303：xxxxxxxxxxxxxxxxxxxxxxxxxxxxxxxxxxxxxxxxxxxxxxxxxxxxxxxxxxxxxxxxxxxxxxxxx','2019-01-13 22:06:00','江苏',1,1,2575,0,0,0,0),(304,'Running304','实验帖子304','实验帖子内容304：xxxxxxxxxxxxxxxxxxxxxxxxxxxxxxxxxxxxxxxxxxxxxxxxxxxxxxxxxxxxxxxxxxxxxxxxx','2019-01-13 22:06:00','江苏',1,1,9568,0,0,0,0),(305,'Running305','实验帖子305','实验帖子内容305：xxxxxxxxxxxxxxxxxxxxxxxxxxxxxxxxxxxxxxxxxxxxxxxxxxxxxxxxxxxxxxxxxxxxxxxxx','2019-01-13 22:06:00','江苏',0,0,1919,1,0,0,0),(306,'Running306','实验帖子306','实验帖子内容306：xxxxxxxxxxxxxxxxxxxxxxxxxxxxxxxxxxxxxxxxxxxxxxxxxxxxxxxxxxxxxxxxxxxxxxxxx','2019-01-13 22:06:00','江苏',0,0,4074,0,0,0,0),(307,'Running307','实验帖子307','实验帖子内容307：xxxxxxxxxxxxxxxxxxxxxxxxxxxxxxxxxxxxxxxxxxxxxxxxxxxxxxxxxxxxxxxxxxxxxxxxx','2019-01-13 22:06:00','江苏',1,1,8694,0,0,0,0),(311,'Running311','实验帖子311','实验帖子内容311：xxxxxxxxxxxxxxxxxxxxxxxxxxxxxxxxxxxxxxxxxxxxxxxxxxxxxxxxxxxxxxxxxxxxxxxxx','2019-01-13 22:06:00','江苏',1,1,6200,1,0,0,0),(313,'Running313','实验帖子313','实验帖子内容313：xxxxxxxxxxxxxxxxxxxxxxxxxxxxxxxxxxxxxxxxxxxxxxxxxxxxxxxxxxxxxxxxxxxxxxxxx','2019-01-13 22:06:00','江苏',1,1,8777,0,0,0,0),(314,'Running314','实验帖子314','实验帖子内容314：xxxxxxxxxxxxxxxxxxxxxxxxxxxxxxxxxxxxxxxxxxxxxxxxxxxxxxxxxxxxxxxxxxxxxxxxx','2019-01-13 22:06:00','江苏',1,1,1551,0,0,0,0),(317,'Running317','实验帖子317','实验帖子内容317：xxxxxxxxxxxxxxxxxxxxxxxxxxxxxxxxxxxxxxxxxxxxxxxxxxxxxxxxxxxxxxxxxxxxxxxxx','2019-01-13 22:06:00','江苏',1,0,1738,1,0,0,0),(327,'Running327','实验帖子327','实验帖子内容327：xxxxxxxxxxxxxxxxxxxxxxxxxxxxxxxxxxxxxxxxxxxxxxxxxxxxxxxxxxxxxxxxxxxxxxxxx','2019-01-13 22:06:00','江苏',1,1,5255,0,0,0,0),(330,'Running330','实验帖子330','实验帖子内容330：xxxxxxxxxxxxxxxxxxxxxxxxxxxxxxxxxxxxxxxxxxxxxxxxxxxxxxxxxxxxxxxxxxxxxxxxx','2019-01-18 14:54:29','浙江',1,0,1940,0,0,1,0),(331,'Running331','实验帖子331','实验帖子内容331：xxxxxxxxxxxxxxxxxxxxxxxxxxxxxxxxxxxxxxxxxxxxxxxxxxxxxxxxxxxxxxxxxxxxxxxxx','2019-01-18 10:46:30','浙江',0,0,440,0,0,1,0),(333,'Running333','实验帖子333','实验帖子内容333：xxxxxxxxxxxxxxxxxxxxxxxxxxxxxxxxxxxxxxxxxxxxxxxxxxxxxxxxxxxxxxxxxxxxxxxxx','2019-01-18 10:46:30','浙江',1,0,2730,1,0,1,0),(336,'Running336','实验帖子336','实验帖子内容336：xxxxxxxxxxxxxxxxxxxxxxxxxxxxxxxxxxxxxxxxxxxxxxxxxxxxxxxxxxxxxxxxxxxxxxxxx','2019-01-13 22:06:00','浙江',0,0,2376,0,0,0,0),(338,'Running338','实验帖子338','实验帖子内容338：xxxxxxxxxxxxxxxxxxxxxxxxxxxxxxxxxxxxxxxxxxxxxxxxxxxxxxxxxxxxxxxxxxxxxxxxx','2019-01-13 22:06:00','浙江',0,1,2978,1,0,0,0),(340,'Running340','实验帖子340','实验帖子内容340：xxxxxxxxxxxxxxxxxxxxxxxxxxxxxxxxxxxxxxxxxxxxxxxxxxxxxxxxxxxxxxxxxxxxxxxxx','2019-01-13 22:06:00','浙江',1,1,9697,1,0,0,0),(341,'Running341','实验帖子341','实验帖子内容341：xxxxxxxxxxxxxxxxxxxxxxxxxxxxxxxxxxxxxxxxxxxxxxxxxxxxxxxxxxxxxxxxxxxxxxxxx','2019-01-13 22:06:00','浙江',1,1,1824,1,0,0,0),(343,'Running343','实验帖子343','实验帖子内容343：xxxxxxxxxxxxxxxxxxxxxxxxxxxxxxxxxxxxxxxxxxxxxxxxxxxxxxxxxxxxxxxxxxxxxxxxx','2019-01-13 22:06:00','浙江',1,1,7132,1,0,0,0),(346,'Running346','实验帖子346','实验帖子内容346：xxxxxxxxxxxxxxxxxxxxxxxxxxxxxxxxxxxxxxxxxxxxxxxxxxxxxxxxxxxxxxxxxxxxxxxxx','2019-01-13 22:06:00','浙江',0,1,9996,1,0,0,0),(347,'Running347','实验帖子347','实验帖子内容347：xxxxxxxxxxxxxxxxxxxxxxxxxxxxxxxxxxxxxxxxxxxxxxxxxxxxxxxxxxxxxxxxxxxxxxxxx','2019-01-13 22:06:00','浙江',1,1,9351,1,0,0,0),(348,'Running348','实验帖子348','实验帖子内容348：xxxxxxxxxxxxxxxxxxxxxxxxxxxxxxxxxxxxxxxxxxxxxxxxxxxxxxxxxxxxxxxxxxxxxxxxx','2019-01-13 22:06:00','浙江',1,1,9157,1,0,0,0),(349,'Running349','实验帖子349','实验帖子内容349：xxxxxxxxxxxxxxxxxxxxxxxxxxxxxxxxxxxxxxxxxxxxxxxxxxxxxxxxxxxxxxxxxxxxxxxxx','2019-01-13 22:06:00','浙江',1,1,8732,0,0,0,0),(350,'Running350','实验帖子350','实验帖子内容350：xxxxxxxxxxxxxxxxxxxxxxxxxxxxxxxxxxxxxxxxxxxxxxxxxxxxxxxxxxxxxxxxxxxxxxxxx','2019-01-13 22:06:00','浙江',1,1,5454,1,0,0,0),(351,'Running351','实验帖子351','实验帖子内容351：xxxxxxxxxxxxxxxxxxxxxxxxxxxxxxxxxxxxxxxxxxxxxxxxxxxxxxxxxxxxxxxxxxxxxxxxx','2019-01-13 22:06:00','浙江',1,1,9285,1,0,0,0),(352,'Running352','实验帖子352','实验帖子内容352：xxxxxxxxxxxxxxxxxxxxxxxxxxxxxxxxxxxxxxxxxxxxxxxxxxxxxxxxxxxxxxxxxxxxxxxxx','2019-01-13 22:06:00','浙江',1,1,9810,1,0,0,0),(355,'Running355','实验帖子355','实验帖子内容355：xxxxxxxxxxxxxxxxxxxxxxxxxxxxxxxxxxxxxxxxxxxxxxxxxxxxxxxxxxxxxxxxxxxxxxxxx','2019-01-13 22:06:00','浙江',1,1,9318,0,0,0,0),(360,'Running360','实验帖子360','实验帖子内容360：xxxxxxxxxxxxxxxxxxxxxxxxxxxxxxxxxxxxxxxxxxxxxxxxxxxxxxxxxxxxxxxxxxxxxxxxx','2019-01-13 22:06:00','安徽',1,1,8003,1,0,0,0),(362,'Running362','实验帖子362','实验帖子内容362：xxxxxxxxxxxxxxxxxxxxxxxxxxxxxxxxxxxxxxxxxxxxxxxxxxxxxxxxxxxxxxxxxxxxxxxxx','2019-01-13 22:06:00','安徽',0,1,8217,0,0,0,0),(363,'Running363','实验帖子363','实验帖子内容363：xxxxxxxxxxxxxxxxxxxxxxxxxxxxxxxxxxxxxxxxxxxxxxxxxxxxxxxxxxxxxxxxxxxxxxxxx','2019-01-13 22:06:00','安徽',1,1,1709,0,0,0,0),(365,'Running365','实验帖子365','实验帖子内容365：xxxxxxxxxxxxxxxxxxxxxxxxxxxxxxxxxxxxxxxxxxxxxxxxxxxxxxxxxxxxxxxxxxxxxxxxx','2019-01-13 22:06:00','安徽',1,1,2244,1,0,0,0),(369,'Running369','实验帖子369','实验帖子内容369：xxxxxxxxxxxxxxxxxxxxxxxxxxxxxxxxxxxxxxxxxxxxxxxxxxxxxxxxxxxxxxxxxxxxxxxxx','2019-01-13 22:06:00','安徽',0,1,4978,1,0,0,0),(371,'Running371','实验帖子371','实验帖子内容371：xxxxxxxxxxxxxxxxxxxxxxxxxxxxxxxxxxxxxxxxxxxxxxxxxxxxxxxxxxxxxxxxxxxxxxxxx','2019-01-13 22:06:00','安徽',1,0,5587,1,0,0,0),(373,'Running373','实验帖子373','实验帖子内容373：xxxxxxxxxxxxxxxxxxxxxxxxxxxxxxxxxxxxxxxxxxxxxxxxxxxxxxxxxxxxxxxxxxxxxxxxx','2019-01-13 22:06:00','安徽',1,1,6972,1,0,0,0),(376,'Running376','实验帖子376','实验帖子内容376：xxxxxxxxxxxxxxxxxxxxxxxxxxxxxxxxxxxxxxxxxxxxxxxxxxxxxxxxxxxxxxxxxxxxxxxxx','2019-01-13 22:06:00','安徽',0,1,3655,0,0,0,0),(377,'Running377','实验帖子377','实验帖子内容377：xxxxxxxxxxxxxxxxxxxxxxxxxxxxxxxxxxxxxxxxxxxxxxxxxxxxxxxxxxxxxxxxxxxxxxxxx','2019-01-13 22:06:00','安徽',1,1,4356,1,0,0,0),(378,'Running378','实验帖子378','实验帖子内容378：xxxxxxxxxxxxxxxxxxxxxxxxxxxxxxxxxxxxxxxxxxxxxxxxxxxxxxxxxxxxxxxxxxxxxxxxx','2019-01-13 22:06:00','安徽',1,1,9105,1,0,0,0),(381,'Running381','实验帖子381','实验帖子内容381：xxxxxxxxxxxxxxxxxxxxxxxxxxxxxxxxxxxxxxxxxxxxxxxxxxxxxxxxxxxxxxxxxxxxxxxxx','2019-01-13 22:06:00','安徽',0,1,5765,0,0,0,0),(384,'Running384','实验帖子384','实验帖子内容384：xxxxxxxxxxxxxxxxxxxxxxxxxxxxxxxxxxxxxxxxxxxxxxxxxxxxxxxxxxxxxxxxxxxxxxxxx','2019-01-13 22:06:00','安徽',1,1,9239,0,0,0,0),(385,'Running385','实验帖子385','实验帖子内容385：xxxxxxxxxxxxxxxxxxxxxxxxxxxxxxxxxxxxxxxxxxxxxxxxxxxxxxxxxxxxxxxxxxxxxxxxx','2019-01-13 22:06:00','安徽',0,1,2330,1,0,0,0),(387,'Running387','实验帖子387','实验帖子内容387：xxxxxxxxxxxxxxxxxxxxxxxxxxxxxxxxxxxxxxxxxxxxxxxxxxxxxxxxxxxxxxxxxxxxxxxxx','2019-01-13 22:06:00','安徽',1,1,4053,1,0,0,0),(392,'Running392','实验帖子392','实验帖子内容392：xxxxxxxxxxxxxxxxxxxxxxxxxxxxxxxxxxxxxxxxxxxxxxxxxxxxxxxxxxxxxxxxxxxxxxxxx','2019-01-13 22:06:00','福建',1,1,5411,1,0,0,0),(395,'Running395','实验帖子395','实验帖子内容395：xxxxxxxxxxxxxxxxxxxxxxxxxxxxxxxxxxxxxxxxxxxxxxxxxxxxxxxxxxxxxxxxxxxxxxxxx','2019-01-13 22:06:00','福建',1,1,6767,1,0,0,0),(396,'Running396','实验帖子396','实验帖子内容396：xxxxxxxxxxxxxxxxxxxxxxxxxxxxxxxxxxxxxxxxxxxxxxxxxxxxxxxxxxxxxxxxxxxxxxxxx','2019-01-13 22:06:00','福建',1,1,6550,1,0,0,0),(399,'Running399','实验帖子399','实验帖子内容399：xxxxxxxxxxxxxxxxxxxxxxxxxxxxxxxxxxxxxxxxxxxxxxxxxxxxxxxxxxxxxxxxxxxxxxxxx','2019-01-13 22:06:00','福建',0,0,146,0,0,0,0),(402,'Running402','实验帖子402','实验帖子内容402：xxxxxxxxxxxxxxxxxxxxxxxxxxxxxxxxxxxxxxxxxxxxxxxxxxxxxxxxxxxxxxxxxxxxxxxxx','2019-01-13 22:06:00','福建',1,0,7779,0,0,0,0),(403,'Running403','实验帖子403','实验帖子内容403：xxxxxxxxxxxxxxxxxxxxxxxxxxxxxxxxxxxxxxxxxxxxxxxxxxxxxxxxxxxxxxxxxxxxxxxxx','2019-01-13 22:06:00','福建',0,1,7217,0,0,0,0),(404,'Running404','实验帖子404','实验帖子内容404：xxxxxxxxxxxxxxxxxxxxxxxxxxxxxxxxxxxxxxxxxxxxxxxxxxxxxxxxxxxxxxxxxxxxxxxxx','2019-01-13 22:06:00','福建',1,1,7471,0,0,0,0),(405,'Running405','实验帖子405','实验帖子内容405：xxxxxxxxxxxxxxxxxxxxxxxxxxxxxxxxxxxxxxxxxxxxxxxxxxxxxxxxxxxxxxxxxxxxxxxxx','2019-01-13 22:06:00','福建',1,1,7159,0,0,0,0),(406,'Running406','实验帖子406','实验帖子内容406：xxxxxxxxxxxxxxxxxxxxxxxxxxxxxxxxxxxxxxxxxxxxxxxxxxxxxxxxxxxxxxxxxxxxxxxxx','2019-01-13 22:06:00','福建',1,1,6702,0,0,0,0),(407,'Running407','实验帖子407','实验帖子内容407：xxxxxxxxxxxxxxxxxxxxxxxxxxxxxxxxxxxxxxxxxxxxxxxxxxxxxxxxxxxxxxxxxxxxxxxxx','2019-01-13 22:06:00','福建',1,0,2863,0,0,0,0),(411,'Running411','实验帖子411','实验帖子内容411：xxxxxxxxxxxxxxxxxxxxxxxxxxxxxxxxxxxxxxxxxxxxxxxxxxxxxxxxxxxxxxxxxxxxxxxxx','2019-01-13 22:06:00','福建',0,0,4466,0,0,0,0),(417,'Running417','实验帖子417','实验帖子内容417：xxxxxxxxxxxxxxxxxxxxxxxxxxxxxxxxxxxxxxxxxxxxxxxxxxxxxxxxxxxxxxxxxxxxxxxxx','2019-01-13 22:06:00','福建',0,0,1438,0,0,0,0),(420,'Running420','实验帖子420','实验帖子内容420：xxxxxxxxxxxxxxxxxxxxxxxxxxxxxxxxxxxxxxxxxxxxxxxxxxxxxxxxxxxxxxxxxxxxxxxxx','2019-01-13 22:06:00','江西',1,1,5611,1,0,0,0),(421,'Running421','实验帖子421','实验帖子内容421：xxxxxxxxxxxxxxxxxxxxxxxxxxxxxxxxxxxxxxxxxxxxxxxxxxxxxxxxxxxxxxxxxxxxxxxxx','2019-01-13 22:06:00','江西',1,1,7892,0,0,0,0),(422,'Running422','实验帖子422','实验帖子内容422：xxxxxxxxxxxxxxxxxxxxxxxxxxxxxxxxxxxxxxxxxxxxxxxxxxxxxxxxxxxxxxxxxxxxxxxxx','2019-01-13 22:06:00','江西',0,0,0,1,0,0,0),(425,'Running425','实验帖子425','实验帖子内容425：xxxxxxxxxxxxxxxxxxxxxxxxxxxxxxxxxxxxxxxxxxxxxxxxxxxxxxxxxxxxxxxxxxxxxxxxx','2019-01-13 22:06:00','江西',1,1,8331,0,0,0,0),(426,'Running426','实验帖子426','实验帖子内容426：xxxxxxxxxxxxxxxxxxxxxxxxxxxxxxxxxxxxxxxxxxxxxxxxxxxxxxxxxxxxxxxxxxxxxxxxx','2019-01-13 22:06:00','江西',1,1,2764,0,0,0,0),(430,'Running430','实验帖子430','实验帖子内容430：xxxxxxxxxxxxxxxxxxxxxxxxxxxxxxxxxxxxxxxxxxxxxxxxxxxxxxxxxxxxxxxxxxxxxxxxx','2019-01-13 22:06:00','江西',0,0,70,1,0,0,0),(432,'Running432','实验帖子432','实验帖子内容432：xxxxxxxxxxxxxxxxxxxxxxxxxxxxxxxxxxxxxxxxxxxxxxxxxxxxxxxxxxxxxxxxxxxxxxxxx','2019-01-13 22:06:00','江西',1,1,7284,0,0,0,0),(433,'Running433','实验帖子433','实验帖子内容433：xxxxxxxxxxxxxxxxxxxxxxxxxxxxxxxxxxxxxxxxxxxxxxxxxxxxxxxxxxxxxxxxxxxxxxxxx','2019-01-13 22:06:00','江西',1,1,8195,1,0,0,0),(434,'Running434','实验帖子434','实验帖子内容434：xxxxxxxxxxxxxxxxxxxxxxxxxxxxxxxxxxxxxxxxxxxxxxxxxxxxxxxxxxxxxxxxxxxxxxxxx','2019-01-13 22:06:00','江西',1,1,3675,1,0,0,0),(436,'Running436','实验帖子436','实验帖子内容436：xxxxxxxxxxxxxxxxxxxxxxxxxxxxxxxxxxxxxxxxxxxxxxxxxxxxxxxxxxxxxxxxxxxxxxxxx','2019-01-13 22:06:00','江西',1,1,9230,0,0,0,0),(437,'Running437','实验帖子437','实验帖子内容437：xxxxxxxxxxxxxxxxxxxxxxxxxxxxxxxxxxxxxxxxxxxxxxxxxxxxxxxxxxxxxxxxxxxxxxxxx','2019-01-13 22:06:00','江西',1,1,2385,1,0,0,0),(439,'Running439','实验帖子439','实验帖子内容439：xxxxxxxxxxxxxxxxxxxxxxxxxxxxxxxxxxxxxxxxxxxxxxxxxxxxxxxxxxxxxxxxxxxxxxxxx','2019-01-13 22:06:00','江西',0,1,7662,0,0,0,0),(440,'Running440','实验帖子440','实验帖子内容440：xxxxxxxxxxxxxxxxxxxxxxxxxxxxxxxxxxxxxxxxxxxxxxxxxxxxxxxxxxxxxxxxxxxxxxxxx','2019-01-13 22:06:00','江西',1,0,2299,1,0,0,0),(441,'Running441','实验帖子441','实验帖子内容441：xxxxxxxxxxxxxxxxxxxxxxxxxxxxxxxxxxxxxxxxxxxxxxxxxxxxxxxxxxxxxxxxxxxxxxxxx','2019-01-13 22:06:00','江西',0,0,92,1,0,0,0),(444,'Running444','实验帖子444','实验帖子内容444：xxxxxxxxxxxxxxxxxxxxxxxxxxxxxxxxxxxxxxxxxxxxxxxxxxxxxxxxxxxxxxxxxxxxxxxxx','2019-01-13 22:06:00','江西',0,1,4499,1,0,0,0),(445,'Running445','实验帖子445','实验帖子内容445：xxxxxxxxxxxxxxxxxxxxxxxxxxxxxxxxxxxxxxxxxxxxxxxxxxxxxxxxxxxxxxxxxxxxxxxxx','2019-01-13 22:06:00','江西',1,1,9948,1,0,0,0),(448,'Running448','实验帖子448','实验帖子内容448：xxxxxxxxxxxxxxxxxxxxxxxxxxxxxxxxxxxxxxxxxxxxxxxxxxxxxxxxxxxxxxxxxxxxxxxxx','2019-01-13 22:06:00','江西',1,1,6339,0,0,0,0),(449,'Running449','实验帖子449','实验帖子内容449：xxxxxxxxxxxxxxxxxxxxxxxxxxxxxxxxxxxxxxxxxxxxxxxxxxxxxxxxxxxxxxxxxxxxxxxxx','2019-01-13 22:06:00','江西',1,0,3086,0,0,0,0),(453,'Running453','实验帖子453','实验帖子内容453：xxxxxxxxxxxxxxxxxxxxxxxxxxxxxxxxxxxxxxxxxxxxxxxxxxxxxxxxxxxxxxxxxxxxxxxxx','2019-01-13 22:06:00','山东',1,1,3138,0,0,0,0),(455,'Running455','实验帖子455','实验帖子内容455：xxxxxxxxxxxxxxxxxxxxxxxxxxxxxxxxxxxxxxxxxxxxxxxxxxxxxxxxxxxxxxxxxxxxxxxxx','2019-01-13 22:06:00','山东',1,0,9295,0,0,0,0),(456,'Running456','实验帖子456','实验帖子内容456：xxxxxxxxxxxxxxxxxxxxxxxxxxxxxxxxxxxxxxxxxxxxxxxxxxxxxxxxxxxxxxxxxxxxxxxxx','2019-01-13 22:06:00','山东',1,1,3468,1,0,0,0),(458,'Running458','实验帖子458','实验帖子内容458：xxxxxxxxxxxxxxxxxxxxxxxxxxxxxxxxxxxxxxxxxxxxxxxxxxxxxxxxxxxxxxxxxxxxxxxxx','2019-01-13 22:06:00','山东',0,0,1034,0,0,0,0),(459,'Running459','实验帖子459','实验帖子内容459：xxxxxxxxxxxxxxxxxxxxxxxxxxxxxxxxxxxxxxxxxxxxxxxxxxxxxxxxxxxxxxxxxxxxxxxxx','2019-01-13 22:06:00','山东',1,0,8249,1,0,0,0),(461,'Running461','实验帖子461','实验帖子内容461：xxxxxxxxxxxxxxxxxxxxxxxxxxxxxxxxxxxxxxxxxxxxxxxxxxxxxxxxxxxxxxxxxxxxxxxxx','2019-01-13 22:06:00','山东',0,0,1018,1,0,0,0),(462,'Running462','实验帖子462','实验帖子内容462：xxxxxxxxxxxxxxxxxxxxxxxxxxxxxxxxxxxxxxxxxxxxxxxxxxxxxxxxxxxxxxxxxxxxxxxxx','2019-01-13 22:06:00','山东',1,1,7954,1,0,0,0),(464,'Running464','实验帖子464','实验帖子内容464：xxxxxxxxxxxxxxxxxxxxxxxxxxxxxxxxxxxxxxxxxxxxxxxxxxxxxxxxxxxxxxxxxxxxxxxxx','2019-01-13 22:06:00','山东',0,0,7748,1,0,0,0),(465,'Running465','实验帖子465','实验帖子内容465：xxxxxxxxxxxxxxxxxxxxxxxxxxxxxxxxxxxxxxxxxxxxxxxxxxxxxxxxxxxxxxxxxxxxxxxxx','2019-01-13 22:06:00','山东',1,1,8611,0,0,0,0),(468,'Running468','实验帖子468','实验帖子内容468：xxxxxxxxxxxxxxxxxxxxxxxxxxxxxxxxxxxxxxxxxxxxxxxxxxxxxxxxxxxxxxxxxxxxxxxxx','2019-01-13 22:06:00','山东',1,1,2902,1,0,0,0),(469,'Running469','实验帖子469','实验帖子内容469：xxxxxxxxxxxxxxxxxxxxxxxxxxxxxxxxxxxxxxxxxxxxxxxxxxxxxxxxxxxxxxxxxxxxxxxxx','2019-01-13 22:06:00','山东',1,1,2650,1,0,0,0),(471,'Running471','实验帖子471','实验帖子内容471：xxxxxxxxxxxxxxxxxxxxxxxxxxxxxxxxxxxxxxxxxxxxxxxxxxxxxxxxxxxxxxxxxxxxxxxxx','2019-01-13 22:06:00','山东',1,1,3750,0,0,0,0),(473,'Running473','实验帖子473','实验帖子内容473：xxxxxxxxxxxxxxxxxxxxxxxxxxxxxxxxxxxxxxxxxxxxxxxxxxxxxxxxxxxxxxxxxxxxxxxxx','2019-01-13 22:06:00','山东',1,1,9268,0,0,0,0),(477,'Running477','实验帖子477','实验帖子内容477：xxxxxxxxxxxxxxxxxxxxxxxxxxxxxxxxxxxxxxxxxxxxxxxxxxxxxxxxxxxxxxxxxxxxxxxxx','2019-01-13 22:06:00','山东',1,1,7098,0,0,0,0),(479,'Running479','实验帖子479','实验帖子内容479：xxxxxxxxxxxxxxxxxxxxxxxxxxxxxxxxxxxxxxxxxxxxxxxxxxxxxxxxxxxxxxxxxxxxxxxxx','2019-01-13 22:06:00','山东',1,1,9692,0,0,0,0),(481,'Running481','实验帖子481','实验帖子内容481：xxxxxxxxxxxxxxxxxxxxxxxxxxxxxxxxxxxxxxxxxxxxxxxxxxxxxxxxxxxxxxxxxxxxxxxxx','2019-01-13 22:06:00','河南',1,1,7272,0,0,0,0),(484,'Running484','实验帖子484','实验帖子内容484：xxxxxxxxxxxxxxxxxxxxxxxxxxxxxxxxxxxxxxxxxxxxxxxxxxxxxxxxxxxxxxxxxxxxxxxxx','2019-01-13 22:06:00','河南',1,1,7956,0,0,0,0),(486,'Running486','实验帖子486','实验帖子内容486：xxxxxxxxxxxxxxxxxxxxxxxxxxxxxxxxxxxxxxxxxxxxxxxxxxxxxxxxxxxxxxxxxxxxxxxxx','2019-01-13 22:06:00','河南',1,1,3599,1,0,0,0),(488,'Running488','实验帖子488','实验帖子内容488：xxxxxxxxxxxxxxxxxxxxxxxxxxxxxxxxxxxxxxxxxxxxxxxxxxxxxxxxxxxxxxxxxxxxxxxxx','2019-01-13 22:06:00','河南',1,0,4118,1,0,0,0),(497,'Running497','实验帖子497','实验帖子内容497：xxxxxxxxxxxxxxxxxxxxxxxxxxxxxxxxxxxxxxxxxxxxxxxxxxxxxxxxxxxxxxxxxxxxxxxxx','2019-01-13 22:06:00','河南',0,1,1567,0,0,0,0),(498,'Running498','实验帖子498','实验帖子内容498：xxxxxxxxxxxxxxxxxxxxxxxxxxxxxxxxxxxxxxxxxxxxxxxxxxxxxxxxxxxxxxxxxxxxxxxxx','2019-01-13 22:06:00','河南',0,1,2460,1,0,0,0),(500,'Running500','实验帖子500','实验帖子内容500：xxxxxxxxxxxxxxxxxxxxxxxxxxxxxxxxxxxxxxxxxxxxxxxxxxxxxxxxxxxxxxxxxxxxxxxxx','2019-01-13 22:06:00','河南',1,1,8488,1,0,0,0),(502,'Running502','实验帖子502','实验帖子内容502：xxxxxxxxxxxxxxxxxxxxxxxxxxxxxxxxxxxxxxxxxxxxxxxxxxxxxxxxxxxxxxxxxxxxxxxxx','2019-01-13 22:06:00','河南',1,1,4602,0,0,0,0),(507,'Running507','实验帖子507','实验帖子内容507：xxxxxxxxxxxxxxxxxxxxxxxxxxxxxxxxxxxxxxxxxxxxxxxxxxxxxxxxxxxxxxxxxxxxxxxxx','2019-01-13 22:06:00','河南',0,0,558,1,0,0,0),(508,'Running508','实验帖子508','实验帖子内容508：xxxxxxxxxxxxxxxxxxxxxxxxxxxxxxxxxxxxxxxxxxxxxxxxxxxxxxxxxxxxxxxxxxxxxxxxx','2019-01-13 22:06:00','河南',0,1,5965,0,0,0,0),(509,'Running509','实验帖子509','实验帖子内容509：xxxxxxxxxxxxxxxxxxxxxxxxxxxxxxxxxxxxxxxxxxxxxxxxxxxxxxxxxxxxxxxxxxxxxxxxx','2019-01-13 22:06:00','河南',1,1,4287,0,0,0,0),(510,'Running510','实验帖子510','实验帖子内容510：xxxxxxxxxxxxxxxxxxxxxxxxxxxxxxxxxxxxxxxxxxxxxxxxxxxxxxxxxxxxxxxxxxxxxxxxx','2019-01-13 22:06:00','河南',1,1,4462,0,0,0,0),(511,'Running511','实验帖子511','实验帖子内容511：xxxxxxxxxxxxxxxxxxxxxxxxxxxxxxxxxxxxxxxxxxxxxxxxxxxxxxxxxxxxxxxxxxxxxxxxx','2019-01-13 22:06:00','河南',1,0,3016,1,0,0,0),(514,'Running514','实验帖子514','实验帖子内容514：xxxxxxxxxxxxxxxxxxxxxxxxxxxxxxxxxxxxxxxxxxxxxxxxxxxxxxxxxxxxxxxxxxxxxxxxx','2019-01-13 22:06:00','湖北',1,1,3197,0,0,0,0),(517,'Running517','实验帖子517','实验帖子内容517：xxxxxxxxxxxxxxxxxxxxxxxxxxxxxxxxxxxxxxxxxxxxxxxxxxxxxxxxxxxxxxxxxxxxxxxxx','2019-01-13 22:06:00','湖北',1,1,8747,1,0,0,0),(518,'Running518','实验帖子518','实验帖子内容518：xxxxxxxxxxxxxxxxxxxxxxxxxxxxxxxxxxxxxxxxxxxxxxxxxxxxxxxxxxxxxxxxxxxxxxxxx','2019-01-13 22:06:00','湖北',1,0,2645,0,0,0,0),(519,'Running519','实验帖子519','实验帖子内容519：xxxxxxxxxxxxxxxxxxxxxxxxxxxxxxxxxxxxxxxxxxxxxxxxxxxxxxxxxxxxxxxxxxxxxxxxx','2019-01-13 22:06:00','湖北',1,1,9049,0,0,0,0),(522,'Running522','实验帖子522','实验帖子内容522：xxxxxxxxxxxxxxxxxxxxxxxxxxxxxxxxxxxxxxxxxxxxxxxxxxxxxxxxxxxxxxxxxxxxxxxxx','2019-01-13 22:06:00','湖北',1,1,9565,1,0,0,0),(524,'Running524','实验帖子524','实验帖子内容524：xxxxxxxxxxxxxxxxxxxxxxxxxxxxxxxxxxxxxxxxxxxxxxxxxxxxxxxxxxxxxxxxxxxxxxxxx','2019-01-13 22:06:00','湖北',1,0,5653,0,0,0,0),(528,'Running528','实验帖子528','实验帖子内容528：xxxxxxxxxxxxxxxxxxxxxxxxxxxxxxxxxxxxxxxxxxxxxxxxxxxxxxxxxxxxxxxxxxxxxxxxx','2019-01-13 22:06:00','湖北',1,1,6919,1,0,0,0),(529,'Running529','实验帖子529','实验帖子内容529：xxxxxxxxxxxxxxxxxxxxxxxxxxxxxxxxxxxxxxxxxxxxxxxxxxxxxxxxxxxxxxxxxxxxxxxxx','2019-01-13 22:06:00','湖北',1,1,7062,1,0,0,0),(532,'Running532','实验帖子532','实验帖子内容532：xxxxxxxxxxxxxxxxxxxxxxxxxxxxxxxxxxxxxxxxxxxxxxxxxxxxxxxxxxxxxxxxxxxxxxxxx','2019-01-13 22:06:00','湖北',1,1,5989,0,0,0,0),(538,'Running538','实验帖子538','实验帖子内容538：xxxxxxxxxxxxxxxxxxxxxxxxxxxxxxxxxxxxxxxxxxxxxxxxxxxxxxxxxxxxxxxxxxxxxxxxx','2019-01-13 22:06:00','湖北',0,0,4612,1,0,0,0),(540,'Running540','实验帖子540','实验帖子内容540：xxxxxxxxxxxxxxxxxxxxxxxxxxxxxxxxxxxxxxxxxxxxxxxxxxxxxxxxxxxxxxxxxxxxxxxxx','2019-01-13 22:06:00','湖北',0,0,2069,0,0,0,0),(541,'Running541','实验帖子541','实验帖子内容541：xxxxxxxxxxxxxxxxxxxxxxxxxxxxxxxxxxxxxxxxxxxxxxxxxxxxxxxxxxxxxxxxxxxxxxxxx','2019-01-13 22:06:00','湖南',1,1,1515,1,0,0,0),(552,'Running552','实验帖子552','实验帖子内容552：xxxxxxxxxxxxxxxxxxxxxxxxxxxxxxxxxxxxxxxxxxxxxxxxxxxxxxxxxxxxxxxxxxxxxxxxx','2019-01-13 22:06:00','湖南',1,1,8660,0,0,0,0),(553,'Running553','实验帖子553','实验帖子内容553：xxxxxxxxxxxxxxxxxxxxxxxxxxxxxxxxxxxxxxxxxxxxxxxxxxxxxxxxxxxxxxxxxxxxxxxxx','2019-01-13 22:06:00','湖南',1,1,5193,0,0,0,0),(555,'Running555','实验帖子555','实验帖子内容555：xxxxxxxxxxxxxxxxxxxxxxxxxxxxxxxxxxxxxxxxxxxxxxxxxxxxxxxxxxxxxxxxxxxxxxxxx','2019-01-13 22:06:00','湖南',1,1,8891,0,0,0,0),(556,'Running556','实验帖子556','实验帖子内容556：xxxxxxxxxxxxxxxxxxxxxxxxxxxxxxxxxxxxxxxxxxxxxxxxxxxxxxxxxxxxxxxxxxxxxxxxx','2019-01-13 22:06:00','湖南',1,1,7714,1,0,0,0),(559,'Running559','实验帖子559','实验帖子内容559：xxxxxxxxxxxxxxxxxxxxxxxxxxxxxxxxxxxxxxxxxxxxxxxxxxxxxxxxxxxxxxxxxxxxxxxxx','2019-01-13 22:06:00','湖南',1,1,8545,1,0,0,0),(560,'Running560','实验帖子560','实验帖子内容560：xxxxxxxxxxxxxxxxxxxxxxxxxxxxxxxxxxxxxxxxxxxxxxxxxxxxxxxxxxxxxxxxxxxxxxxxx','2019-01-13 22:06:00','湖南',1,1,5625,0,0,0,0),(561,'Running561','实验帖子561','实验帖子内容561：xxxxxxxxxxxxxxxxxxxxxxxxxxxxxxxxxxxxxxxxxxxxxxxxxxxxxxxxxxxxxxxxxxxxxxxxx','2019-01-13 22:06:00','湖南',1,1,5096,0,0,0,0),(563,'Running563','实验帖子563','实验帖子内容563：xxxxxxxxxxxxxxxxxxxxxxxxxxxxxxxxxxxxxxxxxxxxxxxxxxxxxxxxxxxxxxxxxxxxxxxxx','2019-01-13 22:06:00','湖南',1,0,7203,1,0,0,0),(564,'Running564','实验帖子564','实验帖子内容564：xxxxxxxxxxxxxxxxxxxxxxxxxxxxxxxxxxxxxxxxxxxxxxxxxxxxxxxxxxxxxxxxxxxxxxxxx','2019-01-13 22:06:00','湖南',1,1,5403,0,0,0,0),(570,'Running570','实验帖子570','实验帖子内容570：xxxxxxxxxxxxxxxxxxxxxxxxxxxxxxxxxxxxxxxxxxxxxxxxxxxxxxxxxxxxxxxxxxxxxxxxx','2019-01-13 22:06:00','湖南',0,1,7706,1,0,0,0),(571,'Running571','实验帖子571','实验帖子内容571：xxxxxxxxxxxxxxxxxxxxxxxxxxxxxxxxxxxxxxxxxxxxxxxxxxxxxxxxxxxxxxxxxxxxxxxxx','2019-01-13 22:06:00','广东',1,0,3564,1,0,0,0),(574,'Running574','实验帖子574','实验帖子内容574：xxxxxxxxxxxxxxxxxxxxxxxxxxxxxxxxxxxxxxxxxxxxxxxxxxxxxxxxxxxxxxxxxxxxxxxxx','2019-01-13 22:06:00','广东',1,0,4214,0,0,0,0),(575,'Running575','实验帖子575','实验帖子内容575：xxxxxxxxxxxxxxxxxxxxxxxxxxxxxxxxxxxxxxxxxxxxxxxxxxxxxxxxxxxxxxxxxxxxxxxxx','2019-01-13 22:06:00','广东',1,1,8532,1,0,0,0),(576,'Running576','实验帖子576','实验帖子内容576：xxxxxxxxxxxxxxxxxxxxxxxxxxxxxxxxxxxxxxxxxxxxxxxxxxxxxxxxxxxxxxxxxxxxxxxxx','2019-01-13 22:06:00','广东',0,1,3509,0,0,0,0),(577,'Running577','实验帖子577','实验帖子内容577：xxxxxxxxxxxxxxxxxxxxxxxxxxxxxxxxxxxxxxxxxxxxxxxxxxxxxxxxxxxxxxxxxxxxxxxxx','2019-01-13 22:06:00','广东',1,0,5065,0,0,0,0),(579,'Running579','实验帖子579','实验帖子内容579：xxxxxxxxxxxxxxxxxxxxxxxxxxxxxxxxxxxxxxxxxxxxxxxxxxxxxxxxxxxxxxxxxxxxxxxxx','2019-01-13 22:06:00','广东',1,1,7036,1,0,0,0),(580,'Running580','实验帖子580','实验帖子内容580：xxxxxxxxxxxxxxxxxxxxxxxxxxxxxxxxxxxxxxxxxxxxxxxxxxxxxxxxxxxxxxxxxxxxxxxxx','2019-01-13 22:06:00','广东',0,0,828,1,0,0,0),(581,'Running581','实验帖子581','实验帖子内容581：xxxxxxxxxxxxxxxxxxxxxxxxxxxxxxxxxxxxxxxxxxxxxxxxxxxxxxxxxxxxxxxxxxxxxxxxx','2019-01-13 22:06:00','广东',1,0,4511,1,0,0,0),(588,'Running588','实验帖子588','实验帖子内容588：xxxxxxxxxxxxxxxxxxxxxxxxxxxxxxxxxxxxxxxxxxxxxxxxxxxxxxxxxxxxxxxxxxxxxxxxx','2019-01-13 22:06:00','广东',1,0,6689,0,0,0,0),(589,'Running589','实验帖子589','实验帖子内容589：xxxxxxxxxxxxxxxxxxxxxxxxxxxxxxxxxxxxxxxxxxxxxxxxxxxxxxxxxxxxxxxxxxxxxxxxx','2019-01-13 22:06:00','广东',1,1,9931,1,0,0,0),(591,'Running591','实验帖子591','实验帖子内容591：xxxxxxxxxxxxxxxxxxxxxxxxxxxxxxxxxxxxxxxxxxxxxxxxxxxxxxxxxxxxxxxxxxxxxxxxx','2019-01-13 22:06:00','广东',1,1,5092,0,0,0,0),(595,'Running595','实验帖子595','实验帖子内容595：xxxxxxxxxxxxxxxxxxxxxxxxxxxxxxxxxxxxxxxxxxxxxxxxxxxxxxxxxxxxxxxxxxxxxxxxx','2019-01-13 22:06:00','广东',0,1,1567,1,0,0,0),(597,'Running597','实验帖子597','实验帖子内容597：xxxxxxxxxxxxxxxxxxxxxxxxxxxxxxxxxxxxxxxxxxxxxxxxxxxxxxxxxxxxxxxxxxxxxxxxx','2019-01-13 22:06:00','广东',1,1,4102,0,0,0,0),(599,'Running599','实验帖子599','实验帖子内容599：xxxxxxxxxxxxxxxxxxxxxxxxxxxxxxxxxxxxxxxxxxxxxxxxxxxxxxxxxxxxxxxxxxxxxxxxx','2019-01-13 22:06:00','广东',0,0,993,1,0,0,0),(601,'Running601','实验帖子601','实验帖子内容601：xxxxxxxxxxxxxxxxxxxxxxxxxxxxxxxxxxxxxxxxxxxxxxxxxxxxxxxxxxxxxxxxxxxxxxxxx','2019-01-13 22:06:00','广东',1,1,1365,1,0,0,0),(602,'Running602','实验帖子602','实验帖子内容602：xxxxxxxxxxxxxxxxxxxxxxxxxxxxxxxxxxxxxxxxxxxxxxxxxxxxxxxxxxxxxxxxxxxxxxxxx','2019-01-13 21:59:52','广西',1,0,1464,0,0,0,0),(603,'Running603','实验帖子603','实验帖子内容603：xxxxxxxxxxxxxxxxxxxxxxxxxxxxxxxxxxxxxxxxxxxxxxxxxxxxxxxxxxxxxxxxxxxxxxxxx','2019-01-13 21:59:52','广西',0,0,750,1,0,0,0),(604,'Running604','实验帖子604','实验帖子内容604：xxxxxxxxxxxxxxxxxxxxxxxxxxxxxxxxxxxxxxxxxxxxxxxxxxxxxxxxxxxxxxxxxxxxxxxxx','2019-01-13 21:59:52','广西',1,0,5019,0,0,0,0),(605,'Running605','实验帖子605','实验帖子内容605：xxxxxxxxxxxxxxxxxxxxxxxxxxxxxxxxxxxxxxxxxxxxxxxxxxxxxxxxxxxxxxxxxxxxxxxxx','2019-01-13 21:59:52','广西',0,1,6089,0,0,0,0),(607,'Running607','实验帖子607','实验帖子内容607：xxxxxxxxxxxxxxxxxxxxxxxxxxxxxxxxxxxxxxxxxxxxxxxxxxxxxxxxxxxxxxxxxxxxxxxxx','2019-01-13 21:59:52','广西',0,0,724,1,0,0,0),(608,'Running608','实验帖子608','实验帖子内容608：xxxxxxxxxxxxxxxxxxxxxxxxxxxxxxxxxxxxxxxxxxxxxxxxxxxxxxxxxxxxxxxxxxxxxxxxx','2019-01-13 21:59:52','广西',1,1,8836,1,0,0,0),(609,'Running609','实验帖子609','实验帖子内容609：xxxxxxxxxxxxxxxxxxxxxxxxxxxxxxxxxxxxxxxxxxxxxxxxxxxxxxxxxxxxxxxxxxxxxxxxx','2019-01-13 21:59:52','广西',1,1,9407,1,0,0,0),(610,'Running610','实验帖子610','实验帖子内容610：xxxxxxxxxxxxxxxxxxxxxxxxxxxxxxxxxxxxxxxxxxxxxxxxxxxxxxxxxxxxxxxxxxxxxxxxx','2019-01-13 21:59:52','广西',0,1,4851,0,0,0,0),(615,'Running615','实验帖子615','实验帖子内容615：xxxxxxxxxxxxxxxxxxxxxxxxxxxxxxxxxxxxxxxxxxxxxxxxxxxxxxxxxxxxxxxxxxxxxxxxx','2019-01-13 21:59:52','广西',1,1,3348,0,0,0,0),(616,'Running616','实验帖子616','实验帖子内容616：xxxxxxxxxxxxxxxxxxxxxxxxxxxxxxxxxxxxxxxxxxxxxxxxxxxxxxxxxxxxxxxxxxxxxxxxx','2019-01-13 21:59:52','广西',0,0,858,0,0,0,0),(617,'Running617','实验帖子617','实验帖子内容617：xxxxxxxxxxxxxxxxxxxxxxxxxxxxxxxxxxxxxxxxxxxxxxxxxxxxxxxxxxxxxxxxxxxxxxxxx','2019-01-13 21:59:52','广西',1,1,8858,1,0,0,0),(618,'Running618','实验帖子618','实验帖子内容618：xxxxxxxxxxxxxxxxxxxxxxxxxxxxxxxxxxxxxxxxxxxxxxxxxxxxxxxxxxxxxxxxxxxxxxxxx','2019-01-13 21:59:52','广西',0,0,2342,0,0,0,0),(623,'Running623','实验帖子623','实验帖子内容623：xxxxxxxxxxxxxxxxxxxxxxxxxxxxxxxxxxxxxxxxxxxxxxxxxxxxxxxxxxxxxxxxxxxxxxxxx','2019-01-13 21:59:52','广西',1,1,7928,0,0,0,0),(624,'Running624','实验帖子624','实验帖子内容624：xxxxxxxxxxxxxxxxxxxxxxxxxxxxxxxxxxxxxxxxxxxxxxxxxxxxxxxxxxxxxxxxxxxxxxxxx','2019-01-13 21:59:52','广西',0,0,1280,1,0,0,0),(625,'Running625','实验帖子625','实验帖子内容625：xxxxxxxxxxxxxxxxxxxxxxxxxxxxxxxxxxxxxxxxxxxxxxxxxxxxxxxxxxxxxxxxxxxxxxxxx','2019-01-13 21:59:52','广西',1,1,8780,0,0,0,0),(627,'Running627','实验帖子627','实验帖子内容627：xxxxxxxxxxxxxxxxxxxxxxxxxxxxxxxxxxxxxxxxxxxxxxxxxxxxxxxxxxxxxxxxxxxxxxxxx','2019-01-13 21:59:52','广西',0,1,4721,0,0,0,0),(629,'Running629','实验帖子629','实验帖子内容629：xxxxxxxxxxxxxxxxxxxxxxxxxxxxxxxxxxxxxxxxxxxxxxxxxxxxxxxxxxxxxxxxxxxxxxxxx','2019-01-13 21:59:52','广西',0,1,9563,0,0,0,0),(630,'Running630','实验帖子630','实验帖子内容630：xxxxxxxxxxxxxxxxxxxxxxxxxxxxxxxxxxxxxxxxxxxxxxxxxxxxxxxxxxxxxxxxxxxxxxxxx','2019-01-13 21:59:52','广西',1,1,6097,0,0,0,0),(631,'Running631','实验帖子631','实验帖子内容631：xxxxxxxxxxxxxxxxxxxxxxxxxxxxxxxxxxxxxxxxxxxxxxxxxxxxxxxxxxxxxxxxxxxxxxxxx','2019-01-13 21:59:52','广西',1,0,3526,1,0,0,0),(632,'Running632','实验帖子632','实验帖子内容632：xxxxxxxxxxxxxxxxxxxxxxxxxxxxxxxxxxxxxxxxxxxxxxxxxxxxxxxxxxxxxxxxxxxxxxxxx','2019-01-13 21:59:52','广西',1,0,4166,0,0,0,0),(633,'Running633','实验帖子633','实验帖子内容633：xxxxxxxxxxxxxxxxxxxxxxxxxxxxxxxxxxxxxxxxxxxxxxxxxxxxxxxxxxxxxxxxxxxxxxxxx','2019-01-13 22:06:00','海南',1,1,8236,1,0,0,0),(635,'Running635','实验帖子635','实验帖子内容635：xxxxxxxxxxxxxxxxxxxxxxxxxxxxxxxxxxxxxxxxxxxxxxxxxxxxxxxxxxxxxxxxxxxxxxxxx','2019-01-13 22:06:00','海南',0,1,1726,0,0,0,0),(636,'Running636','实验帖子636','实验帖子内容636：xxxxxxxxxxxxxxxxxxxxxxxxxxxxxxxxxxxxxxxxxxxxxxxxxxxxxxxxxxxxxxxxxxxxxxxxx','2019-01-13 22:06:00','海南',1,0,1865,0,0,0,0),(637,'Running637','实验帖子637','实验帖子内容637：xxxxxxxxxxxxxxxxxxxxxxxxxxxxxxxxxxxxxxxxxxxxxxxxxxxxxxxxxxxxxxxxxxxxxxxxx','2019-01-13 22:06:00','海南',0,0,3434,0,0,0,0),(640,'Running640','实验帖子640','实验帖子内容640：xxxxxxxxxxxxxxxxxxxxxxxxxxxxxxxxxxxxxxxxxxxxxxxxxxxxxxxxxxxxxxxxxxxxxxxxx','2019-01-13 22:06:00','海南',1,1,3578,0,0,0,0),(641,'Running641','实验帖子641','实验帖子内容641：xxxxxxxxxxxxxxxxxxxxxxxxxxxxxxxxxxxxxxxxxxxxxxxxxxxxxxxxxxxxxxxxxxxxxxxxx','2019-01-13 22:06:00','海南',1,1,6288,1,0,0,0),(643,'Running643','实验帖子643','实验帖子内容643：xxxxxxxxxxxxxxxxxxxxxxxxxxxxxxxxxxxxxxxxxxxxxxxxxxxxxxxxxxxxxxxxxxxxxxxxx','2019-01-13 22:06:00','海南',1,1,8343,1,0,0,0),(644,'Running644','实验帖子644','实验帖子内容644：xxxxxxxxxxxxxxxxxxxxxxxxxxxxxxxxxxxxxxxxxxxxxxxxxxxxxxxxxxxxxxxxxxxxxxxxx','2019-01-13 22:06:00','海南',1,1,2313,1,0,0,0),(645,'Running645','实验帖子645','实验帖子内容645：xxxxxxxxxxxxxxxxxxxxxxxxxxxxxxxxxxxxxxxxxxxxxxxxxxxxxxxxxxxxxxxxxxxxxxxxx','2019-01-13 22:06:00','海南',0,0,433,0,0,0,0),(647,'Running647','实验帖子647','实验帖子内容647：xxxxxxxxxxxxxxxxxxxxxxxxxxxxxxxxxxxxxxxxxxxxxxxxxxxxxxxxxxxxxxxxxxxxxxxxx','2019-01-13 22:06:00','海南',0,1,4026,1,0,0,0),(650,'Running650','实验帖子650','实验帖子内容650：xxxxxxxxxxxxxxxxxxxxxxxxxxxxxxxxxxxxxxxxxxxxxxxxxxxxxxxxxxxxxxxxxxxxxxxxx','2019-01-13 22:06:00','海南',1,1,4595,1,0,0,0),(652,'Running652','实验帖子652','实验帖子内容652：xxxxxxxxxxxxxxxxxxxxxxxxxxxxxxxxxxxxxxxxxxxxxxxxxxxxxxxxxxxxxxxxxxxxxxxxx','2019-01-13 22:06:00','海南',1,1,5381,1,0,0,0),(654,'Running654','实验帖子654','实验帖子内容654：xxxxxxxxxxxxxxxxxxxxxxxxxxxxxxxxxxxxxxxxxxxxxxxxxxxxxxxxxxxxxxxxxxxxxxxxx','2019-01-13 22:06:00','海南',1,1,1701,1,0,0,0),(655,'Running655','实验帖子655','实验帖子内容655：xxxxxxxxxxxxxxxxxxxxxxxxxxxxxxxxxxxxxxxxxxxxxxxxxxxxxxxxxxxxxxxxxxxxxxxxx','2019-01-13 22:06:00','海南',1,0,7053,0,0,0,0),(657,'Running657','实验帖子657','实验帖子内容657：xxxxxxxxxxxxxxxxxxxxxxxxxxxxxxxxxxxxxxxxxxxxxxxxxxxxxxxxxxxxxxxxxxxxxxxxx','2019-01-13 22:06:00','海南',1,1,4431,0,0,0,0),(658,'Running658','实验帖子658','实验帖子内容658：xxxxxxxxxxxxxxxxxxxxxxxxxxxxxxxxxxxxxxxxxxxxxxxxxxxxxxxxxxxxxxxxxxxxxxxxx','2019-01-13 22:06:00','海南',0,1,3544,0,0,0,0),(661,'Running661','实验帖子661','实验帖子内容661：xxxxxxxxxxxxxxxxxxxxxxxxxxxxxxxxxxxxxxxxxxxxxxxxxxxxxxxxxxxxxxxxxxxxxxxxx','2019-01-13 22:06:00','四川',0,0,62,1,0,0,0),(662,'Running662','实验帖子662','实验帖子内容662：xxxxxxxxxxxxxxxxxxxxxxxxxxxxxxxxxxxxxxxxxxxxxxxxxxxxxxxxxxxxxxxxxxxxxxxxx','2019-01-13 22:06:00','四川',1,1,4381,1,0,0,0),(664,'Running664','实验帖子664','实验帖子内容664：xxxxxxxxxxxxxxxxxxxxxxxxxxxxxxxxxxxxxxxxxxxxxxxxxxxxxxxxxxxxxxxxxxxxxxxxx','2019-01-13 22:06:00','四川',1,1,1593,0,0,0,0),(665,'Running665','实验帖子665','实验帖子内容665：xxxxxxxxxxxxxxxxxxxxxxxxxxxxxxxxxxxxxxxxxxxxxxxxxxxxxxxxxxxxxxxxxxxxxxxxx','2019-01-13 22:06:00','四川',1,1,2647,1,0,0,0),(668,'Running668','实验帖子668','实验帖子内容668：xxxxxxxxxxxxxxxxxxxxxxxxxxxxxxxxxxxxxxxxxxxxxxxxxxxxxxxxxxxxxxxxxxxxxxxxx','2019-01-13 22:06:00','四川',1,1,5625,1,0,0,0),(669,'Running669','实验帖子669','实验帖子内容669：xxxxxxxxxxxxxxxxxxxxxxxxxxxxxxxxxxxxxxxxxxxxxxxxxxxxxxxxxxxxxxxxxxxxxxxxx','2019-01-13 22:06:00','四川',0,0,818,1,0,0,0),(670,'Running670','实验帖子670','实验帖子内容670：xxxxxxxxxxxxxxxxxxxxxxxxxxxxxxxxxxxxxxxxxxxxxxxxxxxxxxxxxxxxxxxxxxxxxxxxx','2019-01-13 22:06:00','四川',1,0,2572,0,0,0,0),(671,'Running671','实验帖子671','实验帖子内容671：xxxxxxxxxxxxxxxxxxxxxxxxxxxxxxxxxxxxxxxxxxxxxxxxxxxxxxxxxxxxxxxxxxxxxxxxx','2019-01-13 22:06:00','四川',0,1,3974,1,0,0,0),(672,'Running672','实验帖子672','实验帖子内容672：xxxxxxxxxxxxxxxxxxxxxxxxxxxxxxxxxxxxxxxxxxxxxxxxxxxxxxxxxxxxxxxxxxxxxxxxx','2019-01-13 22:06:00','四川',1,1,7734,1,0,0,0),(675,'Running675','实验帖子675','实验帖子内容675：xxxxxxxxxxxxxxxxxxxxxxxxxxxxxxxxxxxxxxxxxxxxxxxxxxxxxxxxxxxxxxxxxxxxxxxxx','2019-01-13 22:06:00','四川',0,1,2180,0,0,0,0),(676,'Running676','实验帖子676','实验帖子内容676：xxxxxxxxxxxxxxxxxxxxxxxxxxxxxxxxxxxxxxxxxxxxxxxxxxxxxxxxxxxxxxxxxxxxxxxxx','2019-01-13 22:06:00','四川',0,0,927,1,0,0,0),(679,'Running679','实验帖子679','实验帖子内容679：xxxxxxxxxxxxxxxxxxxxxxxxxxxxxxxxxxxxxxxxxxxxxxxxxxxxxxxxxxxxxxxxxxxxxxxxx','2019-01-13 22:06:00','四川',0,1,5993,0,0,0,0),(682,'Running682','实验帖子682','实验帖子内容682：xxxxxxxxxxxxxxxxxxxxxxxxxxxxxxxxxxxxxxxxxxxxxxxxxxxxxxxxxxxxxxxxxxxxxxxxx','2019-01-13 22:06:00','四川',1,0,7513,1,0,0,0),(685,'Running685','实验帖子685','实验帖子内容685：xxxxxxxxxxxxxxxxxxxxxxxxxxxxxxxxxxxxxxxxxxxxxxxxxxxxxxxxxxxxxxxxxxxxxxxxx','2019-01-13 22:06:00','四川',1,1,9525,0,0,0,0),(686,'Running686','实验帖子686','实验帖子内容686：xxxxxxxxxxxxxxxxxxxxxxxxxxxxxxxxxxxxxxxxxxxxxxxxxxxxxxxxxxxxxxxxxxxxxxxxx','2019-01-13 22:06:00','四川',0,0,1733,1,0,0,0),(689,'Running689','实验帖子689','实验帖子内容689：xxxxxxxxxxxxxxxxxxxxxxxxxxxxxxxxxxxxxxxxxxxxxxxxxxxxxxxxxxxxxxxxxxxxxxxxx','2019-01-13 22:06:00','四川',1,0,2621,0,0,0,0),(691,'Running691','实验帖子691','实验帖子内容691：xxxxxxxxxxxxxxxxxxxxxxxxxxxxxxxxxxxxxxxxxxxxxxxxxxxxxxxxxxxxxxxxxxxxxxxxx','2019-01-13 22:06:00','四川',1,1,7395,0,0,0,0),(692,'Running692','实验帖子692','实验帖子内容692：xxxxxxxxxxxxxxxxxxxxxxxxxxxxxxxxxxxxxxxxxxxxxxxxxxxxxxxxxxxxxxxxxxxxxxxxx','2019-01-13 22:06:00','四川',0,0,2201,1,0,0,0),(694,'Running694','实验帖子694','实验帖子内容694：xxxxxxxxxxxxxxxxxxxxxxxxxxxxxxxxxxxxxxxxxxxxxxxxxxxxxxxxxxxxxxxxxxxxxxxxx','2019-01-13 22:06:00','贵州',0,0,829,1,0,0,0),(697,'Running697','实验帖子697','实验帖子内容697：xxxxxxxxxxxxxxxxxxxxxxxxxxxxxxxxxxxxxxxxxxxxxxxxxxxxxxxxxxxxxxxxxxxxxxxxx','2019-01-13 22:06:00','贵州',0,1,4597,1,0,0,0),(699,'Running699','实验帖子699','实验帖子内容699：xxxxxxxxxxxxxxxxxxxxxxxxxxxxxxxxxxxxxxxxxxxxxxxxxxxxxxxxxxxxxxxxxxxxxxxxx','2019-01-13 22:06:00','贵州',1,1,5045,0,0,0,0),(700,'Running700','实验帖子700','实验帖子内容700：xxxxxxxxxxxxxxxxxxxxxxxxxxxxxxxxxxxxxxxxxxxxxxxxxxxxxxxxxxxxxxxxxxxxxxxxx','2019-01-13 22:06:00','贵州',1,1,6299,0,0,0,0),(701,'Running701','实验帖子701','实验帖子内容701：xxxxxxxxxxxxxxxxxxxxxxxxxxxxxxxxxxxxxxxxxxxxxxxxxxxxxxxxxxxxxxxxxxxxxxxxx','2019-01-13 22:06:00','贵州',1,0,8242,1,0,0,0),(704,'Running704','实验帖子704','实验帖子内容704：xxxxxxxxxxxxxxxxxxxxxxxxxxxxxxxxxxxxxxxxxxxxxxxxxxxxxxxxxxxxxxxxxxxxxxxxx','2019-01-13 22:06:00','贵州',0,0,1303,0,0,0,0),(705,'Running705','实验帖子705','实验帖子内容705：xxxxxxxxxxxxxxxxxxxxxxxxxxxxxxxxxxxxxxxxxxxxxxxxxxxxxxxxxxxxxxxxxxxxxxxxx','2019-01-13 22:06:00','贵州',1,1,7669,0,0,0,1),(709,'Running709','实验帖子709','实验帖子内容709：xxxxxxxxxxxxxxxxxxxxxxxxxxxxxxxxxxxxxxxxxxxxxxxxxxxxxxxxxxxxxxxxxxxxxxxxx','2019-01-13 22:06:00','贵州',1,1,6510,0,0,0,1),(713,'Running713','实验帖子713','实验帖子内容713：xxxxxxxxxxxxxxxxxxxxxxxxxxxxxxxxxxxxxxxxxxxxxxxxxxxxxxxxxxxxxxxxxxxxxxxxx','2019-01-13 22:06:00','贵州',0,0,899,0,0,0,1),(714,'Running714','实验帖子714','实验帖子内容714：xxxxxxxxxxxxxxxxxxxxxxxxxxxxxxxxxxxxxxxxxxxxxxxxxxxxxxxxxxxxxxxxxxxxxxxxx','2019-01-13 22:06:00','贵州',0,0,1095,1,0,0,1),(715,'Running715','实验帖子715','实验帖子内容715：xxxxxxxxxxxxxxxxxxxxxxxxxxxxxxxxxxxxxxxxxxxxxxxxxxxxxxxxxxxxxxxxxxxxxxxxx','2019-01-13 22:06:00','贵州',0,1,5743,1,0,0,1),(716,'Running716','实验帖子716','实验帖子内容716：xxxxxxxxxxxxxxxxxxxxxxxxxxxxxxxxxxxxxxxxxxxxxxxxxxxxxxxxxxxxxxxxxxxxxxxxx','2019-01-13 22:06:00','贵州',1,1,1729,0,0,0,1),(718,'Running718','实验帖子718','实验帖子内容718：xxxxxxxxxxxxxxxxxxxxxxxxxxxxxxxxxxxxxxxxxxxxxxxxxxxxxxxxxxxxxxxxxxxxxxxxx','2019-01-13 22:06:00','贵州',1,1,4929,0,0,0,1),(719,'Running719','实验帖子719','实验帖子内容719：xxxxxxxxxxxxxxxxxxxxxxxxxxxxxxxxxxxxxxxxxxxxxxxxxxxxxxxxxxxxxxxxxxxxxxxxx','2019-01-13 22:06:00','贵州',1,0,4171,0,0,0,1),(720,'Running720','实验帖子720','实验帖子内容720：xxxxxxxxxxxxxxxxxxxxxxxxxxxxxxxxxxxxxxxxxxxxxxxxxxxxxxxxxxxxxxxxxxxxxxxxx','2019-01-13 22:06:00','贵州',0,0,369,0,0,0,1),(721,'Running721','实验帖子721','实验帖子内容721：xxxxxxxxxxxxxxxxxxxxxxxxxxxxxxxxxxxxxxxxxxxxxxxxxxxxxxxxxxxxxxxxxxxxxxxxx','2019-01-13 22:06:00','云南',0,0,3351,1,0,0,1),(722,'Running722','实验帖子722','实验帖子内容722：xxxxxxxxxxxxxxxxxxxxxxxxxxxxxxxxxxxxxxxxxxxxxxxxxxxxxxxxxxxxxxxxxxxxxxxxx','2019-01-13 22:06:00','云南',1,1,1626,1,0,0,1),(723,'Running723','实验帖子723','实验帖子内容723：xxxxxxxxxxxxxxxxxxxxxxxxxxxxxxxxxxxxxxxxxxxxxxxxxxxxxxxxxxxxxxxxxxxxxxxxx','2019-01-13 22:06:00','云南',1,1,6916,1,0,0,1),(724,'Running724','实验帖子724','实验帖子内容724：xxxxxxxxxxxxxxxxxxxxxxxxxxxxxxxxxxxxxxxxxxxxxxxxxxxxxxxxxxxxxxxxxxxxxxxxx','2019-01-13 22:06:00','云南',0,0,1186,1,0,0,1),(727,'Running727','实验帖子727','实验帖子内容727：xxxxxxxxxxxxxxxxxxxxxxxxxxxxxxxxxxxxxxxxxxxxxxxxxxxxxxxxxxxxxxxxxxxxxxxxx','2019-01-13 22:06:00','云南',1,1,8860,1,0,0,1),(729,'Running729','实验帖子729','实验帖子内容729：xxxxxxxxxxxxxxxxxxxxxxxxxxxxxxxxxxxxxxxxxxxxxxxxxxxxxxxxxxxxxxxxxxxxxxxxx','2019-01-13 22:06:00','云南',0,1,4086,1,0,0,1),(730,'Running730','实验帖子730','实验帖子内容730：xxxxxxxxxxxxxxxxxxxxxxxxxxxxxxxxxxxxxxxxxxxxxxxxxxxxxxxxxxxxxxxxxxxxxxxxx','2019-01-13 22:06:00','云南',0,1,3135,1,0,0,1),(731,'Running731','实验帖子731','实验帖子内容731：xxxxxxxxxxxxxxxxxxxxxxxxxxxxxxxxxxxxxxxxxxxxxxxxxxxxxxxxxxxxxxxxxxxxxxxxx','2019-01-13 22:06:00','云南',1,1,7388,1,0,0,1),(732,'Running732','实验帖子732','实验帖子内容732：xxxxxxxxxxxxxxxxxxxxxxxxxxxxxxxxxxxxxxxxxxxxxxxxxxxxxxxxxxxxxxxxxxxxxxxxx','2019-01-13 22:06:00','云南',1,0,3888,0,0,0,1),(733,'Running733','实验帖子733','实验帖子内容733：xxxxxxxxxxxxxxxxxxxxxxxxxxxxxxxxxxxxxxxxxxxxxxxxxxxxxxxxxxxxxxxxxxxxxxxxx','2019-01-13 22:06:00','云南',1,0,5704,0,0,0,0),(734,'Running734','实验帖子734','实验帖子内容734：xxxxxxxxxxxxxxxxxxxxxxxxxxxxxxxxxxxxxxxxxxxxxxxxxxxxxxxxxxxxxxxxxxxxxxxxx','2019-01-13 22:06:00','云南',1,1,3964,1,0,0,0),(735,'Running735','实验帖子735','实验帖子内容735：xxxxxxxxxxxxxxxxxxxxxxxxxxxxxxxxxxxxxxxxxxxxxxxxxxxxxxxxxxxxxxxxxxxxxxxxx','2019-01-13 22:06:00','云南',1,1,2381,0,0,0,0),(736,'Running736','实验帖子736','实验帖子内容736：xxxxxxxxxxxxxxxxxxxxxxxxxxxxxxxxxxxxxxxxxxxxxxxxxxxxxxxxxxxxxxxxxxxxxxxxx','2019-01-13 22:06:00','云南',1,0,4287,1,0,0,0),(737,'Running737','实验帖子737','实验帖子内容737：xxxxxxxxxxxxxxxxxxxxxxxxxxxxxxxxxxxxxxxxxxxxxxxxxxxxxxxxxxxxxxxxxxxxxxxxx','2019-01-13 22:06:00','云南',0,1,2167,1,0,0,0),(738,'Running738','实验帖子738','实验帖子内容738：xxxxxxxxxxxxxxxxxxxxxxxxxxxxxxxxxxxxxxxxxxxxxxxxxxxxxxxxxxxxxxxxxxxxxxxxx','2019-01-13 22:06:00','云南',1,1,9686,1,0,0,0),(739,'Running739','实验帖子739','实验帖子内容739：xxxxxxxxxxxxxxxxxxxxxxxxxxxxxxxxxxxxxxxxxxxxxxxxxxxxxxxxxxxxxxxxxxxxxxxxx','2019-01-13 22:06:00','云南',1,1,6222,0,0,0,0),(741,'Running741','实验帖子741','实验帖子内容741：xxxxxxxxxxxxxxxxxxxxxxxxxxxxxxxxxxxxxxxxxxxxxxxxxxxxxxxxxxxxxxxxxxxxxxxxx','2019-01-13 22:06:00','云南',1,1,7107,1,0,0,0),(742,'Running742','实验帖子742','实验帖子内容742：xxxxxxxxxxxxxxxxxxxxxxxxxxxxxxxxxxxxxxxxxxxxxxxxxxxxxxxxxxxxxxxxxxxxxxxxx','2019-01-13 22:06:00','云南',1,1,4559,0,0,0,0),(743,'Running743','实验帖子743','实验帖子内容743：xxxxxxxxxxxxxxxxxxxxxxxxxxxxxxxxxxxxxxxxxxxxxxxxxxxxxxxxxxxxxxxxxxxxxxxxx','2019-01-13 22:06:00','云南',1,0,3794,0,0,0,0),(744,'Running744','实验帖子744','实验帖子内容744：xxxxxxxxxxxxxxxxxxxxxxxxxxxxxxxxxxxxxxxxxxxxxxxxxxxxxxxxxxxxxxxxxxxxxxxxx','2019-01-13 22:06:00','云南',1,1,8223,0,0,0,0),(746,'Running746','实验帖子746','实验帖子内容746：xxxxxxxxxxxxxxxxxxxxxxxxxxxxxxxxxxxxxxxxxxxxxxxxxxxxxxxxxxxxxxxxxxxxxxxxx','2019-01-13 22:06:00','云南',1,0,5341,1,0,0,0),(749,'Running749','实验帖子749','实验帖子内容749：xxxxxxxxxxxxxxxxxxxxxxxxxxxxxxxxxxxxxxxxxxxxxxxxxxxxxxxxxxxxxxxxxxxxxxxxx','2019-01-13 22:06:00','云南',1,1,9450,0,0,0,0),(753,'Running753','实验帖子753','实验帖子内容753：xxxxxxxxxxxxxxxxxxxxxxxxxxxxxxxxxxxxxxxxxxxxxxxxxxxxxxxxxxxxxxxxxxxxxxxxx','2019-01-13 22:01:45','西藏',0,1,6619,0,0,0,0),(754,'Running754','实验帖子754','实验帖子内容754：xxxxxxxxxxxxxxxxxxxxxxxxxxxxxxxxxxxxxxxxxxxxxxxxxxxxxxxxxxxxxxxxxxxxxxxxx','2019-01-13 22:01:45','西藏',1,1,4163,0,0,0,0),(755,'Running755','实验帖子755','实验帖子内容755：xxxxxxxxxxxxxxxxxxxxxxxxxxxxxxxxxxxxxxxxxxxxxxxxxxxxxxxxxxxxxxxxxxxxxxxxx','2019-01-13 22:01:45','西藏',0,1,5225,0,0,0,0),(756,'Running756','实验帖子756','实验帖子内容756：xxxxxxxxxxxxxxxxxxxxxxxxxxxxxxxxxxxxxxxxxxxxxxxxxxxxxxxxxxxxxxxxxxxxxxxxx','2019-01-13 22:01:45','西藏',1,1,2085,1,0,0,0),(757,'Running757','实验帖子757','实验帖子内容757：xxxxxxxxxxxxxxxxxxxxxxxxxxxxxxxxxxxxxxxxxxxxxxxxxxxxxxxxxxxxxxxxxxxxxxxxx','2019-01-13 22:01:45','西藏',0,0,1796,0,0,0,0),(760,'Running760','实验帖子760','实验帖子内容760：xxxxxxxxxxxxxxxxxxxxxxxxxxxxxxxxxxxxxxxxxxxxxxxxxxxxxxxxxxxxxxxxxxxxxxxxx','2019-01-13 22:01:45','西藏',0,0,359,0,0,0,0),(764,'Running764','实验帖子764','实验帖子内容764：xxxxxxxxxxxxxxxxxxxxxxxxxxxxxxxxxxxxxxxxxxxxxxxxxxxxxxxxxxxxxxxxxxxxxxxxx','2019-01-13 22:01:45','西藏',1,1,8390,0,0,0,0),(765,'Running765','实验帖子765','实验帖子内容765：xxxxxxxxxxxxxxxxxxxxxxxxxxxxxxxxxxxxxxxxxxxxxxxxxxxxxxxxxxxxxxxxxxxxxxxxx','2019-01-13 22:01:45','西藏',1,0,3206,1,0,0,0),(766,'Running766','实验帖子766','实验帖子内容766：xxxxxxxxxxxxxxxxxxxxxxxxxxxxxxxxxxxxxxxxxxxxxxxxxxxxxxxxxxxxxxxxxxxxxxxxx','2019-01-13 22:01:45','西藏',1,1,9406,0,0,0,0),(767,'Running767','实验帖子767','实验帖子内容767：xxxxxxxxxxxxxxxxxxxxxxxxxxxxxxxxxxxxxxxxxxxxxxxxxxxxxxxxxxxxxxxxxxxxxxxxx','2019-01-13 22:01:45','西藏',1,1,6017,0,0,0,0),(770,'Running770','实验帖子770','实验帖子内容770：xxxxxxxxxxxxxxxxxxxxxxxxxxxxxxxxxxxxxxxxxxxxxxxxxxxxxxxxxxxxxxxxxxxxxxxxx','2019-01-13 22:01:45','西藏',1,1,7555,0,0,0,0),(771,'Running771','实验帖子771','实验帖子内容771：xxxxxxxxxxxxxxxxxxxxxxxxxxxxxxxxxxxxxxxxxxxxxxxxxxxxxxxxxxxxxxxxxxxxxxxxx','2019-01-13 22:01:45','西藏',1,1,6426,1,0,0,0),(772,'Running772','实验帖子772','实验帖子内容772：xxxxxxxxxxxxxxxxxxxxxxxxxxxxxxxxxxxxxxxxxxxxxxxxxxxxxxxxxxxxxxxxxxxxxxxxx','2019-01-13 22:01:45','西藏',1,0,8252,0,0,0,0),(773,'Running773','实验帖子773','实验帖子内容773：xxxxxxxxxxxxxxxxxxxxxxxxxxxxxxxxxxxxxxxxxxxxxxxxxxxxxxxxxxxxxxxxxxxxxxxxx','2019-01-13 22:01:45','西藏',1,0,2744,0,0,0,0),(774,'Running774','实验帖子774','实验帖子内容774：xxxxxxxxxxxxxxxxxxxxxxxxxxxxxxxxxxxxxxxxxxxxxxxxxxxxxxxxxxxxxxxxxxxxxxxxx','2019-01-13 22:01:45','西藏',1,1,8918,1,0,0,0),(775,'Running775','实验帖子775','实验帖子内容775：xxxxxxxxxxxxxxxxxxxxxxxxxxxxxxxxxxxxxxxxxxxxxxxxxxxxxxxxxxxxxxxxxxxxxxxxx','2019-01-13 22:01:45','西藏',1,0,9628,0,0,0,0),(776,'Running776','实验帖子776','实验帖子内容776：xxxxxxxxxxxxxxxxxxxxxxxxxxxxxxxxxxxxxxxxxxxxxxxxxxxxxxxxxxxxxxxxxxxxxxxxx','2019-01-13 22:01:45','西藏',1,1,8599,0,0,0,0),(777,'Running777','实验帖子777','实验帖子内容777：xxxxxxxxxxxxxxxxxxxxxxxxxxxxxxxxxxxxxxxxxxxxxxxxxxxxxxxxxxxxxxxxxxxxxxxxx','2019-01-13 22:01:45','西藏',0,1,9955,0,0,0,0),(778,'Running778','实验帖子778','实验帖子内容778：xxxxxxxxxxxxxxxxxxxxxxxxxxxxxxxxxxxxxxxxxxxxxxxxxxxxxxxxxxxxxxxxxxxxxxxxx','2019-01-13 22:01:45','西藏',0,0,251,0,0,0,0),(780,'Running780','实验帖子780','实验帖子内容780：xxxxxxxxxxxxxxxxxxxxxxxxxxxxxxxxxxxxxxxxxxxxxxxxxxxxxxxxxxxxxxxxxxxxxxxxx','2019-01-13 22:06:00','陕西',0,1,5734,0,0,0,0),(781,'Running781','实验帖子781','实验帖子内容781：xxxxxxxxxxxxxxxxxxxxxxxxxxxxxxxxxxxxxxxxxxxxxxxxxxxxxxxxxxxxxxxxxxxxxxxxx','2019-01-13 22:06:00','陕西',1,1,9471,1,0,0,0),(782,'Running782','实验帖子782','实验帖子内容782：xxxxxxxxxxxxxxxxxxxxxxxxxxxxxxxxxxxxxxxxxxxxxxxxxxxxxxxxxxxxxxxxxxxxxxxxx','2019-01-13 22:06:00','陕西',0,0,814,1,0,0,0),(783,'Running783','实验帖子783','实验帖子内容783：xxxxxxxxxxxxxxxxxxxxxxxxxxxxxxxxxxxxxxxxxxxxxxxxxxxxxxxxxxxxxxxxxxxxxxxxx','2019-01-13 22:06:00','陕西',1,1,6444,0,0,0,0),(784,'Running784','实验帖子784','实验帖子内容784：xxxxxxxxxxxxxxxxxxxxxxxxxxxxxxxxxxxxxxxxxxxxxxxxxxxxxxxxxxxxxxxxxxxxxxxxx','2019-01-13 22:06:00','陕西',0,0,164,0,0,0,0),(785,'Running785','实验帖子785','实验帖子内容785：xxxxxxxxxxxxxxxxxxxxxxxxxxxxxxxxxxxxxxxxxxxxxxxxxxxxxxxxxxxxxxxxxxxxxxxxx','2019-01-13 22:06:00','陕西',0,1,2426,1,0,0,0),(786,'Running786','实验帖子786','实验帖子内容786：xxxxxxxxxxxxxxxxxxxxxxxxxxxxxxxxxxxxxxxxxxxxxxxxxxxxxxxxxxxxxxxxxxxxxxxxx','2019-01-13 22:06:00','陕西',0,0,2364,1,0,0,0),(787,'Running787','实验帖子787','实验帖子内容787：xxxxxxxxxxxxxxxxxxxxxxxxxxxxxxxxxxxxxxxxxxxxxxxxxxxxxxxxxxxxxxxxxxxxxxxxx','2019-01-13 22:06:00','陕西',0,0,2324,0,0,0,0),(788,'Running788','实验帖子788','实验帖子内容788：xxxxxxxxxxxxxxxxxxxxxxxxxxxxxxxxxxxxxxxxxxxxxxxxxxxxxxxxxxxxxxxxxxxxxxxxx','2019-01-13 22:06:00','陕西',1,1,4898,1,0,0,0),(789,'Running789','实验帖子789','实验帖子内容789：xxxxxxxxxxxxxxxxxxxxxxxxxxxxxxxxxxxxxxxxxxxxxxxxxxxxxxxxxxxxxxxxxxxxxxxxx','2019-01-13 22:06:00','陕西',1,1,2452,0,0,0,0),(790,'Running790','实验帖子790','实验帖子内容790：xxxxxxxxxxxxxxxxxxxxxxxxxxxxxxxxxxxxxxxxxxxxxxxxxxxxxxxxxxxxxxxxxxxxxxxxx','2019-01-13 22:06:00','陕西',1,0,9158,1,0,0,0),(792,'Running792','实验帖子792','实验帖子内容792：xxxxxxxxxxxxxxxxxxxxxxxxxxxxxxxxxxxxxxxxxxxxxxxxxxxxxxxxxxxxxxxxxxxxxxxxx','2019-01-13 22:06:00','陕西',1,1,5443,1,0,0,0),(793,'Running793','实验帖子793','实验帖子内容793：xxxxxxxxxxxxxxxxxxxxxxxxxxxxxxxxxxxxxxxxxxxxxxxxxxxxxxxxxxxxxxxxxxxxxxxxx','2019-01-13 22:06:00','陕西',1,1,5681,1,0,0,0),(795,'Running795','实验帖子795','实验帖子内容795：xxxxxxxxxxxxxxxxxxxxxxxxxxxxxxxxxxxxxxxxxxxxxxxxxxxxxxxxxxxxxxxxxxxxxxxxx','2019-01-13 22:06:00','陕西',1,0,3441,1,0,0,0),(796,'Running796','实验帖子796','实验帖子内容796：xxxxxxxxxxxxxxxxxxxxxxxxxxxxxxxxxxxxxxxxxxxxxxxxxxxxxxxxxxxxxxxxxxxxxxxxx','2019-01-13 22:06:00','陕西',1,1,9806,1,0,0,0),(797,'Running797','实验帖子797','实验帖子内容797：xxxxxxxxxxxxxxxxxxxxxxxxxxxxxxxxxxxxxxxxxxxxxxxxxxxxxxxxxxxxxxxxxxxxxxxxx','2019-01-13 22:06:00','陕西',0,0,747,0,0,0,0),(798,'Running798','实验帖子798','实验帖子内容798：xxxxxxxxxxxxxxxxxxxxxxxxxxxxxxxxxxxxxxxxxxxxxxxxxxxxxxxxxxxxxxxxxxxxxxxxx','2019-01-13 22:06:00','陕西',1,1,8013,0,0,0,0),(799,'Running799','实验帖子799','实验帖子内容799：xxxxxxxxxxxxxxxxxxxxxxxxxxxxxxxxxxxxxxxxxxxxxxxxxxxxxxxxxxxxxxxxxxxxxxxxx','2019-01-13 22:06:00','陕西',1,1,5943,1,0,0,0),(800,'Running800','实验帖子800','实验帖子内容800：xxxxxxxxxxxxxxxxxxxxxxxxxxxxxxxxxxxxxxxxxxxxxxxxxxxxxxxxxxxxxxxxxxxxxxxxx','2019-01-13 22:06:00','陕西',1,1,8497,0,0,0,0),(802,'Running802','实验帖子802','实验帖子内容802：xxxxxxxxxxxxxxxxxxxxxxxxxxxxxxxxxxxxxxxxxxxxxxxxxxxxxxxxxxxxxxxxxxxxxxxxx','2019-01-13 22:06:00','陕西',0,0,1088,0,0,0,0),(803,'Running803','实验帖子803','实验帖子内容803：xxxxxxxxxxxxxxxxxxxxxxxxxxxxxxxxxxxxxxxxxxxxxxxxxxxxxxxxxxxxxxxxxxxxxxxxx','2019-01-13 22:06:00','陕西',1,1,5419,1,0,0,0),(805,'Running805','实验帖子805','实验帖子内容805：xxxxxxxxxxxxxxxxxxxxxxxxxxxxxxxxxxxxxxxxxxxxxxxxxxxxxxxxxxxxxxxxxxxxxxxxx','2019-01-13 22:06:00','陕西',1,1,3419,0,0,0,0),(806,'Running806','实验帖子806','实验帖子内容806：xxxxxxxxxxxxxxxxxxxxxxxxxxxxxxxxxxxxxxxxxxxxxxxxxxxxxxxxxxxxxxxxxxxxxxxxx','2019-01-13 22:06:00','陕西',0,1,1440,0,0,0,0),(807,'Running807','实验帖子807','实验帖子内容807：xxxxxxxxxxxxxxxxxxxxxxxxxxxxxxxxxxxxxxxxxxxxxxxxxxxxxxxxxxxxxxxxxxxxxxxxx','2019-01-13 22:06:00','陕西',0,1,6751,0,0,0,0),(808,'Running808','实验帖子808','实验帖子内容808：xxxxxxxxxxxxxxxxxxxxxxxxxxxxxxxxxxxxxxxxxxxxxxxxxxxxxxxxxxxxxxxxxxxxxxxxx','2019-01-13 22:06:00','陕西',0,1,3390,0,0,0,0),(809,'Running809','实验帖子809','实验帖子内容809：xxxxxxxxxxxxxxxxxxxxxxxxxxxxxxxxxxxxxxxxxxxxxxxxxxxxxxxxxxxxxxxxxxxxxxxxx','2019-01-13 22:06:00','陕西',0,0,792,0,0,0,0),(810,'Running810','实验帖子810','实验帖子内容810：xxxxxxxxxxxxxxxxxxxxxxxxxxxxxxxxxxxxxxxxxxxxxxxxxxxxxxxxxxxxxxxxxxxxxxxxx','2019-01-13 22:06:00','陕西',1,1,5825,0,0,0,0),(812,'Running812','实验帖子812','实验帖子内容812：xxxxxxxxxxxxxxxxxxxxxxxxxxxxxxxxxxxxxxxxxxxxxxxxxxxxxxxxxxxxxxxxxxxxxxxxx','2019-01-13 22:06:00','甘肃',1,1,3107,1,0,0,0),(813,'Running813','实验帖子813','实验帖子内容813：xxxxxxxxxxxxxxxxxxxxxxxxxxxxxxxxxxxxxxxxxxxxxxxxxxxxxxxxxxxxxxxxxxxxxxxxx','2019-01-13 22:06:00','甘肃',1,1,9532,0,0,0,0),(814,'Running814','实验帖子814','实验帖子内容814：xxxxxxxxxxxxxxxxxxxxxxxxxxxxxxxxxxxxxxxxxxxxxxxxxxxxxxxxxxxxxxxxxxxxxxxxx','2019-01-13 22:06:00','甘肃',1,1,3502,1,0,0,0),(815,'Running815','实验帖子815','实验帖子内容815：xxxxxxxxxxxxxxxxxxxxxxxxxxxxxxxxxxxxxxxxxxxxxxxxxxxxxxxxxxxxxxxxxxxxxxxxx','2019-01-13 22:06:00','甘肃',1,1,7015,0,0,0,0),(816,'Running816','实验帖子816','实验帖子内容816：xxxxxxxxxxxxxxxxxxxxxxxxxxxxxxxxxxxxxxxxxxxxxxxxxxxxxxxxxxxxxxxxxxxxxxxxx','2019-01-13 22:06:00','甘肃',1,0,4183,1,0,0,0),(817,'Running817','实验帖子817','实验帖子内容817：xxxxxxxxxxxxxxxxxxxxxxxxxxxxxxxxxxxxxxxxxxxxxxxxxxxxxxxxxxxxxxxxxxxxxxxxx','2019-01-13 22:06:00','甘肃',0,0,772,1,0,0,0),(818,'Running818','实验帖子818','实验帖子内容818：xxxxxxxxxxxxxxxxxxxxxxxxxxxxxxxxxxxxxxxxxxxxxxxxxxxxxxxxxxxxxxxxxxxxxxxxx','2019-01-13 22:06:00','甘肃',0,1,6229,0,0,0,0),(819,'Running819','实验帖子819','实验帖子内容819：xxxxxxxxxxxxxxxxxxxxxxxxxxxxxxxxxxxxxxxxxxxxxxxxxxxxxxxxxxxxxxxxxxxxxxxxx','2019-01-13 22:06:00','甘肃',1,1,8212,0,0,0,0),(820,'Running820','实验帖子820','实验帖子内容820：xxxxxxxxxxxxxxxxxxxxxxxxxxxxxxxxxxxxxxxxxxxxxxxxxxxxxxxxxxxxxxxxxxxxxxxxx','2019-01-13 22:06:00','甘肃',1,1,9625,0,0,0,0),(821,'Running821','实验帖子821','实验帖子内容821：xxxxxxxxxxxxxxxxxxxxxxxxxxxxxxxxxxxxxxxxxxxxxxxxxxxxxxxxxxxxxxxxxxxxxxxxx','2019-01-13 22:06:00','甘肃',1,1,8147,1,0,0,0),(823,'Running823','实验帖子823','实验帖子内容823：xxxxxxxxxxxxxxxxxxxxxxxxxxxxxxxxxxxxxxxxxxxxxxxxxxxxxxxxxxxxxxxxxxxxxxxxx','2019-01-13 22:06:00','甘肃',0,1,5796,1,0,0,0),(824,'Running824','实验帖子824','实验帖子内容824：xxxxxxxxxxxxxxxxxxxxxxxxxxxxxxxxxxxxxxxxxxxxxxxxxxxxxxxxxxxxxxxxxxxxxxxxx','2019-01-13 22:06:00','甘肃',0,1,4940,1,0,0,0),(826,'Running826','实验帖子826','实验帖子内容826：xxxxxxxxxxxxxxxxxxxxxxxxxxxxxxxxxxxxxxxxxxxxxxxxxxxxxxxxxxxxxxxxxxxxxxxxx','2019-01-13 22:06:00','甘肃',1,1,6361,1,0,0,0),(827,'Running827','实验帖子827','实验帖子内容827：xxxxxxxxxxxxxxxxxxxxxxxxxxxxxxxxxxxxxxxxxxxxxxxxxxxxxxxxxxxxxxxxxxxxxxxxx','2019-01-13 22:06:00','甘肃',1,1,7151,1,0,0,0),(828,'Running828','实验帖子828','实验帖子内容828：xxxxxxxxxxxxxxxxxxxxxxxxxxxxxxxxxxxxxxxxxxxxxxxxxxxxxxxxxxxxxxxxxxxxxxxxx','2019-01-13 22:06:00','甘肃',0,1,8137,1,0,0,0),(829,'Running829','实验帖子829','实验帖子内容829：xxxxxxxxxxxxxxxxxxxxxxxxxxxxxxxxxxxxxxxxxxxxxxxxxxxxxxxxxxxxxxxxxxxxxxxxx','2019-01-13 22:06:00','甘肃',1,1,8326,1,0,0,0),(830,'Running830','实验帖子830','实验帖子内容830：xxxxxxxxxxxxxxxxxxxxxxxxxxxxxxxxxxxxxxxxxxxxxxxxxxxxxxxxxxxxxxxxxxxxxxxxx','2019-01-13 22:06:00','甘肃',1,1,9783,1,0,0,0),(831,'Running831','实验帖子831','实验帖子内容831：xxxxxxxxxxxxxxxxxxxxxxxxxxxxxxxxxxxxxxxxxxxxxxxxxxxxxxxxxxxxxxxxxxxxxxxxx','2019-01-13 22:06:00','甘肃',0,1,2158,1,0,0,0),(832,'Running832','实验帖子832','实验帖子内容832：xxxxxxxxxxxxxxxxxxxxxxxxxxxxxxxxxxxxxxxxxxxxxxxxxxxxxxxxxxxxxxxxxxxxxxxxx','2019-01-13 22:06:00','甘肃',1,0,9723,0,0,0,0),(833,'Running833','实验帖子833','实验帖子内容833：xxxxxxxxxxxxxxxxxxxxxxxxxxxxxxxxxxxxxxxxxxxxxxxxxxxxxxxxxxxxxxxxxxxxxxxxx','2019-01-13 22:06:00','甘肃',0,0,898,1,0,0,0),(834,'Running834','实验帖子834','实验帖子内容834：xxxxxxxxxxxxxxxxxxxxxxxxxxxxxxxxxxxxxxxxxxxxxxxxxxxxxxxxxxxxxxxxxxxxxxxxx','2019-01-13 22:06:00','甘肃',0,0,285,0,0,0,0),(835,'Running835','实验帖子835','实验帖子内容835：xxxxxxxxxxxxxxxxxxxxxxxxxxxxxxxxxxxxxxxxxxxxxxxxxxxxxxxxxxxxxxxxxxxxxxxxx','2019-01-13 22:06:00','甘肃',1,1,3202,1,0,0,0),(836,'Running836','实验帖子836','实验帖子内容836：xxxxxxxxxxxxxxxxxxxxxxxxxxxxxxxxxxxxxxxxxxxxxxxxxxxxxxxxxxxxxxxxxxxxxxxxx','2019-01-13 22:06:00','甘肃',1,0,2706,0,0,0,0),(837,'Running837','实验帖子837','实验帖子内容837：xxxxxxxxxxxxxxxxxxxxxxxxxxxxxxxxxxxxxxxxxxxxxxxxxxxxxxxxxxxxxxxxxxxxxxxxx','2019-01-13 22:06:00','甘肃',1,1,9134,1,0,0,0),(838,'Running838','实验帖子838','实验帖子内容838：xxxxxxxxxxxxxxxxxxxxxxxxxxxxxxxxxxxxxxxxxxxxxxxxxxxxxxxxxxxxxxxxxxxxxxxxx','2019-01-15 14:52:43','甘肃',1,0,2126,1,0,1,0),(839,'Running839','实验帖子839','实验帖子内容839：xxxxxxxxxxxxxxxxxxxxxxxxxxxxxxxxxxxxxxxxxxxxxxxxxxxxxxxxxxxxxxxxxxxxxxxxx','2019-01-15 14:52:43','甘肃',0,1,5164,0,0,1,0),(840,'Running840','实验帖子840','实验帖子内容840：xxxxxxxxxxxxxxxxxxxxxxxxxxxxxxxxxxxxxxxxxxxxxxxxxxxxxxxxxxxxxxxxxxxxxxxxx','2019-01-15 14:52:43','甘肃',0,1,2594,0,0,1,0),(841,'Running841','实验帖子841','实验帖子内容841：xxxxxxxxxxxxxxxxxxxxxxxxxxxxxxxxxxxxxxxxxxxxxxxxxxxxxxxxxxxxxxxxxxxxxxxxx','2019-01-15 14:52:43','青海',1,1,9167,0,0,1,0),(843,'Running843','实验帖子843','实验帖子内容843：xxxxxxxxxxxxxxxxxxxxxxxxxxxxxxxxxxxxxxxxxxxxxxxxxxxxxxxxxxxxxxxxxxxxxxxxx','2019-01-15 14:52:43','青海',1,1,5427,1,0,1,0),(844,'Running844','实验帖子844','实验帖子内容844：xxxxxxxxxxxxxxxxxxxxxxxxxxxxxxxxxxxxxxxxxxxxxxxxxxxxxxxxxxxxxxxxxxxxxxxxx','2019-01-15 14:52:43','青海',1,1,7395,1,0,1,0),(846,'Running846','实验帖子846','实验帖子内容846：xxxxxxxxxxxxxxxxxxxxxxxxxxxxxxxxxxxxxxxxxxxxxxxxxxxxxxxxxxxxxxxxxxxxxxxxx','2019-01-13 22:06:00','青海',1,1,9355,1,0,0,0),(847,'Running847','实验帖子847','实验帖子内容847：xxxxxxxxxxxxxxxxxxxxxxxxxxxxxxxxxxxxxxxxxxxxxxxxxxxxxxxxxxxxxxxxxxxxxxxxx','2019-01-13 22:06:00','青海',0,1,3874,0,0,0,0),(849,'Running849','实验帖子849','实验帖子内容849：xxxxxxxxxxxxxxxxxxxxxxxxxxxxxxxxxxxxxxxxxxxxxxxxxxxxxxxxxxxxxxxxxxxxxxxxx','2019-01-13 22:06:00','青海',1,1,1658,0,1,0,0),(850,'Running850','实验帖子850','实验帖子内容850：xxxxxxxxxxxxxxxxxxxxxxxxxxxxxxxxxxxxxxxxxxxxxxxxxxxxxxxxxxxxxxxxxxxxxxxxx','2019-01-13 22:06:00','青海',0,1,5758,0,1,0,0),(851,'Running851','实验帖子851','实验帖子内容851：xxxxxxxxxxxxxxxxxxxxxxxxxxxxxxxxxxxxxxxxxxxxxxxxxxxxxxxxxxxxxxxxxxxxxxxxx','2019-01-13 22:06:00','青海',1,0,2889,1,1,0,0),(852,'Running852','实验帖子852','实验帖子内容852：xxxxxxxxxxxxxxxxxxxxxxxxxxxxxxxxxxxxxxxxxxxxxxxxxxxxxxxxxxxxxxxxxxxxxxxxx','2019-01-13 22:06:00','青海',1,1,6266,1,1,0,0),(856,'Running856','实验帖子856','实验帖子内容856：xxxxxxxxxxxxxxxxxxxxxxxxxxxxxxxxxxxxxxxxxxxxxxxxxxxxxxxxxxxxxxxxxxxxxxxxx','2019-01-13 22:06:00','青海',1,1,8852,0,1,0,0),(857,'Running857','实验帖子857','实验帖子内容857：xxxxxxxxxxxxxxxxxxxxxxxxxxxxxxxxxxxxxxxxxxxxxxxxxxxxxxxxxxxxxxxxxxxxxxxxx','2019-01-13 22:06:00','青海',1,1,7432,1,1,0,0),(859,'Running859','实验帖子859','实验帖子内容859：xxxxxxxxxxxxxxxxxxxxxxxxxxxxxxxxxxxxxxxxxxxxxxxxxxxxxxxxxxxxxxxxxxxxxxxxx','2019-01-13 22:06:00','青海',1,1,4650,1,1,0,0),(860,'Running860','实验帖子860','实验帖子内容860：xxxxxxxxxxxxxxxxxxxxxxxxxxxxxxxxxxxxxxxxxxxxxxxxxxxxxxxxxxxxxxxxxxxxxxxxx','2019-01-13 22:06:00','青海',1,1,3381,0,1,0,0),(861,'Running861','实验帖子861','实验帖子内容861：xxxxxxxxxxxxxxxxxxxxxxxxxxxxxxxxxxxxxxxxxxxxxxxxxxxxxxxxxxxxxxxxxxxxxxxxx','2019-01-13 22:06:00','青海',1,1,5945,1,1,0,0),(862,'Running862','实验帖子862','实验帖子内容862：xxxxxxxxxxxxxxxxxxxxxxxxxxxxxxxxxxxxxxxxxxxxxxxxxxxxxxxxxxxxxxxxxxxxxxxxx','2019-01-13 22:06:00','青海',1,1,4718,1,1,0,0),(863,'Running863','实验帖子863','实验帖子内容863：xxxxxxxxxxxxxxxxxxxxxxxxxxxxxxxxxxxxxxxxxxxxxxxxxxxxxxxxxxxxxxxxxxxxxxxxx','2019-01-13 22:06:00','青海',0,1,4662,0,1,0,0),(864,'Running864','实验帖子864','实验帖子内容864：xxxxxxxxxxxxxxxxxxxxxxxxxxxxxxxxxxxxxxxxxxxxxxxxxxxxxxxxxxxxxxxxxxxxxxxxx','2019-01-13 22:06:00','青海',0,0,363,0,1,0,0),(865,'Running865','实验帖子865','实验帖子内容865：xxxxxxxxxxxxxxxxxxxxxxxxxxxxxxxxxxxxxxxxxxxxxxxxxxxxxxxxxxxxxxxxxxxxxxxxx','2019-01-13 22:06:00','青海',0,1,5553,1,1,0,0),(866,'Running866','实验帖子866','实验帖子内容866：xxxxxxxxxxxxxxxxxxxxxxxxxxxxxxxxxxxxxxxxxxxxxxxxxxxxxxxxxxxxxxxxxxxxxxxxx','2019-01-13 22:06:00','青海',1,0,5147,1,1,0,0),(867,'Running867','实验帖子867','实验帖子内容867：xxxxxxxxxxxxxxxxxxxxxxxxxxxxxxxxxxxxxxxxxxxxxxxxxxxxxxxxxxxxxxxxxxxxxxxxx','2019-01-13 22:06:00','青海',1,1,9773,0,1,0,0),(868,'Running868','实验帖子868','实验帖子内容868：xxxxxxxxxxxxxxxxxxxxxxxxxxxxxxxxxxxxxxxxxxxxxxxxxxxxxxxxxxxxxxxxxxxxxxxxx','2019-01-13 22:06:00','青海',1,0,2804,0,1,0,0),(869,'Running869','实验帖子869','实验帖子内容869：xxxxxxxxxxxxxxxxxxxxxxxxxxxxxxxxxxxxxxxxxxxxxxxxxxxxxxxxxxxxxxxxxxxxxxxxx','2019-01-13 22:06:00','青海',1,1,9887,0,1,0,0),(870,'Running870','实验帖子870','实验帖子内容870：xxxxxxxxxxxxxxxxxxxxxxxxxxxxxxxxxxxxxxxxxxxxxxxxxxxxxxxxxxxxxxxxxxxxxxxxx','2019-01-13 21:59:52','宁夏',0,0,977,1,1,0,0),(871,'Running871','实验帖子871','实验帖子内容871：xxxxxxxxxxxxxxxxxxxxxxxxxxxxxxxxxxxxxxxxxxxxxxxxxxxxxxxxxxxxxxxxxxxxxxxxx','2019-01-13 21:59:52','宁夏',1,0,4865,1,1,0,0),(873,'Running873','实验帖子873','实验帖子内容873：xxxxxxxxxxxxxxxxxxxxxxxxxxxxxxxxxxxxxxxxxxxxxxxxxxxxxxxxxxxxxxxxxxxxxxxxx','2019-01-13 21:59:52','宁夏',1,0,5082,0,1,0,0),(874,'Running874','实验帖子874','实验帖子内容874：xxxxxxxxxxxxxxxxxxxxxxxxxxxxxxxxxxxxxxxxxxxxxxxxxxxxxxxxxxxxxxxxxxxxxxxxx','2019-01-13 21:59:52','宁夏',1,1,8966,1,1,0,0),(876,'Running876','实验帖子876','实验帖子内容876：xxxxxxxxxxxxxxxxxxxxxxxxxxxxxxxxxxxxxxxxxxxxxxxxxxxxxxxxxxxxxxxxxxxxxxxxx','2019-01-13 21:59:52','宁夏',1,1,8596,1,1,0,0),(877,'Running877','实验帖子877','实验帖子内容877：xxxxxxxxxxxxxxxxxxxxxxxxxxxxxxxxxxxxxxxxxxxxxxxxxxxxxxxxxxxxxxxxxxxxxxxxx','2019-01-13 21:59:52','宁夏',1,1,9769,0,1,0,0),(878,'Running878','实验帖子878','实验帖子内容878：xxxxxxxxxxxxxxxxxxxxxxxxxxxxxxxxxxxxxxxxxxxxxxxxxxxxxxxxxxxxxxxxxxxxxxxxx','2019-01-13 21:59:52','宁夏',1,1,8371,1,1,0,0),(879,'Running879','实验帖子879','实验帖子内容879：xxxxxxxxxxxxxxxxxxxxxxxxxxxxxxxxxxxxxxxxxxxxxxxxxxxxxxxxxxxxxxxxxxxxxxxxx','2019-01-13 21:59:52','宁夏',1,1,7023,0,1,0,1),(881,'Running881','实验帖子881','实验帖子内容881：xxxxxxxxxxxxxxxxxxxxxxxxxxxxxxxxxxxxxxxxxxxxxxxxxxxxxxxxxxxxxxxxxxxxxxxxx','2019-01-13 21:59:52','宁夏',1,0,5082,1,1,0,1),(882,'Running882','实验帖子882','实验帖子内容882：xxxxxxxxxxxxxxxxxxxxxxxxxxxxxxxxxxxxxxxxxxxxxxxxxxxxxxxxxxxxxxxxxxxxxxxxx','2019-01-13 21:59:52','宁夏',0,0,951,1,1,0,1),(883,'Running883','实验帖子883','实验帖子内容883：xxxxxxxxxxxxxxxxxxxxxxxxxxxxxxxxxxxxxxxxxxxxxxxxxxxxxxxxxxxxxxxxxxxxxxxxx','2019-01-13 21:59:52','宁夏',1,1,6355,0,1,0,1),(884,'Running884','实验帖子884','实验帖子内容884：xxxxxxxxxxxxxxxxxxxxxxxxxxxxxxxxxxxxxxxxxxxxxxxxxxxxxxxxxxxxxxxxxxxxxxxxx','2019-01-13 21:59:52','宁夏',1,1,4821,0,1,0,1),(885,'Running885','实验帖子885','实验帖子内容885：xxxxxxxxxxxxxxxxxxxxxxxxxxxxxxxxxxxxxxxxxxxxxxxxxxxxxxxxxxxxxxxxxxxxxxxxx','2019-01-13 21:59:52','宁夏',1,1,4654,1,1,0,1),(886,'Running886','实验帖子886','实验帖子内容886：xxxxxxxxxxxxxxxxxxxxxxxxxxxxxxxxxxxxxxxxxxxxxxxxxxxxxxxxxxxxxxxxxxxxxxxxx','2019-01-13 21:59:52','宁夏',0,0,964,0,1,0,1),(888,'Running888','实验帖子888','实验帖子内容888：xxxxxxxxxxxxxxxxxxxxxxxxxxxxxxxxxxxxxxxxxxxxxxxxxxxxxxxxxxxxxxxxxxxxxxxxx','2019-01-13 21:59:52','宁夏',1,0,7177,1,1,0,1),(889,'Running889','实验帖子889','实验帖子内容889：xxxxxxxxxxxxxxxxxxxxxxxxxxxxxxxxxxxxxxxxxxxxxxxxxxxxxxxxxxxxxxxxxxxxxxxxx','2019-01-13 21:59:52','宁夏',1,0,4616,1,1,0,1),(890,'Running890','实验帖子890','实验帖子内容890：xxxxxxxxxxxxxxxxxxxxxxxxxxxxxxxxxxxxxxxxxxxxxxxxxxxxxxxxxxxxxxxxxxxxxxxxx','2019-01-13 21:59:52','宁夏',0,1,5166,0,1,0,1),(892,'Running892','实验帖子892','实验帖子内容892：xxxxxxxxxxxxxxxxxxxxxxxxxxxxxxxxxxxxxxxxxxxxxxxxxxxxxxxxxxxxxxxxxxxxxxxxx','2019-01-13 21:59:52','宁夏',0,1,5540,1,1,0,1),(893,'Running893','实验帖子893','实验帖子内容893：xxxxxxxxxxxxxxxxxxxxxxxxxxxxxxxxxxxxxxxxxxxxxxxxxxxxxxxxxxxxxxxxxxxxxxxxx','2019-01-13 21:59:52','宁夏',1,1,3603,1,1,0,1),(894,'Running894','实验帖子894','实验帖子内容894：xxxxxxxxxxxxxxxxxxxxxxxxxxxxxxxxxxxxxxxxxxxxxxxxxxxxxxxxxxxxxxxxxxxxxxxxx','2019-01-13 21:59:52','宁夏',0,0,2816,1,1,0,1),(895,'Running895','实验帖子895','实验帖子内容895：xxxxxxxxxxxxxxxxxxxxxxxxxxxxxxxxxxxxxxxxxxxxxxxxxxxxxxxxxxxxxxxxxxxxxxxxx','2019-01-13 21:59:52','宁夏',0,1,3456,0,1,0,1),(896,'Running896','实验帖子896','实验帖子内容896：xxxxxxxxxxxxxxxxxxxxxxxxxxxxxxxxxxxxxxxxxxxxxxxxxxxxxxxxxxxxxxxxxxxxxxxxx','2019-01-13 21:59:52','宁夏',0,0,417,0,1,0,1),(897,'Running897','实验帖子897','实验帖子内容897：xxxxxxxxxxxxxxxxxxxxxxxxxxxxxxxxxxxxxxxxxxxxxxxxxxxxxxxxxxxxxxxxxxxxxxxxx','2019-01-13 21:59:52','宁夏',1,1,2747,1,1,0,1),(898,'Running898','实验帖子898','实验帖子内容898：xxxxxxxxxxxxxxxxxxxxxxxxxxxxxxxxxxxxxxxxxxxxxxxxxxxxxxxxxxxxxxxxxxxxxxxxx','2019-01-13 21:59:52','宁夏',1,0,5672,1,1,0,1),(899,'Running899','实验帖子899','实验帖子内容899：xxxxxxxxxxxxxxxxxxxxxxxxxxxxxxxxxxxxxxxxxxxxxxxxxxxxxxxxxxxxxxxxxxxxxxxxx','2019-01-13 21:59:52','宁夏',1,1,5134,1,1,0,1),(901,'Running901','实验帖子901','实验帖子内容901：xxxxxxxxxxxxxxxxxxxxxxxxxxxxxxxxxxxxxxxxxxxxxxxxxxxxxxxxxxxxxxxxxxxxxxxxx','2019-01-18 02:46:16','新疆',0,1,5680,0,1,1,1),(902,'Running902','实验帖子902','实验帖子内容902：xxxxxxxxxxxxxxxxxxxxxxxxxxxxxxxxxxxxxxxxxxxxxxxxxxxxxxxxxxxxxxxxxxxxxxxxx','2019-01-13 21:59:52','新疆',1,1,7991,0,1,0,1),(903,'Running903','实验帖子903','实验帖子内容903：xxxxxxxxxxxxxxxxxxxxxxxxxxxxxxxxxxxxxxxxxxxxxxxxxxxxxxxxxxxxxxxxxxxxxxxxx','2019-01-13 21:59:52','新疆',1,1,5855,0,1,0,1),(904,'Running904','实验帖子904','实验帖子内容904：xxxxxxxxxxxxxxxxxxxxxxxxxxxxxxxxxxxxxxxxxxxxxxxxxxxxxxxxxxxxxxxxxxxxxxxxx','2019-01-13 21:59:52','新疆',1,1,4245,1,1,0,1),(905,'Running905','实验帖子905','实验帖子内容905：xxxxxxxxxxxxxxxxxxxxxxxxxxxxxxxxxxxxxxxxxxxxxxxxxxxxxxxxxxxxxxxxxxxxxxxxx','2019-01-13 21:59:52','新疆',1,1,8536,0,1,0,1),(906,'Running906','实验帖子906','实验帖子内容906：xxxxxxxxxxxxxxxxxxxxxxxxxxxxxxxxxxxxxxxxxxxxxxxxxxxxxxxxxxxxxxxxxxxxxxxxx','2019-01-13 21:59:52','新疆',0,1,6532,0,1,0,1),(907,'Running907','实验帖子907','实验帖子内容907：xxxxxxxxxxxxxxxxxxxxxxxxxxxxxxxxxxxxxxxxxxxxxxxxxxxxxxxxxxxxxxxxxxxxxxxxx','2019-01-13 21:59:52','新疆',0,0,3003,1,1,0,1),(910,'Running910','实验帖子910','实验帖子内容910：xxxxxxxxxxxxxxxxxxxxxxxxxxxxxxxxxxxxxxxxxxxxxxxxxxxxxxxxxxxxxxxxxxxxxxxxx','2019-01-13 21:59:52','新疆',0,0,552,0,1,0,1),(911,'Running911','实验帖子911','实验帖子内容911：xxxxxxxxxxxxxxxxxxxxxxxxxxxxxxxxxxxxxxxxxxxxxxxxxxxxxxxxxxxxxxxxxxxxxxxxx','2019-01-13 21:59:52','新疆',1,1,6460,0,1,0,1),(913,'Running913','实验帖子913','实验帖子内容913：xxxxxxxxxxxxxxxxxxxxxxxxxxxxxxxxxxxxxxxxxxxxxxxxxxxxxxxxxxxxxxxxxxxxxxxxx','2019-01-13 21:59:52','新疆',0,0,1046,1,1,0,1),(915,'Running915','实验帖子915','实验帖子内容915：xxxxxxxxxxxxxxxxxxxxxxxxxxxxxxxxxxxxxxxxxxxxxxxxxxxxxxxxxxxxxxxxxxxxxxxxx','2019-01-13 21:59:52','新疆',1,1,8610,0,1,0,1),(916,'Running916','实验帖子916','实验帖子内容916：xxxxxxxxxxxxxxxxxxxxxxxxxxxxxxxxxxxxxxxxxxxxxxxxxxxxxxxxxxxxxxxxxxxxxxxxx','2019-01-13 21:59:52','新疆',1,1,5290,0,1,0,1),(917,'Running917','实验帖子917','实验帖子内容917：xxxxxxxxxxxxxxxxxxxxxxxxxxxxxxxxxxxxxxxxxxxxxxxxxxxxxxxxxxxxxxxxxxxxxxxxx','2019-01-13 21:59:52','新疆',1,1,5466,0,1,0,1),(918,'Running918','实验帖子918','实验帖子内容918：xxxxxxxxxxxxxxxxxxxxxxxxxxxxxxxxxxxxxxxxxxxxxxxxxxxxxxxxxxxxxxxxxxxxxxxxx','2019-01-13 21:59:52','新疆',0,0,4560,1,1,0,1),(919,'Running919','实验帖子919','实验帖子内容919：xxxxxxxxxxxxxxxxxxxxxxxxxxxxxxxxxxxxxxxxxxxxxxxxxxxxxxxxxxxxxxxxxxxxxxxxx','2019-01-13 21:59:52','新疆',0,1,4334,0,1,0,1),(920,'Running920','实验帖子920','实验帖子内容920：xxxxxxxxxxxxxxxxxxxxxxxxxxxxxxxxxxxxxxxxxxxxxxxxxxxxxxxxxxxxxxxxxxxxxxxxx','2019-01-13 21:59:52','新疆',1,1,9917,0,1,0,1),(921,'Running921','实验帖子921','实验帖子内容921：xxxxxxxxxxxxxxxxxxxxxxxxxxxxxxxxxxxxxxxxxxxxxxxxxxxxxxxxxxxxxxxxxxxxxxxxx','2019-01-13 21:59:52','新疆',1,1,9340,0,1,0,1),(922,'Running922','实验帖子922','实验帖子内容922：xxxxxxxxxxxxxxxxxxxxxxxxxxxxxxxxxxxxxxxxxxxxxxxxxxxxxxxxxxxxxxxxxxxxxxxxx','2019-01-13 21:59:52','新疆',1,0,5564,0,1,0,1),(923,'Running923','实验帖子923','实验帖子内容923：xxxxxxxxxxxxxxxxxxxxxxxxxxxxxxxxxxxxxxxxxxxxxxxxxxxxxxxxxxxxxxxxxxxxxxxxx','2019-01-13 21:59:52','新疆',0,0,1016,0,1,0,1),(924,'Running924','实验帖子924','实验帖子内容924：xxxxxxxxxxxxxxxxxxxxxxxxxxxxxxxxxxxxxxxxxxxxxxxxxxxxxxxxxxxxxxxxxxxxxxxxx','2019-01-13 21:59:52','新疆',1,1,4613,1,1,0,1),(925,'Running925','实验帖子925','实验帖子内容925：xxxxxxxxxxxxxxxxxxxxxxxxxxxxxxxxxxxxxxxxxxxxxxxxxxxxxxxxxxxxxxxxxxxxxxxxx','2019-01-13 21:59:52','新疆',0,0,1300,0,1,0,1),(926,'Running926','实验帖子926','实验帖子内容926：xxxxxxxxxxxxxxxxxxxxxxxxxxxxxxxxxxxxxxxxxxxxxxxxxxxxxxxxxxxxxxxxxxxxxxxxx','2019-01-13 21:59:52','新疆',1,1,4079,1,1,0,1),(927,'Running927','实验帖子927','实验帖子内容927：xxxxxxxxxxxxxxxxxxxxxxxxxxxxxxxxxxxxxxxxxxxxxxxxxxxxxxxxxxxxxxxxxxxxxxxxx','2019-01-13 21:59:52','新疆',1,1,8538,1,1,0,1),(928,'Running928','实验帖子928','实验帖子内容928：xxxxxxxxxxxxxxxxxxxxxxxxxxxxxxxxxxxxxxxxxxxxxxxxxxxxxxxxxxxxxxxxxxxxxxxxx','2019-01-13 21:59:52','新疆',1,1,9885,0,1,0,1),(929,'Running929','实验帖子929','实验帖子内容929：xxxxxxxxxxxxxxxxxxxxxxxxxxxxxxxxxxxxxxxxxxxxxxxxxxxxxxxxxxxxxxxxxxxxxxxxx','2019-01-13 21:59:52','新疆',1,1,2480,1,1,0,1),(930,'Running930','实验帖子930','实验帖子内容930：xxxxxxxxxxxxxxxxxxxxxxxxxxxxxxxxxxxxxxxxxxxxxxxxxxxxxxxxxxxxxxxxxxxxxxxxx','2019-01-13 21:56:41','香港',0,0,1861,1,1,0,1),(931,'Running931','实验帖子931','实验帖子内容931：xxxxxxxxxxxxxxxxxxxxxxxxxxxxxxxxxxxxxxxxxxxxxxxxxxxxxxxxxxxxxxxxxxxxxxxxx','2019-01-13 21:56:41','香港',1,1,9283,1,1,0,1),(932,'Running932','实验帖子932','实验帖子内容932：xxxxxxxxxxxxxxxxxxxxxxxxxxxxxxxxxxxxxxxxxxxxxxxxxxxxxxxxxxxxxxxxxxxxxxxxx','2019-01-13 21:56:41','香港',1,1,8742,0,1,0,1),(933,'Running933','实验帖子933','实验帖子内容933：xxxxxxxxxxxxxxxxxxxxxxxxxxxxxxxxxxxxxxxxxxxxxxxxxxxxxxxxxxxxxxxxxxxxxxxxx','2019-01-13 21:56:41','香港',1,1,6512,0,1,0,1),(934,'Running934','实验帖子934','实验帖子内容934：xxxxxxxxxxxxxxxxxxxxxxxxxxxxxxxxxxxxxxxxxxxxxxxxxxxxxxxxxxxxxxxxxxxxxxxxx','2019-01-13 21:56:41','香港',1,1,3170,0,1,0,1),(935,'Running935','实验帖子935','实验帖子内容935：xxxxxxxxxxxxxxxxxxxxxxxxxxxxxxxxxxxxxxxxxxxxxxxxxxxxxxxxxxxxxxxxxxxxxxxxx','2019-01-13 21:56:41','香港',1,1,8135,1,1,0,1),(936,'Running936','实验帖子936','实验帖子内容936：xxxxxxxxxxxxxxxxxxxxxxxxxxxxxxxxxxxxxxxxxxxxxxxxxxxxxxxxxxxxxxxxxxxxxxxxx','2019-01-13 21:56:41','香港',1,1,6692,1,1,0,1),(937,'Running937','实验帖子937','实验帖子内容937：xxxxxxxxxxxxxxxxxxxxxxxxxxxxxxxxxxxxxxxxxxxxxxxxxxxxxxxxxxxxxxxxxxxxxxxxx','2019-01-13 21:56:41','香港',1,1,9528,1,1,0,1),(938,'Running938','实验帖子938','实验帖子内容938：xxxxxxxxxxxxxxxxxxxxxxxxxxxxxxxxxxxxxxxxxxxxxxxxxxxxxxxxxxxxxxxxxxxxxxxxx','2019-01-13 21:56:41','香港',1,1,4762,1,1,0,1),(939,'Running939','实验帖子939','实验帖子内容939：xxxxxxxxxxxxxxxxxxxxxxxxxxxxxxxxxxxxxxxxxxxxxxxxxxxxxxxxxxxxxxxxxxxxxxxxx','2019-01-13 21:56:41','香港',0,0,2475,0,1,0,1),(940,'Running940','实验帖子940','实验帖子内容940：xxxxxxxxxxxxxxxxxxxxxxxxxxxxxxxxxxxxxxxxxxxxxxxxxxxxxxxxxxxxxxxxxxxxxxxxx','2019-01-13 21:56:41','香港',0,1,1742,0,1,0,1),(941,'Running941','实验帖子941','实验帖子内容941：xxxxxxxxxxxxxxxxxxxxxxxxxxxxxxxxxxxxxxxxxxxxxxxxxxxxxxxxxxxxxxxxxxxxxxxxx','2019-01-13 21:56:41','香港',0,0,163,1,1,0,1),(942,'Running942','实验帖子942','实验帖子内容942：xxxxxxxxxxxxxxxxxxxxxxxxxxxxxxxxxxxxxxxxxxxxxxxxxxxxxxxxxxxxxxxxxxxxxxxxx','2019-01-13 21:56:41','香港',1,0,5896,1,1,0,1),(943,'Running943','实验帖子943','实验帖子内容943：xxxxxxxxxxxxxxxxxxxxxxxxxxxxxxxxxxxxxxxxxxxxxxxxxxxxxxxxxxxxxxxxxxxxxxxxx','2019-01-13 21:56:41','香港',0,1,2187,0,1,0,1),(944,'Running944','实验帖子944','实验帖子内容944：xxxxxxxxxxxxxxxxxxxxxxxxxxxxxxxxxxxxxxxxxxxxxxxxxxxxxxxxxxxxxxxxxxxxxxxxx','2019-01-13 21:56:41','香港',0,1,4400,1,1,0,1),(945,'Running945','实验帖子945','实验帖子内容945：xxxxxxxxxxxxxxxxxxxxxxxxxxxxxxxxxxxxxxxxxxxxxxxxxxxxxxxxxxxxxxxxxxxxxxxxx','2019-01-13 21:56:41','香港',1,1,9548,0,1,0,1),(946,'Running946','实验帖子946','实验帖子内容946：xxxxxxxxxxxxxxxxxxxxxxxxxxxxxxxxxxxxxxxxxxxxxxxxxxxxxxxxxxxxxxxxxxxxxxxxx','2019-01-13 21:56:41','香港',0,1,8330,0,1,0,1),(947,'Running947','实验帖子947','实验帖子内容947：xxxxxxxxxxxxxxxxxxxxxxxxxxxxxxxxxxxxxxxxxxxxxxxxxxxxxxxxxxxxxxxxxxxxxxxxx','2019-01-13 21:56:41','香港',0,1,9654,1,1,0,1),(948,'Running948','实验帖子948','实验帖子内容948：xxxxxxxxxxxxxxxxxxxxxxxxxxxxxxxxxxxxxxxxxxxxxxxxxxxxxxxxxxxxxxxxxxxxxxxxx','2019-01-13 21:56:41','香港',1,0,7673,0,1,0,1),(949,'Running949','实验帖子949','实验帖子内容949：xxxxxxxxxxxxxxxxxxxxxxxxxxxxxxxxxxxxxxxxxxxxxxxxxxxxxxxxxxxxxxxxxxxxxxxxx','2019-01-13 21:56:41','香港',0,0,1317,0,1,0,1),(950,'Running950','实验帖子950','实验帖子内容950：xxxxxxxxxxxxxxxxxxxxxxxxxxxxxxxxxxxxxxxxxxxxxxxxxxxxxxxxxxxxxxxxxxxxxxxxx','2019-01-13 21:56:41','香港',0,0,6321,0,1,0,0),(951,'Running951','实验帖子951','实验帖子内容951：xxxxxxxxxxxxxxxxxxxxxxxxxxxxxxxxxxxxxxxxxxxxxxxxxxxxxxxxxxxxxxxxxxxxxxxxx','2019-01-13 21:56:41','香港',0,1,9758,0,1,0,0),(952,'Running952','实验帖子952','实验帖子内容952：xxxxxxxxxxxxxxxxxxxxxxxxxxxxxxxxxxxxxxxxxxxxxxxxxxxxxxxxxxxxxxxxxxxxxxxxx','2019-01-13 21:56:41','香港',0,1,7071,1,1,0,0),(953,'Running953','实验帖子953','实验帖子内容953：xxxxxxxxxxxxxxxxxxxxxxxxxxxxxxxxxxxxxxxxxxxxxxxxxxxxxxxxxxxxxxxxxxxxxxxxx','2019-01-13 21:56:41','香港',0,0,1602,1,1,0,0),(954,'Running954','实验帖子954','实验帖子内容954：xxxxxxxxxxxxxxxxxxxxxxxxxxxxxxxxxxxxxxxxxxxxxxxxxxxxxxxxxxxxxxxxxxxxxxxxx','2019-01-13 21:56:41','香港',1,1,6627,1,1,0,0),(955,'Running955','实验帖子955','实验帖子内容955：xxxxxxxxxxxxxxxxxxxxxxxxxxxxxxxxxxxxxxxxxxxxxxxxxxxxxxxxxxxxxxxxxxxxxxxxx','2019-01-13 21:56:41','香港',0,1,9882,1,1,0,0),(956,'Running956','实验帖子956','实验帖子内容956：xxxxxxxxxxxxxxxxxxxxxxxxxxxxxxxxxxxxxxxxxxxxxxxxxxxxxxxxxxxxxxxxxxxxxxxxx','2019-01-13 21:56:41','香港',0,0,599,1,1,0,0),(957,'Running957','实验帖子957','实验帖子内容957：xxxxxxxxxxxxxxxxxxxxxxxxxxxxxxxxxxxxxxxxxxxxxxxxxxxxxxxxxxxxxxxxxxxxxxxxx','2019-01-13 21:56:41','香港',1,1,9036,1,1,0,0),(958,'Running958','实验帖子958','实验帖子内容958：xxxxxxxxxxxxxxxxxxxxxxxxxxxxxxxxxxxxxxxxxxxxxxxxxxxxxxxxxxxxxxxxxxxxxxxxx','2019-01-13 21:56:41','香港',1,1,8505,1,1,0,0),(959,'Running959','实验帖子959','实验帖子内容959：xxxxxxxxxxxxxxxxxxxxxxxxxxxxxxxxxxxxxxxxxxxxxxxxxxxxxxxxxxxxxxxxxxxxxxxxx','2019-01-13 21:56:41','香港',1,1,9909,1,1,0,0),(960,'Running960','实验帖子960','实验帖子内容960：xxxxxxxxxxxxxxxxxxxxxxxxxxxxxxxxxxxxxxxxxxxxxxxxxxxxxxxxxxxxxxxxxxxxxxxxx','2019-01-13 21:56:41','澳门',1,1,8767,0,1,0,0),(961,'Running961','实验帖子961','实验帖子内容961：xxxxxxxxxxxxxxxxxxxxxxxxxxxxxxxxxxxxxxxxxxxxxxxxxxxxxxxxxxxxxxxxxxxxxxxxx','2019-01-13 21:56:41','澳门',1,1,4752,1,1,0,0),(962,'Running962','实验帖子962','实验帖子内容962：xxxxxxxxxxxxxxxxxxxxxxxxxxxxxxxxxxxxxxxxxxxxxxxxxxxxxxxxxxxxxxxxxxxxxxxxx','2019-01-13 21:56:41','澳门',1,1,3715,1,1,0,0),(963,'Running963','实验帖子963','实验帖子内容963：xxxxxxxxxxxxxxxxxxxxxxxxxxxxxxxxxxxxxxxxxxxxxxxxxxxxxxxxxxxxxxxxxxxxxxxxx','2019-01-13 21:56:41','澳门',1,1,2222,1,1,0,0),(964,'Running964','实验帖子964','实验帖子内容964：xxxxxxxxxxxxxxxxxxxxxxxxxxxxxxxxxxxxxxxxxxxxxxxxxxxxxxxxxxxxxxxxxxxxxxxxx','2019-01-13 21:56:41','澳门',1,1,4583,1,1,0,0),(965,'Running965','实验帖子965','实验帖子内容965：xxxxxxxxxxxxxxxxxxxxxxxxxxxxxxxxxxxxxxxxxxxxxxxxxxxxxxxxxxxxxxxxxxxxxxxxx','2019-01-13 21:56:41','澳门',1,0,2382,1,1,0,0),(966,'Running966','实验帖子966','实验帖子内容966：xxxxxxxxxxxxxxxxxxxxxxxxxxxxxxxxxxxxxxxxxxxxxxxxxxxxxxxxxxxxxxxxxxxxxxxxx','2019-01-13 21:56:41','澳门',1,0,6513,0,1,0,0),(967,'Running967','实验帖子967','实验帖子内容967：xxxxxxxxxxxxxxxxxxxxxxxxxxxxxxxxxxxxxxxxxxxxxxxxxxxxxxxxxxxxxxxxxxxxxxxxx','2019-01-13 21:56:41','澳门',0,0,1703,1,1,0,0),(968,'Running968','实验帖子968','实验帖子内容968：xxxxxxxxxxxxxxxxxxxxxxxxxxxxxxxxxxxxxxxxxxxxxxxxxxxxxxxxxxxxxxxxxxxxxxxxx','2019-01-13 21:56:41','澳门',1,1,3553,0,1,0,0),(969,'Running969','实验帖子969','实验帖子内容969：xxxxxxxxxxxxxxxxxxxxxxxxxxxxxxxxxxxxxxxxxxxxxxxxxxxxxxxxxxxxxxxxxxxxxxxxx','2019-01-13 21:56:41','澳门',1,1,8060,0,1,0,0),(970,'Running970','实验帖子970','实验帖子内容970：xxxxxxxxxxxxxxxxxxxxxxxxxxxxxxxxxxxxxxxxxxxxxxxxxxxxxxxxxxxxxxxxxxxxxxxxx','2019-01-13 21:56:41','澳门',1,0,3657,0,1,0,0),(971,'Running971','实验帖子971','实验帖子内容971：xxxxxxxxxxxxxxxxxxxxxxxxxxxxxxxxxxxxxxxxxxxxxxxxxxxxxxxxxxxxxxxxxxxxxxxxx','2019-01-13 21:56:41','澳门',1,0,5736,0,1,0,0),(972,'Running972','实验帖子972','实验帖子内容972：xxxxxxxxxxxxxxxxxxxxxxxxxxxxxxxxxxxxxxxxxxxxxxxxxxxxxxxxxxxxxxxxxxxxxxxxx','2019-01-13 21:56:41','澳门',1,1,3685,0,1,0,0),(973,'Running973','实验帖子973','实验帖子内容973：xxxxxxxxxxxxxxxxxxxxxxxxxxxxxxxxxxxxxxxxxxxxxxxxxxxxxxxxxxxxxxxxxxxxxxxxx','2019-01-13 21:56:41','澳门',0,0,419,0,1,0,0),(974,'Running974','实验帖子974','实验帖子内容974：xxxxxxxxxxxxxxxxxxxxxxxxxxxxxxxxxxxxxxxxxxxxxxxxxxxxxxxxxxxxxxxxxxxxxxxxx','2019-01-13 21:56:41','澳门',1,1,4405,0,1,0,0),(975,'Running975','实验帖子975','实验帖子内容975：xxxxxxxxxxxxxxxxxxxxxxxxxxxxxxxxxxxxxxxxxxxxxxxxxxxxxxxxxxxxxxxxxxxxxxxxx','2019-01-13 21:56:41','澳门',0,0,4203,1,1,0,0),(976,'Running976','实验帖子976','实验帖子内容976：xxxxxxxxxxxxxxxxxxxxxxxxxxxxxxxxxxxxxxxxxxxxxxxxxxxxxxxxxxxxxxxxxxxxxxxxx','2019-01-13 21:56:41','澳门',1,1,5489,1,1,0,0),(977,'Running977','实验帖子977','实验帖子内容977：xxxxxxxxxxxxxxxxxxxxxxxxxxxxxxxxxxxxxxxxxxxxxxxxxxxxxxxxxxxxxxxxxxxxxxxxx','2019-01-13 21:56:41','澳门',0,0,590,1,1,0,0),(978,'Running978','实验帖子978','实验帖子内容978：xxxxxxxxxxxxxxxxxxxxxxxxxxxxxxxxxxxxxxxxxxxxxxxxxxxxxxxxxxxxxxxxxxxxxxxxx','2019-01-13 21:56:41','澳门',0,0,515,0,1,0,0),(979,'Running979','实验帖子979','实验帖子内容979：xxxxxxxxxxxxxxxxxxxxxxxxxxxxxxxxxxxxxxxxxxxxxxxxxxxxxxxxxxxxxxxxxxxxxxxxx','2019-01-13 21:56:41','澳门',1,1,9487,0,1,0,0),(980,'Running980','实验帖子980','实验帖子内容980：xxxxxxxxxxxxxxxxxxxxxxxxxxxxxxxxxxxxxxxxxxxxxxxxxxxxxxxxxxxxxxxxxxxxxxxxx','2019-01-13 22:06:00','台湾',1,1,1970,1,1,0,0),(981,'Running981','实验帖子981','实验帖子内容981：xxxxxxxxxxxxxxxxxxxxxxxxxxxxxxxxxxxxxxxxxxxxxxxxxxxxxxxxxxxxxxxxxxxxxxxxx','2019-01-13 22:06:00','台湾',0,0,2207,1,1,0,0),(982,'Running982','实验帖子982','实验帖子内容982：xxxxxxxxxxxxxxxxxxxxxxxxxxxxxxxxxxxxxxxxxxxxxxxxxxxxxxxxxxxxxxxxxxxxxxxxx','2019-01-13 22:06:00','台湾',1,1,6245,1,1,0,0),(983,'Running983','实验帖子983','实验帖子内容983：xxxxxxxxxxxxxxxxxxxxxxxxxxxxxxxxxxxxxxxxxxxxxxxxxxxxxxxxxxxxxxxxxxxxxxxxx','2019-01-13 22:06:00','台湾',1,1,6471,1,1,0,0),(984,'Running984','实验帖子984','实验帖子内容984：xxxxxxxxxxxxxxxxxxxxxxxxxxxxxxxxxxxxxxxxxxxxxxxxxxxxxxxxxxxxxxxxxxxxxxxxx','2019-01-13 22:06:00','台湾',1,1,8638,1,1,0,0),(985,'Running985','实验帖子985','实验帖子内容985：xxxxxxxxxxxxxxxxxxxxxxxxxxxxxxxxxxxxxxxxxxxxxxxxxxxxxxxxxxxxxxxxxxxxxxxxx','2019-01-13 22:06:00','台湾',0,0,1403,0,1,0,0),(986,'Running986','实验帖子986','实验帖子内容986：xxxxxxxxxxxxxxxxxxxxxxxxxxxxxxxxxxxxxxxxxxxxxxxxxxxxxxxxxxxxxxxxxxxxxxxxx','2019-01-13 22:06:00','台湾',1,1,8353,1,1,0,0),(987,'Running987','实验帖子987','实验帖子内容987：xxxxxxxxxxxxxxxxxxxxxxxxxxxxxxxxxxxxxxxxxxxxxxxxxxxxxxxxxxxxxxxxxxxxxxxxx','2019-01-13 22:06:00','台湾',0,0,2537,0,1,0,0),(988,'Running988','实验帖子988','实验帖子内容988：xxxxxxxxxxxxxxxxxxxxxxxxxxxxxxxxxxxxxxxxxxxxxxxxxxxxxxxxxxxxxxxxxxxxxxxxx','2019-01-13 22:06:00','台湾',0,1,3500,1,1,0,0),(989,'Running989','实验帖子989','实验帖子内容989：xxxxxxxxxxxxxxxxxxxxxxxxxxxxxxxxxxxxxxxxxxxxxxxxxxxxxxxxxxxxxxxxxxxxxxxxx','2019-01-13 22:06:00','台湾',1,1,6811,1,1,0,0),(990,'Running990','实验帖子990','实验帖子内容990：xxxxxxxxxxxxxxxxxxxxxxxxxxxxxxxxxxxxxxxxxxxxxxxxxxxxxxxxxxxxxxxxxxxxxxxxx','2019-01-13 22:06:00','台湾',1,1,6096,1,1,0,0),(991,'Running991','实验帖子991','实验帖子内容991：xxxxxxxxxxxxxxxxxxxxxxxxxxxxxxxxxxxxxxxxxxxxxxxxxxxxxxxxxxxxxxxxxxxxxxxxx','2019-01-13 22:06:00','台湾',1,1,7569,1,1,0,0),(992,'Running992','实验帖子992','实验帖子内容992：xxxxxxxxxxxxxxxxxxxxxxxxxxxxxxxxxxxxxxxxxxxxxxxxxxxxxxxxxxxxxxxxxxxxxxxxx','2019-01-13 22:06:00','台湾',1,1,7064,1,1,0,0),(993,'Running993','实验帖子993','实验帖子内容993：xxxxxxxxxxxxxxxxxxxxxxxxxxxxxxxxxxxxxxxxxxxxxxxxxxxxxxxxxxxxxxxxxxxxxxxxx','2019-01-13 22:06:00','台湾',1,1,9563,0,1,0,0),(994,'Running994','实验帖子994','实验帖子内容994：xxxxxxxxxxxxxxxxxxxxxxxxxxxxxxxxxxxxxxxxxxxxxxxxxxxxxxxxxxxxxxxxxxxxxxxxx','2019-01-13 22:06:00','台湾',0,0,1232,1,1,0,0),(995,'Running995','实验帖子995','实验帖子内容995：xxxxxxxxxxxxxxxxxxxxxxxxxxxxxxxxxxxxxxxxxxxxxxxxxxxxxxxxxxxxxxxxxxxxxxxxx','2019-01-13 22:06:00','台湾',1,0,3949,0,1,0,0),(996,'Running996','实验帖子996','实验帖子内容996：xxxxxxxxxxxxxxxxxxxxxxxxxxxxxxxxxxxxxxxxxxxxxxxxxxxxxxxxxxxxxxxxxxxxxxxxx','2019-01-13 22:06:00','台湾',1,1,2337,0,1,0,0),(997,'Running997','实验帖子997','实验帖子内容997：xxxxxxxxxxxxxxxxxxxxxxxxxxxxxxxxxxxxxxxxxxxxxxxxxxxxxxxxxxxxxxxxxxxxxxxxx','2019-01-13 22:06:00','台湾',1,1,3292,0,1,0,0),(998,'Running998','实验帖子998','实验帖子内容998：xxxxxxxxxxxxxxxxxxxxxxxxxxxxxxxxxxxxxxxxxxxxxxxxxxxxxxxxxxxxxxxxxxxxxxxxx','2019-01-13 22:06:00','台湾',1,1,8019,1,1,0,0),(999,'Running999','实验帖子999','实验帖子内容999：xxxxxxxxxxxxxxxxxxxxxxxxxxxxxxxxxxxxxxxxxxxxxxxxxxxxxxxxxxxxxxxxxxxxxxxxx','2019-01-13 22:06:00','台湾',1,1,6561,0,1,0,0),(1000,'郎','标题','测试评论','2019-01-18 13:08:49','天津',0,0,0,1,0,0,0),(1001,'郎','123','123456','2019-01-17 01:06:37','安徽',0,0,0,0,0,0,0),(1002,'Running','rvt45y','cef','2019-01-18 11:31:50','安徽',0,0,0,0,0,0,0),(1003,'请记住我的昵称','你好','# 你哈哈哈哈','2019-01-18 14:11:52','广西',0,0,0,1,0,0,0),(1004,'请记住我的昵称','你好','# 你哦哦哦哦哦','2019-01-18 13:08:12','广西',0,0,0,0,0,0,0),(1005,'请记住我的昵称','   ','   ','2019-01-18 13:52:38','undefined',0,0,0,0,0,0,0),(1006,'请记住我的昵称','   ','   ','2019-01-18 13:54:21','undefined',0,0,0,0,0,0,0);

#
# Structure for table "parents"
#

CREATE TABLE `parents` (
  `wxid` varchar(225) NOT NULL DEFAULT '',
  `purpose` int(11) NOT NULL,
  PRIMARY KEY (`wxid`,`purpose`),
  CONSTRAINT `parents_ibfk_1` FOREIGN KEY (`wxid`) REFERENCES `user` (`wxid`)
) ENGINE=InnoDB DEFAULT CHARSET=utf8;

#
# Data for table "parents"
#

REPLACE INTO `parents` VALUES ('Running004',0),('Running009',0),('Running014',0),('Running019',0),('Running024',0),('Running029',0),('Running034',0),('Running039',0),('Running044',0),('Running049',0),('Running054',0),('Running059',0),('Running064',0),('Running069',0),('Running074',0),('Running079',0),('Running084',0),('Running089',0),('Running094',0),('Running099',0),('Running104',0),('Running109',0),('Running114',0),('Running119',0),('Running124',0),('Running129',0),('Running134',0),('Running139',0),('Running144',0),('Running149',0),('Running154',0),('Running159',0),('Running164',0),('Running169',0),('Running174',0),('Running179',0),('Running184',0),('Running189',0),('Running194',0),('Running199',0),('Running204',0),('Running209',0),('Running214',0),('Running219',0),('Running224',0),('Running229',0),('Running234',0),('Running239',0),('Running244',0),('Running249',0),('Running254',0),('Running259',0),('Running264',0),('Running269',0),('Running274',0),('Running279',0),('Running284',0),('Running289',0),('Running294',0),('Running299',0),('Running304',0),('Running309',0),('Running314',0),('Running319',0),('Running324',0),('Running329',0),('Running334',0),('Running339',0),('Running344',0),('Running349',0),('Running354',0),('Running359',0),('Running364',0),('Running369',0),('Running374',0),('Running379',0),('Running384',0),('Running389',0),('Running394',0),('Running399',0),('Running404',0),('Running409',0),('Running414',0),('Running419',0),('Running424',0),('Running429',0),('Running434',0),('Running439',0),('Running444',0),('Running449',1),('Running454',1),('Running459',1),('Running464',1),('Running469',1),('Running474',1),('Running479',1),('Running484',1),('Running489',1),('Running494',1),('Running499',1),('Running504',1),('Running509',1),('Running514',1),('Running519',1),('Running524',1),('Running529',1),('Running534',1),('Running539',1),('Running544',1),('Running549',1),('Running554',1),('Running559',1),('Running564',1),('Running569',1),('Running574',1),('Running579',1),('Running584',1),('Running589',1),('Running594',1),('Running599',1),('Running604',1),('Running609',1),('Running614',1),('Running619',1),('Running624',1),('Running629',1),('Running634',1),('Running639',1),('Running644',1),('Running649',1),('Running654',1),('Running659',1),('Running664',1),('Running669',1),('Running674',1),('Running679',1),('Running684',1),('Running689',1),('Running694',1),('Running699',1),('Running704',1),('Running709',1),('Running714',1),('Running719',1),('Running724',1),('Running729',1),('Running734',1),('Running739',1),('Running744',1),('Running749',2),('Running754',2),('Running759',2),('Running764',2),('Running769',2),('Running774',2),('Running779',2),('Running784',2),('Running789',2),('Running794',2),('Running799',2),('Running804',2),('Running809',2),('Running814',2),('Running819',2),('Running824',2),('Running829',2),('Running834',2),('Running839',2),('Running844',2),('Running849',2),('Running854',2),('Running859',2),('Running864',2),('Running869',2),('Running874',2),('Running879',2),('Running884',2),('Running889',2),('Running894',2),('Running899',2),('Running904',2),('Running909',2),('Running914',2),('Running919',2),('Running924',2),('Running929',2),('Running934',2),('Running939',2),('Running944',2),('Running949',2),('Running954',2),('Running959',2),('Running964',2),('Running969',2),('Running974',2),('Running979',2),('Running984',2),('Running989',2),('Running994',2),('Running999',2);

#
# Structure for table "comment"
#

CREATE TABLE `comment` (
  `cid` int(11) NOT NULL,
  `wxid` varchar(20) NOT NULL,
  `pid` int(11) NOT NULL,
  `commenttime` timestamp NOT NULL DEFAULT CURRENT_TIMESTAMP ON UPDATE CURRENT_TIMESTAMP,
  `commentcontent` varchar(200) NOT NULL,
  `isview` int(11) NOT NULL,
  PRIMARY KEY (`cid`),
  KEY `wxid` (`wxid`),
  KEY `pid` (`pid`),
  CONSTRAINT `comment_ibfk_1` FOREIGN KEY (`wxid`) REFERENCES `user` (`wxid`),
  CONSTRAINT `comment_ibfk_2` FOREIGN KEY (`pid`) REFERENCES `post` (`pid`)
) ENGINE=InnoDB DEFAULT CHARSET=utf8;

#
# Data for table "comment"
#

REPLACE INTO `comment` VALUES (19,'Running041',41,'2019-01-13 18:24:47','回复内容19：xxxxxxxxxxxxxxxxxxxxxxxxxxxxxxxxxxxxxxxxxxxxxxxxxxxxxxxxxxxxxxxxxxxxxxxxx',1),(22,'Running050',50,'2019-01-13 18:24:47','回复内容22：xxxxxxxxxxxxxxxxxxxxxxxxxxxxxxxxxxxxxxxxxxxxxxxxxxxxxxxxxxxxxxxxxxxxxxxxx',1),(23,'Running052',52,'2019-01-13 18:24:47','回复内容23：xxxxxxxxxxxxxxxxxxxxxxxxxxxxxxxxxxxxxxxxxxxxxxxxxxxxxxxxxxxxxxxxxxxxxxxxx',1),(26,'Running056',56,'2019-01-13 18:24:47','回复内容26：xxxxxxxxxxxxxxxxxxxxxxxxxxxxxxxxxxxxxxxxxxxxxxxxxxxxxxxxxxxxxxxxxxxxxxxxx',1),(27,'Running058',58,'2019-01-13 18:24:47','回复内容27：xxxxxxxxxxxxxxxxxxxxxxxxxxxxxxxxxxxxxxxxxxxxxxxxxxxxxxxxxxxxxxxxxxxxxxxxx',1),(28,'Running061',61,'2019-01-13 18:24:47','回复内容28：xxxxxxxxxxxxxxxxxxxxxxxxxxxxxxxxxxxxxxxxxxxxxxxxxxxxxxxxxxxxxxxxxxxxxxxxx',1),(29,'Running062',62,'2019-01-13 18:24:47','回复内容29：xxxxxxxxxxxxxxxxxxxxxxxxxxxxxxxxxxxxxxxxxxxxxxxxxxxxxxxxxxxxxxxxxxxxxxxxx',1),(33,'Running074',74,'2019-01-13 18:24:47','回复内容33：xxxxxxxxxxxxxxxxxxxxxxxxxxxxxxxxxxxxxxxxxxxxxxxxxxxxxxxxxxxxxxxxxxxxxxxxx',1),(34,'Running075',75,'2019-01-13 18:24:47','回复内容34：xxxxxxxxxxxxxxxxxxxxxxxxxxxxxxxxxxxxxxxxxxxxxxxxxxxxxxxxxxxxxxxxxxxxxxxxx',1),(37,'Running080',80,'2019-01-13 18:24:47','回复内容37：xxxxxxxxxxxxxxxxxxxxxxxxxxxxxxxxxxxxxxxxxxxxxxxxxxxxxxxxxxxxxxxxxxxxxxxxx',1),(38,'Running082',82,'2019-01-13 18:24:47','回复内容38：xxxxxxxxxxxxxxxxxxxxxxxxxxxxxxxxxxxxxxxxxxxxxxxxxxxxxxxxxxxxxxxxxxxxxxxxx',1),(43,'Running091',91,'2019-01-13 18:24:47','回复内容43：xxxxxxxxxxxxxxxxxxxxxxxxxxxxxxxxxxxxxxxxxxxxxxxxxxxxxxxxxxxxxxxxxxxxxxxxx',1),(44,'Running092',92,'2019-01-13 18:24:47','回复内容44：xxxxxxxxxxxxxxxxxxxxxxxxxxxxxxxxxxxxxxxxxxxxxxxxxxxxxxxxxxxxxxxxxxxxxxxxx',1),(49,'Running099',99,'2019-01-13 18:24:47','回复内容49：xxxxxxxxxxxxxxxxxxxxxxxxxxxxxxxxxxxxxxxxxxxxxxxxxxxxxxxxxxxxxxxxxxxxxxxxx',1),(52,'Running106',106,'2019-01-13 18:24:47','回复内容52：xxxxxxxxxxxxxxxxxxxxxxxxxxxxxxxxxxxxxxxxxxxxxxxxxxxxxxxxxxxxxxxxxxxxxxxxx',1),(56,'Running111',111,'2019-01-13 18:24:47','回复内容56：xxxxxxxxxxxxxxxxxxxxxxxxxxxxxxxxxxxxxxxxxxxxxxxxxxxxxxxxxxxxxxxxxxxxxxxxx',1),(57,'Running114',114,'2019-01-13 18:24:47','回复内容57：xxxxxxxxxxxxxxxxxxxxxxxxxxxxxxxxxxxxxxxxxxxxxxxxxxxxxxxxxxxxxxxxxxxxxxxxx',1),(58,'Running115',115,'2019-01-13 18:24:47','回复内容58：xxxxxxxxxxxxxxxxxxxxxxxxxxxxxxxxxxxxxxxxxxxxxxxxxxxxxxxxxxxxxxxxxxxxxxxxx',1),(59,'Running116',116,'2019-01-13 18:24:47','回复内容59：xxxxxxxxxxxxxxxxxxxxxxxxxxxxxxxxxxxxxxxxxxxxxxxxxxxxxxxxxxxxxxxxxxxxxxxxx',1),(60,'Running117',117,'2019-01-13 18:24:47','回复内容60：xxxxxxxxxxxxxxxxxxxxxxxxxxxxxxxxxxxxxxxxxxxxxxxxxxxxxxxxxxxxxxxxxxxxxxxxx',1),(64,'Running129',129,'2019-01-13 18:24:47','回复内容64：xxxxxxxxxxxxxxxxxxxxxxxxxxxxxxxxxxxxxxxxxxxxxxxxxxxxxxxxxxxxxxxxxxxxxxxxx',1),(65,'Running130',130,'2019-01-13 18:24:47','回复内容65：xxxxxxxxxxxxxxxxxxxxxxxxxxxxxxxxxxxxxxxxxxxxxxxxxxxxxxxxxxxxxxxxxxxxxxxxx',1),(67,'Running133',133,'2019-01-13 18:24:47','回复内容67：xxxxxxxxxxxxxxxxxxxxxxxxxxxxxxxxxxxxxxxxxxxxxxxxxxxxxxxxxxxxxxxxxxxxxxxxx',1),(70,'Running138',138,'2019-01-13 18:24:47','回复内容70：xxxxxxxxxxxxxxxxxxxxxxxxxxxxxxxxxxxxxxxxxxxxxxxxxxxxxxxxxxxxxxxxxxxxxxxxx',1),(71,'Running139',139,'2019-01-13 18:24:47','回复内容71：xxxxxxxxxxxxxxxxxxxxxxxxxxxxxxxxxxxxxxxxxxxxxxxxxxxxxxxxxxxxxxxxxxxxxxxxx',1),(73,'Running146',146,'2019-01-13 18:24:47','回复内容73：xxxxxxxxxxxxxxxxxxxxxxxxxxxxxxxxxxxxxxxxxxxxxxxxxxxxxxxxxxxxxxxxxxxxxxxxx',1),(74,'Running147',147,'2019-01-13 18:24:47','回复内容74：xxxxxxxxxxxxxxxxxxxxxxxxxxxxxxxxxxxxxxxxxxxxxxxxxxxxxxxxxxxxxxxxxxxxxxxxx',1),(76,'Running149',149,'2019-01-13 18:24:47','回复内容76：xxxxxxxxxxxxxxxxxxxxxxxxxxxxxxxxxxxxxxxxxxxxxxxxxxxxxxxxxxxxxxxxxxxxxxxxx',1),(77,'Running154',154,'2019-01-13 18:24:47','回复内容77：xxxxxxxxxxxxxxxxxxxxxxxxxxxxxxxxxxxxxxxxxxxxxxxxxxxxxxxxxxxxxxxxxxxxxxxxx',1),(79,'Running158',158,'2019-01-13 18:24:47','回复内容79：xxxxxxxxxxxxxxxxxxxxxxxxxxxxxxxxxxxxxxxxxxxxxxxxxxxxxxxxxxxxxxxxxxxxxxxxx',1),(83,'Running170',170,'2019-01-13 18:24:47','回复内容83：xxxxxxxxxxxxxxxxxxxxxxxxxxxxxxxxxxxxxxxxxxxxxxxxxxxxxxxxxxxxxxxxxxxxxxxxx',1),(84,'Running177',177,'2019-01-13 18:24:47','回复内容84：xxxxxxxxxxxxxxxxxxxxxxxxxxxxxxxxxxxxxxxxxxxxxxxxxxxxxxxxxxxxxxxxxxxxxxxxx',1),(87,'Running180',180,'2019-01-13 18:24:47','回复内容87：xxxxxxxxxxxxxxxxxxxxxxxxxxxxxxxxxxxxxxxxxxxxxxxxxxxxxxxxxxxxxxxxxxxxxxxxx',1),(92,'Running193',193,'2019-01-13 18:24:47','回复内容92：xxxxxxxxxxxxxxxxxxxxxxxxxxxxxxxxxxxxxxxxxxxxxxxxxxxxxxxxxxxxxxxxxxxxxxxxx',1),(93,'Running194',194,'2019-01-13 18:24:47','回复内容93：xxxxxxxxxxxxxxxxxxxxxxxxxxxxxxxxxxxxxxxxxxxxxxxxxxxxxxxxxxxxxxxxxxxxxxxxx',1),(98,'Running201',201,'2019-01-13 18:24:47','回复内容98：xxxxxxxxxxxxxxxxxxxxxxxxxxxxxxxxxxxxxxxxxxxxxxxxxxxxxxxxxxxxxxxxxxxxxxxxx',1),(105,'Running212',212,'2019-01-13 18:24:47','回复内容105：xxxxxxxxxxxxxxxxxxxxxxxxxxxxxxxxxxxxxxxxxxxxxxxxxxxxxxxxxxxxxxxxxxxxxxxxx',1),(106,'Running213',213,'2019-01-13 18:24:47','回复内容106：xxxxxxxxxxxxxxxxxxxxxxxxxxxxxxxxxxxxxxxxxxxxxxxxxxxxxxxxxxxxxxxxxxxxxxxxx',1),(109,'Running223',223,'2019-01-13 18:24:47','回复内容109：xxxxxxxxxxxxxxxxxxxxxxxxxxxxxxxxxxxxxxxxxxxxxxxxxxxxxxxxxxxxxxxxxxxxxxxxx',1),(110,'Running225',225,'2019-01-13 18:24:47','回复内容110：xxxxxxxxxxxxxxxxxxxxxxxxxxxxxxxxxxxxxxxxxxxxxxxxxxxxxxxxxxxxxxxxxxxxxxxxx',1),(114,'Running234',234,'2019-01-13 18:24:47','回复内容114：xxxxxxxxxxxxxxxxxxxxxxxxxxxxxxxxxxxxxxxxxxxxxxxxxxxxxxxxxxxxxxxxxxxxxxxxx',1),(115,'Running235',235,'2019-01-13 18:24:47','回复内容115：xxxxxxxxxxxxxxxxxxxxxxxxxxxxxxxxxxxxxxxxxxxxxxxxxxxxxxxxxxxxxxxxxxxxxxxxx',1),(118,'Running241',241,'2019-01-13 18:24:47','回复内容118：xxxxxxxxxxxxxxxxxxxxxxxxxxxxxxxxxxxxxxxxxxxxxxxxxxxxxxxxxxxxxxxxxxxxxxxxx',1),(119,'Running242',242,'2019-01-13 18:24:47','回复内容119：xxxxxxxxxxxxxxxxxxxxxxxxxxxxxxxxxxxxxxxxxxxxxxxxxxxxxxxxxxxxxxxxxxxxxxxxx',1),(120,'Running243',243,'2019-01-13 18:24:47','回复内容120：xxxxxxxxxxxxxxxxxxxxxxxxxxxxxxxxxxxxxxxxxxxxxxxxxxxxxxxxxxxxxxxxxxxxxxxxx',1),(123,'Running251',251,'2019-01-13 18:24:47','回复内容123：xxxxxxxxxxxxxxxxxxxxxxxxxxxxxxxxxxxxxxxxxxxxxxxxxxxxxxxxxxxxxxxxxxxxxxxxx',1),(128,'Running261',261,'2019-01-13 18:24:47','回复内容128：xxxxxxxxxxxxxxxxxxxxxxxxxxxxxxxxxxxxxxxxxxxxxxxxxxxxxxxxxxxxxxxxxxxxxxxxx',1),(131,'Running267',267,'2019-01-13 18:24:47','回复内容131：xxxxxxxxxxxxxxxxxxxxxxxxxxxxxxxxxxxxxxxxxxxxxxxxxxxxxxxxxxxxxxxxxxxxxxxxx',1),(134,'Running271',271,'2019-01-13 18:24:47','回复内容134：xxxxxxxxxxxxxxxxxxxxxxxxxxxxxxxxxxxxxxxxxxxxxxxxxxxxxxxxxxxxxxxxxxxxxxxxx',1),(135,'Running273',273,'2019-01-13 18:24:47','回复内容135：xxxxxxxxxxxxxxxxxxxxxxxxxxxxxxxxxxxxxxxxxxxxxxxxxxxxxxxxxxxxxxxxxxxxxxxxx',1),(136,'Running275',275,'2019-01-13 18:24:47','回复内容136：xxxxxxxxxxxxxxxxxxxxxxxxxxxxxxxxxxxxxxxxxxxxxxxxxxxxxxxxxxxxxxxxxxxxxxxxx',1),(139,'Running279',279,'2019-01-13 18:24:47','回复内容139：xxxxxxxxxxxxxxxxxxxxxxxxxxxxxxxxxxxxxxxxxxxxxxxxxxxxxxxxxxxxxxxxxxxxxxxxx',1),(140,'Running281',281,'2019-01-13 18:24:47','回复内容140：xxxxxxxxxxxxxxxxxxxxxxxxxxxxxxxxxxxxxxxxxxxxxxxxxxxxxxxxxxxxxxxxxxxxxxxxx',1),(142,'Running288',288,'2019-01-13 18:24:47','回复内容142：xxxxxxxxxxxxxxxxxxxxxxxxxxxxxxxxxxxxxxxxxxxxxxxxxxxxxxxxxxxxxxxxxxxxxxxxx',1),(143,'Running292',292,'2019-01-13 18:24:47','回复内容143：xxxxxxxxxxxxxxxxxxxxxxxxxxxxxxxxxxxxxxxxxxxxxxxxxxxxxxxxxxxxxxxxxxxxxxxxx',1),(144,'Running293',293,'2019-01-13 18:24:47','回复内容144：xxxxxxxxxxxxxxxxxxxxxxxxxxxxxxxxxxxxxxxxxxxxxxxxxxxxxxxxxxxxxxxxxxxxxxxxx',1),(145,'Running297',297,'2019-01-13 18:24:47','回复内容145：xxxxxxxxxxxxxxxxxxxxxxxxxxxxxxxxxxxxxxxxxxxxxxxxxxxxxxxxxxxxxxxxxxxxxxxxx',1),(146,'Running298',298,'2019-01-13 18:24:47','回复内容146：xxxxxxxxxxxxxxxxxxxxxxxxxxxxxxxxxxxxxxxxxxxxxxxxxxxxxxxxxxxxxxxxxxxxxxxxx',1),(148,'Running303',303,'2019-01-13 18:24:47','回复内容148：xxxxxxxxxxxxxxxxxxxxxxxxxxxxxxxxxxxxxxxxxxxxxxxxxxxxxxxxxxxxxxxxxxxxxxxxx',1),(149,'Running305',305,'2019-01-13 18:24:47','回复内容149：xxxxxxxxxxxxxxxxxxxxxxxxxxxxxxxxxxxxxxxxxxxxxxxxxxxxxxxxxxxxxxxxxxxxxxxxx',1),(151,'Running311',311,'2019-01-13 18:24:47','回复内容151：xxxxxxxxxxxxxxxxxxxxxxxxxxxxxxxxxxxxxxxxxxxxxxxxxxxxxxxxxxxxxxxxxxxxxxxxx',1),(153,'Running313',313,'2019-01-13 18:24:47','回复内容153：xxxxxxxxxxxxxxxxxxxxxxxxxxxxxxxxxxxxxxxxxxxxxxxxxxxxxxxxxxxxxxxxxxxxxxxxx',1),(154,'Running314',314,'2019-01-13 18:24:47','回复内容154：xxxxxxxxxxxxxxxxxxxxxxxxxxxxxxxxxxxxxxxxxxxxxxxxxxxxxxxxxxxxxxxxxxxxxxxxx',1),(156,'Running317',317,'2019-01-13 18:24:47','回复内容156：xxxxxxxxxxxxxxxxxxxxxxxxxxxxxxxxxxxxxxxxxxxxxxxxxxxxxxxxxxxxxxxxxxxxxxxxx',1),(161,'Running330',330,'2019-01-13 18:24:47','回复内容161：xxxxxxxxxxxxxxxxxxxxxxxxxxxxxxxxxxxxxxxxxxxxxxxxxxxxxxxxxxxxxxxxxxxxxxxxx',1),(162,'Running331',331,'2019-01-13 18:24:47','回复内容162：xxxxxxxxxxxxxxxxxxxxxxxxxxxxxxxxxxxxxxxxxxxxxxxxxxxxxxxxxxxxxxxxxxxxxxxxx',1),(165,'Running336',336,'2019-01-13 18:24:47','回复内容165：xxxxxxxxxxxxxxxxxxxxxxxxxxxxxxxxxxxxxxxxxxxxxxxxxxxxxxxxxxxxxxxxxxxxxxxxx',1),(167,'Running346',346,'2019-01-13 18:24:47','回复内容167：xxxxxxxxxxxxxxxxxxxxxxxxxxxxxxxxxxxxxxxxxxxxxxxxxxxxxxxxxxxxxxxxxxxxxxxxx',1),(168,'Running347',347,'2019-01-13 18:24:47','回复内容168：xxxxxxxxxxxxxxxxxxxxxxxxxxxxxxxxxxxxxxxxxxxxxxxxxxxxxxxxxxxxxxxxxxxxxxxxx',1),(169,'Running348',348,'2019-01-13 18:24:47','回复内容169：xxxxxxxxxxxxxxxxxxxxxxxxxxxxxxxxxxxxxxxxxxxxxxxxxxxxxxxxxxxxxxxxxxxxxxxxx',1),(170,'Running349',349,'2019-01-13 18:24:47','回复内容170：xxxxxxxxxxxxxxxxxxxxxxxxxxxxxxxxxxxxxxxxxxxxxxxxxxxxxxxxxxxxxxxxxxxxxxxxx',1),(171,'Running350',350,'2019-01-13 18:24:47','回复内容171：xxxxxxxxxxxxxxxxxxxxxxxxxxxxxxxxxxxxxxxxxxxxxxxxxxxxxxxxxxxxxxxxxxxxxxxxx',1),(173,'Running355',355,'2019-01-13 18:24:47','回复内容173：xxxxxxxxxxxxxxxxxxxxxxxxxxxxxxxxxxxxxxxxxxxxxxxxxxxxxxxxxxxxxxxxxxxxxxxxx',1),(176,'Running362',362,'2019-01-13 18:24:47','回复内容176：xxxxxxxxxxxxxxxxxxxxxxxxxxxxxxxxxxxxxxxxxxxxxxxxxxxxxxxxxxxxxxxxxxxxxxxxx',1),(179,'Running369',369,'2019-01-13 18:24:47','回复内容179：xxxxxxxxxxxxxxxxxxxxxxxxxxxxxxxxxxxxxxxxxxxxxxxxxxxxxxxxxxxxxxxxxxxxxxxxx',1),(180,'Running371',371,'2019-01-13 18:24:47','回复内容180：xxxxxxxxxxxxxxxxxxxxxxxxxxxxxxxxxxxxxxxxxxxxxxxxxxxxxxxxxxxxxxxxxxxxxxxxx',1),(181,'Running373',373,'2019-01-13 18:24:47','回复内容181：xxxxxxxxxxxxxxxxxxxxxxxxxxxxxxxxxxxxxxxxxxxxxxxxxxxxxxxxxxxxxxxxxxxxxxxxx',1),(182,'Running376',376,'2019-01-13 18:24:47','回复内容182：xxxxxxxxxxxxxxxxxxxxxxxxxxxxxxxxxxxxxxxxxxxxxxxxxxxxxxxxxxxxxxxxxxxxxxxxx',1),(183,'Running378',378,'2019-01-13 18:24:47','回复内容183：xxxxxxxxxxxxxxxxxxxxxxxxxxxxxxxxxxxxxxxxxxxxxxxxxxxxxxxxxxxxxxxxxxxxxxxxx',1),(186,'Running384',384,'2019-01-13 18:24:47','回复内容186：xxxxxxxxxxxxxxxxxxxxxxxxxxxxxxxxxxxxxxxxxxxxxxxxxxxxxxxxxxxxxxxxxxxxxxxxx',1),(188,'Running387',387,'2019-01-13 18:24:47','回复内容188：xxxxxxxxxxxxxxxxxxxxxxxxxxxxxxxxxxxxxxxxxxxxxxxxxxxxxxxxxxxxxxxxxxxxxxxxx',1),(192,'Running395',395,'2019-01-13 18:24:47','回复内容192：xxxxxxxxxxxxxxxxxxxxxxxxxxxxxxxxxxxxxxxxxxxxxxxxxxxxxxxxxxxxxxxxxxxxxxxxx',1),(195,'Running399',399,'2019-01-13 18:24:47','回复内容195：xxxxxxxxxxxxxxxxxxxxxxxxxxxxxxxxxxxxxxxxxxxxxxxxxxxxxxxxxxxxxxxxxxxxxxxxx',1),(198,'Running405',405,'2019-01-13 18:24:47','回复内容198：xxxxxxxxxxxxxxxxxxxxxxxxxxxxxxxxxxxxxxxxxxxxxxxxxxxxxxxxxxxxxxxxxxxxxxxxx',1),(199,'Running406',406,'2019-01-13 18:24:47','回复内容199：xxxxxxxxxxxxxxxxxxxxxxxxxxxxxxxxxxxxxxxxxxxxxxxxxxxxxxxxxxxxxxxxxxxxxxxxx',1),(200,'Running407',407,'2019-01-13 18:24:47','回复内容200：xxxxxxxxxxxxxxxxxxxxxxxxxxxxxxxxxxxxxxxxxxxxxxxxxxxxxxxxxxxxxxxxxxxxxxxxx',1),(204,'Running421',421,'2019-01-13 18:24:47','回复内容204：xxxxxxxxxxxxxxxxxxxxxxxxxxxxxxxxxxxxxxxxxxxxxxxxxxxxxxxxxxxxxxxxxxxxxxxxx',1),(205,'Running422',422,'2019-01-13 18:24:47','回复内容205：xxxxxxxxxxxxxxxxxxxxxxxxxxxxxxxxxxxxxxxxxxxxxxxxxxxxxxxxxxxxxxxxxxxxxxxxx',1),(207,'Running425',425,'2019-01-13 18:24:47','回复内容207：xxxxxxxxxxxxxxxxxxxxxxxxxxxxxxxxxxxxxxxxxxxxxxxxxxxxxxxxxxxxxxxxxxxxxxxxx',1),(210,'Running432',432,'2019-01-13 18:24:47','回复内容210：xxxxxxxxxxxxxxxxxxxxxxxxxxxxxxxxxxxxxxxxxxxxxxxxxxxxxxxxxxxxxxxxxxxxxxxxx',1),(211,'Running434',434,'2019-01-13 18:24:47','回复内容211：xxxxxxxxxxxxxxxxxxxxxxxxxxxxxxxxxxxxxxxxxxxxxxxxxxxxxxxxxxxxxxxxxxxxxxxxx',1),(213,'Running439',439,'2019-01-13 18:24:47','回复内容213：xxxxxxxxxxxxxxxxxxxxxxxxxxxxxxxxxxxxxxxxxxxxxxxxxxxxxxxxxxxxxxxxxxxxxxxxx',1),(214,'Running445',445,'2019-01-13 18:24:47','回复内容214：xxxxxxxxxxxxxxxxxxxxxxxxxxxxxxxxxxxxxxxxxxxxxxxxxxxxxxxxxxxxxxxxxxxxxxxxx',1),(216,'Running448',448,'2019-01-13 18:24:47','回复内容216：xxxxxxxxxxxxxxxxxxxxxxxxxxxxxxxxxxxxxxxxxxxxxxxxxxxxxxxxxxxxxxxxxxxxxxxxx',1),(217,'Running449',449,'2019-01-13 18:24:47','回复内容217：xxxxxxxxxxxxxxxxxxxxxxxxxxxxxxxxxxxxxxxxxxxxxxxxxxxxxxxxxxxxxxxxxxxxxxxxx',1),(220,'Running461',461,'2019-01-13 18:24:47','回复内容220：xxxxxxxxxxxxxxxxxxxxxxxxxxxxxxxxxxxxxxxxxxxxxxxxxxxxxxxxxxxxxxxxxxxxxxxxx',1),(221,'Running465',465,'2019-01-13 18:24:47','回复内容221：xxxxxxxxxxxxxxxxxxxxxxxxxxxxxxxxxxxxxxxxxxxxxxxxxxxxxxxxxxxxxxxxxxxxxxxxx',1),(222,'Running468',468,'2019-01-13 18:24:47','回复内容222：xxxxxxxxxxxxxxxxxxxxxxxxxxxxxxxxxxxxxxxxxxxxxxxxxxxxxxxxxxxxxxxxxxxxxxxxx',1),(228,'Running479',479,'2019-01-13 18:24:47','回复内容228：xxxxxxxxxxxxxxxxxxxxxxxxxxxxxxxxxxxxxxxxxxxxxxxxxxxxxxxxxxxxxxxxxxxxxxxxx',1),(231,'Running484',484,'2019-01-13 18:24:47','回复内容231：xxxxxxxxxxxxxxxxxxxxxxxxxxxxxxxxxxxxxxxxxxxxxxxxxxxxxxxxxxxxxxxxxxxxxxxxx',1),(232,'Running486',486,'2019-01-13 18:24:47','回复内容232：xxxxxxxxxxxxxxxxxxxxxxxxxxxxxxxxxxxxxxxxxxxxxxxxxxxxxxxxxxxxxxxxxxxxxxxxx',1),(239,'Running497',497,'2019-01-13 18:24:47','回复内容239：xxxxxxxxxxxxxxxxxxxxxxxxxxxxxxxxxxxxxxxxxxxxxxxxxxxxxxxxxxxxxxxxxxxxxxxxx',1),(240,'Running498',498,'2019-01-13 18:24:47','回复内容240：xxxxxxxxxxxxxxxxxxxxxxxxxxxxxxxxxxxxxxxxxxxxxxxxxxxxxxxxxxxxxxxxxxxxxxxxx',1),(242,'Running500',500,'2019-01-13 18:24:47','回复内容242：xxxxxxxxxxxxxxxxxxxxxxxxxxxxxxxxxxxxxxxxxxxxxxxxxxxxxxxxxxxxxxxxxxxxxxxxx',1),(243,'Running502',502,'2019-01-13 18:24:47','回复内容243：xxxxxxxxxxxxxxxxxxxxxxxxxxxxxxxxxxxxxxxxxxxxxxxxxxxxxxxxxxxxxxxxxxxxxxxxx',1),(246,'Running507',507,'2019-01-13 18:24:47','回复内容246：xxxxxxxxxxxxxxxxxxxxxxxxxxxxxxxxxxxxxxxxxxxxxxxxxxxxxxxxxxxxxxxxxxxxxxxxx',1),(247,'Running509',509,'2019-01-13 18:24:47','回复内容247：xxxxxxxxxxxxxxxxxxxxxxxxxxxxxxxxxxxxxxxxxxxxxxxxxxxxxxxxxxxxxxxxxxxxxxxxx',1),(248,'Running511',511,'2019-01-13 18:24:47','回复内容248：xxxxxxxxxxxxxxxxxxxxxxxxxxxxxxxxxxxxxxxxxxxxxxxxxxxxxxxxxxxxxxxxxxxxxxxxx',1),(251,'Running514',514,'2019-01-13 18:24:47','回复内容251：xxxxxxxxxxxxxxxxxxxxxxxxxxxxxxxxxxxxxxxxxxxxxxxxxxxxxxxxxxxxxxxxxxxxxxxxx',1),(253,'Running517',517,'2019-01-13 18:24:47','回复内容253：xxxxxxxxxxxxxxxxxxxxxxxxxxxxxxxxxxxxxxxxxxxxxxxxxxxxxxxxxxxxxxxxxxxxxxxxx',1),(254,'Running518',518,'2019-01-13 18:24:47','回复内容254：xxxxxxxxxxxxxxxxxxxxxxxxxxxxxxxxxxxxxxxxxxxxxxxxxxxxxxxxxxxxxxxxxxxxxxxxx',1),(258,'Running532',532,'2019-01-13 18:24:47','回复内容258：xxxxxxxxxxxxxxxxxxxxxxxxxxxxxxxxxxxxxxxxxxxxxxxxxxxxxxxxxxxxxxxxxxxxxxxxx',1),(263,'Running540',540,'2019-01-13 18:24:47','回复内容263：xxxxxxxxxxxxxxxxxxxxxxxxxxxxxxxxxxxxxxxxxxxxxxxxxxxxxxxxxxxxxxxxxxxxxxxxx',1),(270,'Running552',552,'2019-01-13 18:24:47','回复内容270：xxxxxxxxxxxxxxxxxxxxxxxxxxxxxxxxxxxxxxxxxxxxxxxxxxxxxxxxxxxxxxxxxxxxxxxxx',1),(271,'Running553',553,'2019-01-13 18:24:47','回复内容271：xxxxxxxxxxxxxxxxxxxxxxxxxxxxxxxxxxxxxxxxxxxxxxxxxxxxxxxxxxxxxxxxxxxxxxxxx',1),(272,'Running556',556,'2019-01-13 18:24:47','回复内容272：xxxxxxxxxxxxxxxxxxxxxxxxxxxxxxxxxxxxxxxxxxxxxxxxxxxxxxxxxxxxxxxxxxxxxxxxx',1),(274,'Running563',563,'2019-01-13 18:24:47','回复内容274：xxxxxxxxxxxxxxxxxxxxxxxxxxxxxxxxxxxxxxxxxxxxxxxxxxxxxxxxxxxxxxxxxxxxxxxxx',1),(275,'Running564',564,'2019-01-13 18:24:47','回复内容275：xxxxxxxxxxxxxxxxxxxxxxxxxxxxxxxxxxxxxxxxxxxxxxxxxxxxxxxxxxxxxxxxxxxxxxxxx',1),(278,'Running570',570,'2019-01-13 18:24:47','回复内容278：xxxxxxxxxxxxxxxxxxxxxxxxxxxxxxxxxxxxxxxxxxxxxxxxxxxxxxxxxxxxxxxxxxxxxxxxx',1),(279,'Running571',571,'2019-01-13 18:24:47','回复内容279：xxxxxxxxxxxxxxxxxxxxxxxxxxxxxxxxxxxxxxxxxxxxxxxxxxxxxxxxxxxxxxxxxxxxxxxxx',1),(282,'Running574',574,'2019-01-13 18:24:47','回复内容282：xxxxxxxxxxxxxxxxxxxxxxxxxxxxxxxxxxxxxxxxxxxxxxxxxxxxxxxxxxxxxxxxxxxxxxxxx',1),(283,'Running576',576,'2019-01-13 18:24:47','回复内容283：xxxxxxxxxxxxxxxxxxxxxxxxxxxxxxxxxxxxxxxxxxxxxxxxxxxxxxxxxxxxxxxxxxxxxxxxx',1),(284,'Running577',577,'2019-01-13 18:24:47','回复内容284：xxxxxxxxxxxxxxxxxxxxxxxxxxxxxxxxxxxxxxxxxxxxxxxxxxxxxxxxxxxxxxxxxxxxxxxxx',1),(285,'Running580',580,'2019-01-13 18:24:47','回复内容285：xxxxxxxxxxxxxxxxxxxxxxxxxxxxxxxxxxxxxxxxxxxxxxxxxxxxxxxxxxxxxxxxxxxxxxxxx',1),(288,'Running589',589,'2019-01-13 18:24:47','回复内容288：xxxxxxxxxxxxxxxxxxxxxxxxxxxxxxxxxxxxxxxxxxxxxxxxxxxxxxxxxxxxxxxxxxxxxxxxx',1),(290,'Running601',601,'2019-01-13 18:24:47','回复内容290：xxxxxxxxxxxxxxxxxxxxxxxxxxxxxxxxxxxxxxxxxxxxxxxxxxxxxxxxxxxxxxxxxxxxxxxxx',1),(291,'Running603',603,'2019-01-13 18:24:47','回复内容291：xxxxxxxxxxxxxxxxxxxxxxxxxxxxxxxxxxxxxxxxxxxxxxxxxxxxxxxxxxxxxxxxxxxxxxxxx',1),(294,'Running617',617,'2019-01-13 18:24:47','回复内容294：xxxxxxxxxxxxxxxxxxxxxxxxxxxxxxxxxxxxxxxxxxxxxxxxxxxxxxxxxxxxxxxxxxxxxxxxx',1),(295,'Running624',624,'2019-01-13 18:24:47','回复内容295：xxxxxxxxxxxxxxxxxxxxxxxxxxxxxxxxxxxxxxxxxxxxxxxxxxxxxxxxxxxxxxxxxxxxxxxxx',1),(297,'Running630',630,'2019-01-13 18:24:47','回复内容297：xxxxxxxxxxxxxxxxxxxxxxxxxxxxxxxxxxxxxxxxxxxxxxxxxxxxxxxxxxxxxxxxxxxxxxxxx',1),(298,'Running631',631,'2019-01-13 18:24:47','回复内容298：xxxxxxxxxxxxxxxxxxxxxxxxxxxxxxxxxxxxxxxxxxxxxxxxxxxxxxxxxxxxxxxxxxxxxxxxx',1),(299,'Running632',632,'2019-01-13 18:24:47','回复内容299：xxxxxxxxxxxxxxxxxxxxxxxxxxxxxxxxxxxxxxxxxxxxxxxxxxxxxxxxxxxxxxxxxxxxxxxxx',1),(300,'Running633',633,'2019-01-13 18:24:47','回复内容300：xxxxxxxxxxxxxxxxxxxxxxxxxxxxxxxxxxxxxxxxxxxxxxxxxxxxxxxxxxxxxxxxxxxxxxxxx',1),(302,'Running636',636,'2019-01-13 18:24:47','回复内容302：xxxxxxxxxxxxxxxxxxxxxxxxxxxxxxxxxxxxxxxxxxxxxxxxxxxxxxxxxxxxxxxxxxxxxxxxx',1),(304,'Running640',640,'2019-01-13 18:24:47','回复内容304：xxxxxxxxxxxxxxxxxxxxxxxxxxxxxxxxxxxxxxxxxxxxxxxxxxxxxxxxxxxxxxxxxxxxxxxxx',1),(305,'Running641',641,'2019-01-13 18:24:47','回复内容305：xxxxxxxxxxxxxxxxxxxxxxxxxxxxxxxxxxxxxxxxxxxxxxxxxxxxxxxxxxxxxxxxxxxxxxxxx',1),(307,'Running643',643,'2019-01-13 18:24:47','回复内容307：xxxxxxxxxxxxxxxxxxxxxxxxxxxxxxxxxxxxxxxxxxxxxxxxxxxxxxxxxxxxxxxxxxxxxxxxx',1),(308,'Running645',645,'2019-01-13 18:24:47','回复内容308：xxxxxxxxxxxxxxxxxxxxxxxxxxxxxxxxxxxxxxxxxxxxxxxxxxxxxxxxxxxxxxxxxxxxxxxxx',1),(309,'Running647',647,'2019-01-13 18:24:47','回复内容309：xxxxxxxxxxxxxxxxxxxxxxxxxxxxxxxxxxxxxxxxxxxxxxxxxxxxxxxxxxxxxxxxxxxxxxxxx',1),(311,'Running652',652,'2019-01-13 18:24:47','回复内容311：xxxxxxxxxxxxxxxxxxxxxxxxxxxxxxxxxxxxxxxxxxxxxxxxxxxxxxxxxxxxxxxxxxxxxxxxx',1),(312,'Running655',655,'2019-01-13 18:24:47','回复内容312：xxxxxxxxxxxxxxxxxxxxxxxxxxxxxxxxxxxxxxxxxxxxxxxxxxxxxxxxxxxxxxxxxxxxxxxxx',1),(314,'Running657',657,'2019-01-13 18:24:47','回复内容314：xxxxxxxxxxxxxxxxxxxxxxxxxxxxxxxxxxxxxxxxxxxxxxxxxxxxxxxxxxxxxxxxxxxxxxxxx',1),(315,'Running658',658,'2019-01-13 18:24:47','回复内容315：xxxxxxxxxxxxxxxxxxxxxxxxxxxxxxxxxxxxxxxxxxxxxxxxxxxxxxxxxxxxxxxxxxxxxxxxx',1),(318,'Running664',664,'2019-01-13 18:24:47','回复内容318：xxxxxxxxxxxxxxxxxxxxxxxxxxxxxxxxxxxxxxxxxxxxxxxxxxxxxxxxxxxxxxxxxxxxxxxxx',1),(319,'Running669',669,'2019-01-13 18:24:47','回复内容319：xxxxxxxxxxxxxxxxxxxxxxxxxxxxxxxxxxxxxxxxxxxxxxxxxxxxxxxxxxxxxxxxxxxxxxxxx',1),(320,'Running671',671,'2019-01-13 18:24:47','回复内容320：xxxxxxxxxxxxxxxxxxxxxxxxxxxxxxxxxxxxxxxxxxxxxxxxxxxxxxxxxxxxxxxxxxxxxxxxx',1),(321,'Running672',672,'2019-01-13 18:24:47','回复内容321：xxxxxxxxxxxxxxxxxxxxxxxxxxxxxxxxxxxxxxxxxxxxxxxxxxxxxxxxxxxxxxxxxxxxxxxxx',1),(322,'Running675',675,'2019-01-13 18:24:47','回复内容322：xxxxxxxxxxxxxxxxxxxxxxxxxxxxxxxxxxxxxxxxxxxxxxxxxxxxxxxxxxxxxxxxxxxxxxxxx',1),(325,'Running679',679,'2019-01-13 18:24:47','回复内容325：xxxxxxxxxxxxxxxxxxxxxxxxxxxxxxxxxxxxxxxxxxxxxxxxxxxxxxxxxxxxxxxxxxxxxxxxx',1),(326,'Running682',682,'2019-01-13 18:24:47','回复内容326：xxxxxxxxxxxxxxxxxxxxxxxxxxxxxxxxxxxxxxxxxxxxxxxxxxxxxxxxxxxxxxxxxxxxxxxxx',1),(328,'Running685',685,'2019-01-13 18:24:47','回复内容328：xxxxxxxxxxxxxxxxxxxxxxxxxxxxxxxxxxxxxxxxxxxxxxxxxxxxxxxxxxxxxxxxxxxxxxxxx',1),(329,'Running691',691,'2019-01-13 18:24:47','回复内容329：xxxxxxxxxxxxxxxxxxxxxxxxxxxxxxxxxxxxxxxxxxxxxxxxxxxxxxxxxxxxxxxxxxxxxxxxx',1),(330,'Running692',692,'2019-01-13 18:24:47','回复内容330：xxxxxxxxxxxxxxxxxxxxxxxxxxxxxxxxxxxxxxxxxxxxxxxxxxxxxxxxxxxxxxxxxxxxxxxxx',1),(332,'Running694',694,'2019-01-13 18:24:47','回复内容332：xxxxxxxxxxxxxxxxxxxxxxxxxxxxxxxxxxxxxxxxxxxxxxxxxxxxxxxxxxxxxxxxxxxxxxxxx',1),(334,'Running697',697,'2019-01-13 18:24:47','回复内容334：xxxxxxxxxxxxxxxxxxxxxxxxxxxxxxxxxxxxxxxxxxxxxxxxxxxxxxxxxxxxxxxxxxxxxxxxx',1),(336,'Running699',699,'2019-01-13 18:24:47','回复内容336：xxxxxxxxxxxxxxxxxxxxxxxxxxxxxxxxxxxxxxxxxxxxxxxxxxxxxxxxxxxxxxxxxxxxxxxxx',1),(337,'Running701',701,'2019-01-13 18:24:47','回复内容337：xxxxxxxxxxxxxxxxxxxxxxxxxxxxxxxxxxxxxxxxxxxxxxxxxxxxxxxxxxxxxxxxxxxxxxxxx',1),(340,'Running709',709,'2019-01-13 18:24:47','回复内容340：xxxxxxxxxxxxxxxxxxxxxxxxxxxxxxxxxxxxxxxxxxxxxxxxxxxxxxxxxxxxxxxxxxxxxxxxx',1),(343,'Running713',713,'2019-01-13 18:24:47','回复内容343：xxxxxxxxxxxxxxxxxxxxxxxxxxxxxxxxxxxxxxxxxxxxxxxxxxxxxxxxxxxxxxxxxxxxxxxxx',1),(344,'Running716',716,'2019-01-13 18:24:47','回复内容344：xxxxxxxxxxxxxxxxxxxxxxxxxxxxxxxxxxxxxxxxxxxxxxxxxxxxxxxxxxxxxxxxxxxxxxxxx',1),(346,'Running718',718,'2019-01-13 18:24:47','回复内容346：xxxxxxxxxxxxxxxxxxxxxxxxxxxxxxxxxxxxxxxxxxxxxxxxxxxxxxxxxxxxxxxxxxxxxxxxx',1),(347,'Running719',719,'2019-01-13 18:24:47','回复内容347：xxxxxxxxxxxxxxxxxxxxxxxxxxxxxxxxxxxxxxxxxxxxxxxxxxxxxxxxxxxxxxxxxxxxxxxxx',1),(348,'Running720',720,'2019-01-13 18:24:47','回复内容348：xxxxxxxxxxxxxxxxxxxxxxxxxxxxxxxxxxxxxxxxxxxxxxxxxxxxxxxxxxxxxxxxxxxxxxxxx',1),(349,'Running721',721,'2019-01-13 18:24:47','回复内容349：xxxxxxxxxxxxxxxxxxxxxxxxxxxxxxxxxxxxxxxxxxxxxxxxxxxxxxxxxxxxxxxxxxxxxxxxx',1),(350,'Running722',722,'2019-01-13 18:24:47','回复内容350：xxxxxxxxxxxxxxxxxxxxxxxxxxxxxxxxxxxxxxxxxxxxxxxxxxxxxxxxxxxxxxxxxxxxxxxxx',1),(351,'Running723',723,'2019-01-13 18:24:47','回复内容351：xxxxxxxxxxxxxxxxxxxxxxxxxxxxxxxxxxxxxxxxxxxxxxxxxxxxxxxxxxxxxxxxxxxxxxxxx',1),(352,'Running724',724,'2019-01-13 18:24:47','回复内容352：xxxxxxxxxxxxxxxxxxxxxxxxxxxxxxxxxxxxxxxxxxxxxxxxxxxxxxxxxxxxxxxxxxxxxxxxx',1),(354,'Running727',727,'2019-01-13 18:24:47','回复内容354：xxxxxxxxxxxxxxxxxxxxxxxxxxxxxxxxxxxxxxxxxxxxxxxxxxxxxxxxxxxxxxxxxxxxxxxxx',1),(355,'Running729',729,'2019-01-13 18:24:47','回复内容355：xxxxxxxxxxxxxxxxxxxxxxxxxxxxxxxxxxxxxxxxxxxxxxxxxxxxxxxxxxxxxxxxxxxxxxxxx',1),(356,'Running731',731,'2019-01-13 18:24:47','回复内容356：xxxxxxxxxxxxxxxxxxxxxxxxxxxxxxxxxxxxxxxxxxxxxxxxxxxxxxxxxxxxxxxxxxxxxxxxx',1),(357,'Running732',732,'2019-01-13 18:24:47','回复内容357：xxxxxxxxxxxxxxxxxxxxxxxxxxxxxxxxxxxxxxxxxxxxxxxxxxxxxxxxxxxxxxxxxxxxxxxxx',1),(358,'Running734',734,'2019-01-13 18:24:47','回复内容358：xxxxxxxxxxxxxxxxxxxxxxxxxxxxxxxxxxxxxxxxxxxxxxxxxxxxxxxxxxxxxxxxxxxxxxxxx',1),(359,'Running736',736,'2019-01-13 18:24:47','回复内容359：xxxxxxxxxxxxxxxxxxxxxxxxxxxxxxxxxxxxxxxxxxxxxxxxxxxxxxxxxxxxxxxxxxxxxxxxx',1),(360,'Running741',741,'2019-01-13 18:24:47','回复内容360：xxxxxxxxxxxxxxxxxxxxxxxxxxxxxxxxxxxxxxxxxxxxxxxxxxxxxxxxxxxxxxxxxxxxxxxxx',1),(361,'Running742',742,'2019-01-13 18:24:47','回复内容361：xxxxxxxxxxxxxxxxxxxxxxxxxxxxxxxxxxxxxxxxxxxxxxxxxxxxxxxxxxxxxxxxxxxxxxxxx',1),(362,'Running744',744,'2019-01-13 18:24:47','回复内容362：xxxxxxxxxxxxxxxxxxxxxxxxxxxxxxxxxxxxxxxxxxxxxxxxxxxxxxxxxxxxxxxxxxxxxxxxx',1),(364,'Running746',746,'2019-01-13 18:24:47','回复内容364：xxxxxxxxxxxxxxxxxxxxxxxxxxxxxxxxxxxxxxxxxxxxxxxxxxxxxxxxxxxxxxxxxxxxxxxxx',1),(369,'Running753',753,'2019-01-13 18:24:47','回复内容369：xxxxxxxxxxxxxxxxxxxxxxxxxxxxxxxxxxxxxxxxxxxxxxxxxxxxxxxxxxxxxxxxxxxxxxxxx',1),(370,'Running754',754,'2019-01-13 18:24:47','回复内容370：xxxxxxxxxxxxxxxxxxxxxxxxxxxxxxxxxxxxxxxxxxxxxxxxxxxxxxxxxxxxxxxxxxxxxxxxx',1),(373,'Running765',765,'2019-01-13 18:24:47','回复内容373：xxxxxxxxxxxxxxxxxxxxxxxxxxxxxxxxxxxxxxxxxxxxxxxxxxxxxxxxxxxxxxxxxxxxxxxxx',1),(374,'Running771',771,'2019-01-13 18:24:47','回复内容374：xxxxxxxxxxxxxxxxxxxxxxxxxxxxxxxxxxxxxxxxxxxxxxxxxxxxxxxxxxxxxxxxxxxxxxxxx',1),(375,'Running775',775,'2019-01-13 18:24:47','回复内容375：xxxxxxxxxxxxxxxxxxxxxxxxxxxxxxxxxxxxxxxxxxxxxxxxxxxxxxxxxxxxxxxxxxxxxxxxx',1),(376,'Running776',776,'2019-01-13 18:24:47','回复内容376：xxxxxxxxxxxxxxxxxxxxxxxxxxxxxxxxxxxxxxxxxxxxxxxxxxxxxxxxxxxxxxxxxxxxxxxxx',1),(377,'Running777',777,'2019-01-13 18:24:47','回复内容377：xxxxxxxxxxxxxxxxxxxxxxxxxxxxxxxxxxxxxxxxxxxxxxxxxxxxxxxxxxxxxxxxxxxxxxxxx',1),(378,'Running780',780,'2019-01-13 18:24:47','回复内容378：xxxxxxxxxxxxxxxxxxxxxxxxxxxxxxxxxxxxxxxxxxxxxxxxxxxxxxxxxxxxxxxxxxxxxxxxx',1),(379,'Running783',783,'2019-01-13 18:24:47','回复内容379：xxxxxxxxxxxxxxxxxxxxxxxxxxxxxxxxxxxxxxxxxxxxxxxxxxxxxxxxxxxxxxxxxxxxxxxxx',1),(380,'Running784',784,'2019-01-13 18:24:47','回复内容380：xxxxxxxxxxxxxxxxxxxxxxxxxxxxxxxxxxxxxxxxxxxxxxxxxxxxxxxxxxxxxxxxxxxxxxxxx',1),(381,'Running785',785,'2019-01-13 18:24:47','回复内容381：xxxxxxxxxxxxxxxxxxxxxxxxxxxxxxxxxxxxxxxxxxxxxxxxxxxxxxxxxxxxxxxxxxxxxxxxx',1),(382,'Running789',789,'2019-01-13 18:24:47','回复内容382：xxxxxxxxxxxxxxxxxxxxxxxxxxxxxxxxxxxxxxxxxxxxxxxxxxxxxxxxxxxxxxxxxxxxxxxxx',1),(383,'Running792',792,'2019-01-13 18:24:47','回复内容383：xxxxxxxxxxxxxxxxxxxxxxxxxxxxxxxxxxxxxxxxxxxxxxxxxxxxxxxxxxxxxxxxxxxxxxxxx',1),(384,'Running793',793,'2019-01-13 18:24:47','回复内容384：xxxxxxxxxxxxxxxxxxxxxxxxxxxxxxxxxxxxxxxxxxxxxxxxxxxxxxxxxxxxxxxxxxxxxxxxx',1),(386,'Running795',795,'2019-01-13 18:24:47','回复内容386：xxxxxxxxxxxxxxxxxxxxxxxxxxxxxxxxxxxxxxxxxxxxxxxxxxxxxxxxxxxxxxxxxxxxxxxxx',1),(387,'Running796',796,'2019-01-13 18:24:47','回复内容387：xxxxxxxxxxxxxxxxxxxxxxxxxxxxxxxxxxxxxxxxxxxxxxxxxxxxxxxxxxxxxxxxxxxxxxxxx',1),(389,'Running803',803,'2019-01-13 18:24:47','回复内容389：xxxxxxxxxxxxxxxxxxxxxxxxxxxxxxxxxxxxxxxxxxxxxxxxxxxxxxxxxxxxxxxxxxxxxxxxx',1),(390,'Running806',806,'2019-01-13 18:24:47','回复内容390：xxxxxxxxxxxxxxxxxxxxxxxxxxxxxxxxxxxxxxxxxxxxxxxxxxxxxxxxxxxxxxxxxxxxxxxxx',1),(391,'Running808',808,'2019-01-13 18:24:47','回复内容391：xxxxxxxxxxxxxxxxxxxxxxxxxxxxxxxxxxxxxxxxxxxxxxxxxxxxxxxxxxxxxxxxxxxxxxxxx',1),(392,'Running810',810,'2019-01-13 18:24:47','回复内容392：xxxxxxxxxxxxxxxxxxxxxxxxxxxxxxxxxxxxxxxxxxxxxxxxxxxxxxxxxxxxxxxxxxxxxxxxx',1),(394,'Running812',812,'2019-01-13 18:24:47','回复内容394：xxxxxxxxxxxxxxxxxxxxxxxxxxxxxxxxxxxxxxxxxxxxxxxxxxxxxxxxxxxxxxxxxxxxxxxxx',1),(395,'Running814',814,'2019-01-13 18:24:47','回复内容395：xxxxxxxxxxxxxxxxxxxxxxxxxxxxxxxxxxxxxxxxxxxxxxxxxxxxxxxxxxxxxxxxxxxxxxxxx',1),(396,'Running816',816,'2019-01-13 18:24:47','回复内容396：xxxxxxxxxxxxxxxxxxxxxxxxxxxxxxxxxxxxxxxxxxxxxxxxxxxxxxxxxxxxxxxxxxxxxxxxx',1),(397,'Running819',819,'2019-01-13 18:24:47','回复内容397：xxxxxxxxxxxxxxxxxxxxxxxxxxxxxxxxxxxxxxxxxxxxxxxxxxxxxxxxxxxxxxxxxxxxxxxxx',1),(398,'Running820',820,'2019-01-13 18:24:47','回复内容398：xxxxxxxxxxxxxxxxxxxxxxxxxxxxxxxxxxxxxxxxxxxxxxxxxxxxxxxxxxxxxxxxxxxxxxxxx',1),(399,'Running823',823,'2019-01-13 18:24:47','回复内容399：xxxxxxxxxxxxxxxxxxxxxxxxxxxxxxxxxxxxxxxxxxxxxxxxxxxxxxxxxxxxxxxxxxxxxxxxx',1),(401,'Running826',826,'2019-01-13 18:24:47','回复内容401：xxxxxxxxxxxxxxxxxxxxxxxxxxxxxxxxxxxxxxxxxxxxxxxxxxxxxxxxxxxxxxxxxxxxxxxxx',1),(402,'Running827',827,'2019-01-13 18:24:47','回复内容402：xxxxxxxxxxxxxxxxxxxxxxxxxxxxxxxxxxxxxxxxxxxxxxxxxxxxxxxxxxxxxxxxxxxxxxxxx',1),(403,'Running831',831,'2019-01-13 18:24:47','回复内容403：xxxxxxxxxxxxxxxxxxxxxxxxxxxxxxxxxxxxxxxxxxxxxxxxxxxxxxxxxxxxxxxxxxxxxxxxx',1),(404,'Running832',832,'2019-01-13 18:24:47','回复内容404：xxxxxxxxxxxxxxxxxxxxxxxxxxxxxxxxxxxxxxxxxxxxxxxxxxxxxxxxxxxxxxxxxxxxxxxxx',1),(405,'Running833',833,'2019-01-13 18:24:47','回复内容405：xxxxxxxxxxxxxxxxxxxxxxxxxxxxxxxxxxxxxxxxxxxxxxxxxxxxxxxxxxxxxxxxxxxxxxxxx',1),(406,'Running834',834,'2019-01-13 18:24:47','回复内容406：xxxxxxxxxxxxxxxxxxxxxxxxxxxxxxxxxxxxxxxxxxxxxxxxxxxxxxxxxxxxxxxxxxxxxxxxx',1),(407,'Running835',835,'2019-01-13 18:24:47','回复内容407：xxxxxxxxxxxxxxxxxxxxxxxxxxxxxxxxxxxxxxxxxxxxxxxxxxxxxxxxxxxxxxxxxxxxxxxxx',1),(408,'Running838',838,'2019-01-13 18:24:47','回复内容408：xxxxxxxxxxxxxxxxxxxxxxxxxxxxxxxxxxxxxxxxxxxxxxxxxxxxxxxxxxxxxxxxxxxxxxxxx',1),(409,'Running846',846,'2019-01-13 18:24:47','回复内容409：xxxxxxxxxxxxxxxxxxxxxxxxxxxxxxxxxxxxxxxxxxxxxxxxxxxxxxxxxxxxxxxxxxxxxxxxx',1),(411,'Running849',849,'2019-01-13 18:24:47','回复内容411：xxxxxxxxxxxxxxxxxxxxxxxxxxxxxxxxxxxxxxxxxxxxxxxxxxxxxxxxxxxxxxxxxxxxxxxxx',1),(412,'Running850',850,'2019-01-13 18:24:47','回复内容412：xxxxxxxxxxxxxxxxxxxxxxxxxxxxxxxxxxxxxxxxxxxxxxxxxxxxxxxxxxxxxxxxxxxxxxxxx',1),(414,'Running860',860,'2019-01-13 18:24:47','回复内容414：xxxxxxxxxxxxxxxxxxxxxxxxxxxxxxxxxxxxxxxxxxxxxxxxxxxxxxxxxxxxxxxxxxxxxxxxx',1),(415,'Running862',862,'2019-01-13 18:24:47','回复内容415：xxxxxxxxxxxxxxxxxxxxxxxxxxxxxxxxxxxxxxxxxxxxxxxxxxxxxxxxxxxxxxxxxxxxxxxxx',1),(416,'Running869',869,'2019-01-13 18:24:47','回复内容416：xxxxxxxxxxxxxxxxxxxxxxxxxxxxxxxxxxxxxxxxxxxxxxxxxxxxxxxxxxxxxxxxxxxxxxxxx',1),(417,'Running870',870,'2019-01-13 18:24:47','回复内容417：xxxxxxxxxxxxxxxxxxxxxxxxxxxxxxxxxxxxxxxxxxxxxxxxxxxxxxxxxxxxxxxxxxxxxxxxx',1),(418,'Running874',874,'2019-01-13 18:24:47','回复内容418：xxxxxxxxxxxxxxxxxxxxxxxxxxxxxxxxxxxxxxxxxxxxxxxxxxxxxxxxxxxxxxxxxxxxxxxxx',1),(419,'Running876',876,'2019-01-13 18:24:47','回复内容419：xxxxxxxxxxxxxxxxxxxxxxxxxxxxxxxxxxxxxxxxxxxxxxxxxxxxxxxxxxxxxxxxxxxxxxxxx',1),(421,'Running882',882,'2019-01-13 18:24:47','回复内容421：xxxxxxxxxxxxxxxxxxxxxxxxxxxxxxxxxxxxxxxxxxxxxxxxxxxxxxxxxxxxxxxxxxxxxxxxx',1),(422,'Running883',883,'2019-01-13 18:24:47','回复内容422：xxxxxxxxxxxxxxxxxxxxxxxxxxxxxxxxxxxxxxxxxxxxxxxxxxxxxxxxxxxxxxxxxxxxxxxxx',1),(423,'Running885',885,'2019-01-13 18:24:47','回复内容423：xxxxxxxxxxxxxxxxxxxxxxxxxxxxxxxxxxxxxxxxxxxxxxxxxxxxxxxxxxxxxxxxxxxxxxxxx',1),(424,'Running889',889,'2019-01-13 18:24:47','回复内容424：xxxxxxxxxxxxxxxxxxxxxxxxxxxxxxxxxxxxxxxxxxxxxxxxxxxxxxxxxxxxxxxxxxxxxxxxx',1),(425,'Running890',890,'2019-01-13 18:24:47','回复内容425：xxxxxxxxxxxxxxxxxxxxxxxxxxxxxxxxxxxxxxxxxxxxxxxxxxxxxxxxxxxxxxxxxxxxxxxxx',1),(426,'Running892',892,'2019-01-13 18:24:47','回复内容426：xxxxxxxxxxxxxxxxxxxxxxxxxxxxxxxxxxxxxxxxxxxxxxxxxxxxxxxxxxxxxxxxxxxxxxxxx',1),(427,'Running893',893,'2019-01-13 18:24:47','回复内容427：xxxxxxxxxxxxxxxxxxxxxxxxxxxxxxxxxxxxxxxxxxxxxxxxxxxxxxxxxxxxxxxxxxxxxxxxx',1),(428,'Running894',894,'2019-01-13 18:24:47','回复内容428：xxxxxxxxxxxxxxxxxxxxxxxxxxxxxxxxxxxxxxxxxxxxxxxxxxxxxxxxxxxxxxxxxxxxxxxxx',1),(429,'Running895',895,'2019-01-13 18:24:47','回复内容429：xxxxxxxxxxxxxxxxxxxxxxxxxxxxxxxxxxxxxxxxxxxxxxxxxxxxxxxxxxxxxxxxxxxxxxxxx',1),(430,'Running896',896,'2019-01-13 18:24:47','回复内容430：xxxxxxxxxxxxxxxxxxxxxxxxxxxxxxxxxxxxxxxxxxxxxxxxxxxxxxxxxxxxxxxxxxxxxxxxx',1),(431,'Running897',897,'2019-01-13 18:24:47','回复内容431：xxxxxxxxxxxxxxxxxxxxxxxxxxxxxxxxxxxxxxxxxxxxxxxxxxxxxxxxxxxxxxxxxxxxxxxxx',1),(432,'Running898',898,'2019-01-13 18:24:47','回复内容432：xxxxxxxxxxxxxxxxxxxxxxxxxxxxxxxxxxxxxxxxxxxxxxxxxxxxxxxxxxxxxxxxxxxxxxxxx',1),(433,'Running899',899,'2019-01-13 18:24:47','回复内容433：xxxxxxxxxxxxxxxxxxxxxxxxxxxxxxxxxxxxxxxxxxxxxxxxxxxxxxxxxxxxxxxxxxxxxxxxx',1),(434,'Running901',901,'2019-01-13 18:24:47','回复内容434：xxxxxxxxxxxxxxxxxxxxxxxxxxxxxxxxxxxxxxxxxxxxxxxxxxxxxxxxxxxxxxxxxxxxxxxxx',1),(435,'Running902',902,'2019-01-13 18:24:47','回复内容435：xxxxxxxxxxxxxxxxxxxxxxxxxxxxxxxxxxxxxxxxxxxxxxxxxxxxxxxxxxxxxxxxxxxxxxxxx',1),(436,'Running905',905,'2019-01-13 18:24:47','回复内容436：xxxxxxxxxxxxxxxxxxxxxxxxxxxxxxxxxxxxxxxxxxxxxxxxxxxxxxxxxxxxxxxxxxxxxxxxx',1),(437,'Running906',906,'2019-01-13 18:24:47','回复内容437：xxxxxxxxxxxxxxxxxxxxxxxxxxxxxxxxxxxxxxxxxxxxxxxxxxxxxxxxxxxxxxxxxxxxxxxxx',1),(438,'Running907',907,'2019-01-13 18:24:47','回复内容438：xxxxxxxxxxxxxxxxxxxxxxxxxxxxxxxxxxxxxxxxxxxxxxxxxxxxxxxxxxxxxxxxxxxxxxxxx',1),(440,'Running911',911,'2019-01-13 18:24:47','回复内容440：xxxxxxxxxxxxxxxxxxxxxxxxxxxxxxxxxxxxxxxxxxxxxxxxxxxxxxxxxxxxxxxxxxxxxxxxx',1),(442,'Running915',915,'2019-01-13 18:24:47','回复内容442：xxxxxxxxxxxxxxxxxxxxxxxxxxxxxxxxxxxxxxxxxxxxxxxxxxxxxxxxxxxxxxxxxxxxxxxxx',1),(443,'Running916',916,'2019-01-13 18:24:47','回复内容443：xxxxxxxxxxxxxxxxxxxxxxxxxxxxxxxxxxxxxxxxxxxxxxxxxxxxxxxxxxxxxxxxxxxxxxxxx',1),(444,'Running917',917,'2019-01-13 18:24:47','回复内容444：xxxxxxxxxxxxxxxxxxxxxxxxxxxxxxxxxxxxxxxxxxxxxxxxxxxxxxxxxxxxxxxxxxxxxxxxx',1),(445,'Running918',918,'2019-01-13 18:24:47','回复内容445：xxxxxxxxxxxxxxxxxxxxxxxxxxxxxxxxxxxxxxxxxxxxxxxxxxxxxxxxxxxxxxxxxxxxxxxxx',1),(446,'Running920',920,'2019-01-13 18:24:47','回复内容446：xxxxxxxxxxxxxxxxxxxxxxxxxxxxxxxxxxxxxxxxxxxxxxxxxxxxxxxxxxxxxxxxxxxxxxxxx',1),(447,'Running923',923,'2019-01-13 18:24:47','回复内容447：xxxxxxxxxxxxxxxxxxxxxxxxxxxxxxxxxxxxxxxxxxxxxxxxxxxxxxxxxxxxxxxxxxxxxxxxx',1),(448,'Running924',924,'2019-01-13 18:24:47','回复内容448：xxxxxxxxxxxxxxxxxxxxxxxxxxxxxxxxxxxxxxxxxxxxxxxxxxxxxxxxxxxxxxxxxxxxxxxxx',0),(449,'Running925',925,'2019-01-13 18:24:47','回复内容449：xxxxxxxxxxxxxxxxxxxxxxxxxxxxxxxxxxxxxxxxxxxxxxxxxxxxxxxxxxxxxxxxxxxxxxxxx',0),(450,'Running926',926,'2019-01-13 18:24:47','回复内容450：xxxxxxxxxxxxxxxxxxxxxxxxxxxxxxxxxxxxxxxxxxxxxxxxxxxxxxxxxxxxxxxxxxxxxxxxx',0),(451,'Running927',927,'2019-01-13 18:24:47','回复内容451：xxxxxxxxxxxxxxxxxxxxxxxxxxxxxxxxxxxxxxxxxxxxxxxxxxxxxxxxxxxxxxxxxxxxxxxxx',0),(452,'Running928',928,'2019-01-13 18:24:47','回复内容452：xxxxxxxxxxxxxxxxxxxxxxxxxxxxxxxxxxxxxxxxxxxxxxxxxxxxxxxxxxxxxxxxxxxxxxxxx',0),(453,'Running929',929,'2019-01-13 18:24:47','回复内容453：xxxxxxxxxxxxxxxxxxxxxxxxxxxxxxxxxxxxxxxxxxxxxxxxxxxxxxxxxxxxxxxxxxxxxxxxx',0),(454,'Running931',931,'2019-01-13 18:24:47','回复内容454：xxxxxxxxxxxxxxxxxxxxxxxxxxxxxxxxxxxxxxxxxxxxxxxxxxxxxxxxxxxxxxxxxxxxxxxxx',0),(455,'Running932',932,'2019-01-13 18:24:47','回复内容455：xxxxxxxxxxxxxxxxxxxxxxxxxxxxxxxxxxxxxxxxxxxxxxxxxxxxxxxxxxxxxxxxxxxxxxxxx',0),(456,'Running934',934,'2019-01-13 18:24:47','回复内容456：xxxxxxxxxxxxxxxxxxxxxxxxxxxxxxxxxxxxxxxxxxxxxxxxxxxxxxxxxxxxxxxxxxxxxxxxx',0),(457,'Running937',937,'2019-01-13 18:24:47','回复内容457：xxxxxxxxxxxxxxxxxxxxxxxxxxxxxxxxxxxxxxxxxxxxxxxxxxxxxxxxxxxxxxxxxxxxxxxxx',0),(458,'Running940',940,'2019-01-13 18:24:47','回复内容458：xxxxxxxxxxxxxxxxxxxxxxxxxxxxxxxxxxxxxxxxxxxxxxxxxxxxxxxxxxxxxxxxxxxxxxxxx',0),(459,'Running941',941,'2019-01-13 18:24:47','回复内容459：xxxxxxxxxxxxxxxxxxxxxxxxxxxxxxxxxxxxxxxxxxxxxxxxxxxxxxxxxxxxxxxxxxxxxxxxx',0),(460,'Running943',943,'2019-01-13 18:24:47','回复内容460：xxxxxxxxxxxxxxxxxxxxxxxxxxxxxxxxxxxxxxxxxxxxxxxxxxxxxxxxxxxxxxxxxxxxxxxxx',0),(461,'Running945',945,'2019-01-13 18:24:47','回复内容461：xxxxxxxxxxxxxxxxxxxxxxxxxxxxxxxxxxxxxxxxxxxxxxxxxxxxxxxxxxxxxxxxxxxxxxxxx',0),(462,'Running946',946,'2019-01-13 18:24:47','回复内容462：xxxxxxxxxxxxxxxxxxxxxxxxxxxxxxxxxxxxxxxxxxxxxxxxxxxxxxxxxxxxxxxxxxxxxxxxx',0),(463,'Running948',948,'2019-01-13 18:24:47','回复内容463：xxxxxxxxxxxxxxxxxxxxxxxxxxxxxxxxxxxxxxxxxxxxxxxxxxxxxxxxxxxxxxxxxxxxxxxxx',0),(464,'Running952',952,'2019-01-13 18:24:47','回复内容464：xxxxxxxxxxxxxxxxxxxxxxxxxxxxxxxxxxxxxxxxxxxxxxxxxxxxxxxxxxxxxxxxxxxxxxxxx',0),(465,'Running953',953,'2019-01-13 18:24:47','回复内容465：xxxxxxxxxxxxxxxxxxxxxxxxxxxxxxxxxxxxxxxxxxxxxxxxxxxxxxxxxxxxxxxxxxxxxxxxx',0),(466,'Running954',954,'2019-01-13 18:24:47','回复内容466：xxxxxxxxxxxxxxxxxxxxxxxxxxxxxxxxxxxxxxxxxxxxxxxxxxxxxxxxxxxxxxxxxxxxxxxxx',0),(467,'Running956',956,'2019-01-13 18:24:47','回复内容467：xxxxxxxxxxxxxxxxxxxxxxxxxxxxxxxxxxxxxxxxxxxxxxxxxxxxxxxxxxxxxxxxxxxxxxxxx',0),(468,'Running957',957,'2019-01-13 18:24:47','回复内容468：xxxxxxxxxxxxxxxxxxxxxxxxxxxxxxxxxxxxxxxxxxxxxxxxxxxxxxxxxxxxxxxxxxxxxxxxx',0),(469,'Running958',958,'2019-01-13 18:24:47','回复内容469：xxxxxxxxxxxxxxxxxxxxxxxxxxxxxxxxxxxxxxxxxxxxxxxxxxxxxxxxxxxxxxxxxxxxxxxxx',0),(470,'Running959',959,'2019-01-13 18:24:47','回复内容470：xxxxxxxxxxxxxxxxxxxxxxxxxxxxxxxxxxxxxxxxxxxxxxxxxxxxxxxxxxxxxxxxxxxxxxxxx',0),(471,'Running964',964,'2019-01-13 18:24:47','回复内容471：xxxxxxxxxxxxxxxxxxxxxxxxxxxxxxxxxxxxxxxxxxxxxxxxxxxxxxxxxxxxxxxxxxxxxxxxx',0),(472,'Running965',965,'2019-01-13 18:24:47','回复内容472：xxxxxxxxxxxxxxxxxxxxxxxxxxxxxxxxxxxxxxxxxxxxxxxxxxxxxxxxxxxxxxxxxxxxxxxxx',0),(473,'Running967',967,'2019-01-13 18:24:47','回复内容473：xxxxxxxxxxxxxxxxxxxxxxxxxxxxxxxxxxxxxxxxxxxxxxxxxxxxxxxxxxxxxxxxxxxxxxxxx',0),(474,'Running968',968,'2019-01-13 18:24:47','回复内容474：xxxxxxxxxxxxxxxxxxxxxxxxxxxxxxxxxxxxxxxxxxxxxxxxxxxxxxxxxxxxxxxxxxxxxxxxx',0),(475,'Running969',969,'2019-01-13 18:24:47','回复内容475：xxxxxxxxxxxxxxxxxxxxxxxxxxxxxxxxxxxxxxxxxxxxxxxxxxxxxxxxxxxxxxxxxxxxxxxxx',0),(476,'Running970',970,'2019-01-13 18:24:47','回复内容476：xxxxxxxxxxxxxxxxxxxxxxxxxxxxxxxxxxxxxxxxxxxxxxxxxxxxxxxxxxxxxxxxxxxxxxxxx',0),(477,'Running971',971,'2019-01-13 18:24:47','回复内容477：xxxxxxxxxxxxxxxxxxxxxxxxxxxxxxxxxxxxxxxxxxxxxxxxxxxxxxxxxxxxxxxxxxxxxxxxx',0),(478,'Running975',975,'2019-01-13 18:24:47','回复内容478：xxxxxxxxxxxxxxxxxxxxxxxxxxxxxxxxxxxxxxxxxxxxxxxxxxxxxxxxxxxxxxxxxxxxxxxxx',0),(479,'Running976',976,'2019-01-13 18:24:47','回复内容479：xxxxxxxxxxxxxxxxxxxxxxxxxxxxxxxxxxxxxxxxxxxxxxxxxxxxxxxxxxxxxxxxxxxxxxxxx',0),(480,'Running977',977,'2019-01-13 18:24:47','回复内容480：xxxxxxxxxxxxxxxxxxxxxxxxxxxxxxxxxxxxxxxxxxxxxxxxxxxxxxxxxxxxxxxxxxxxxxxxx',0),(481,'Running981',981,'2019-01-13 18:24:47','回复内容481：xxxxxxxxxxxxxxxxxxxxxxxxxxxxxxxxxxxxxxxxxxxxxxxxxxxxxxxxxxxxxxxxxxxxxxxxx',0),(482,'Running982',982,'2019-01-13 18:24:47','回复内容482：xxxxxxxxxxxxxxxxxxxxxxxxxxxxxxxxxxxxxxxxxxxxxxxxxxxxxxxxxxxxxxxxxxxxxxxxx',0),(483,'Running983',983,'2019-01-13 18:24:47','回复内容483：xxxxxxxxxxxxxxxxxxxxxxxxxxxxxxxxxxxxxxxxxxxxxxxxxxxxxxxxxxxxxxxxxxxxxxxxx',0),(484,'Running986',986,'2019-01-13 18:24:47','回复内容484：xxxxxxxxxxxxxxxxxxxxxxxxxxxxxxxxxxxxxxxxxxxxxxxxxxxxxxxxxxxxxxxxxxxxxxxxx',0),(485,'Running987',987,'2019-01-13 18:24:47','回复内容485：xxxxxxxxxxxxxxxxxxxxxxxxxxxxxxxxxxxxxxxxxxxxxxxxxxxxxxxxxxxxxxxxxxxxxxxxx',0),(486,'Running988',988,'2019-01-13 18:24:47','回复内容486：xxxxxxxxxxxxxxxxxxxxxxxxxxxxxxxxxxxxxxxxxxxxxxxxxxxxxxxxxxxxxxxxxxxxxxxxx',0),(487,'Running989',989,'2019-01-13 18:24:47','回复内容487：xxxxxxxxxxxxxxxxxxxxxxxxxxxxxxxxxxxxxxxxxxxxxxxxxxxxxxxxxxxxxxxxxxxxxxxxx',0),(488,'Running990',990,'2019-01-13 18:24:47','回复内容488：xxxxxxxxxxxxxxxxxxxxxxxxxxxxxxxxxxxxxxxxxxxxxxxxxxxxxxxxxxxxxxxxxxxxxxxxx',0),(489,'Running991',991,'2019-01-13 18:24:47','回复内容489：xxxxxxxxxxxxxxxxxxxxxxxxxxxxxxxxxxxxxxxxxxxxxxxxxxxxxxxxxxxxxxxxxxxxxxxxx',0),(490,'Running992',992,'2019-01-13 18:24:47','回复内容490：xxxxxxxxxxxxxxxxxxxxxxxxxxxxxxxxxxxxxxxxxxxxxxxxxxxxxxxxxxxxxxxxxxxxxxxxx',0),(491,'Running993',993,'2019-01-13 18:24:47','回复内容491：xxxxxxxxxxxxxxxxxxxxxxxxxxxxxxxxxxxxxxxxxxxxxxxxxxxxxxxxxxxxxxxxxxxxxxxxx',0),(492,'Running996',996,'2019-01-13 18:24:47','回复内容492：xxxxxxxxxxxxxxxxxxxxxxxxxxxxxxxxxxxxxxxxxxxxxxxxxxxxxxxxxxxxxxxxxxxxxxxxx',0),(493,'Running998',998,'2019-01-13 18:24:47','回复内容493：xxxxxxxxxxxxxxxxxxxxxxxxxxxxxxxxxxxxxxxxxxxxxxxxxxxxxxxxxxxxxxxxxxxxxxxxx',0),(494,'Running999',999,'2019-01-13 18:24:47','回复内容494：xxxxxxxxxxxxxxxxxxxxxxxxxxxxxxxxxxxxxxxxxxxxxxxxxxxxxxxxxxxxxxxxxxxxxxxxx',0),(495,'郎',26,'2019-01-18 14:16:27','asd',1),(496,'郎',26,'2019-01-18 14:25:51','ntrol-Allow-Method',1),(497,'郎',26,'2019-01-18 14:25:51','undefined',1),(498,'郎',26,'2019-01-18 14:36:40','123',1),(499,'郎',26,'2019-01-18 14:36:40','undefined',1),(500,'郎',26,'2019-01-18 14:36:40','123',1),(501,'郎',26,'2019-01-18 14:39:53','123',1),(502,'郎',26,'2019-01-18 14:39:53','456456',1),(503,'郎',26,'2019-01-18 14:44:05','sdf',1),(504,'郎',26,'2019-01-18 14:44:05','addComment',1);

#
# Structure for table "choice"
#

CREATE TABLE `choice` (
  `chid` int(11) NOT NULL,
  `wxid` varchar(20) NOT NULL,
  `choicetime` timestamp NOT NULL DEFAULT CURRENT_TIMESTAMP ON UPDATE CURRENT_TIMESTAMP,
  `type` int(11) NOT NULL,
  `pid` int(11) NOT NULL,
  `isview` int(11) NOT NULL,
  PRIMARY KEY (`chid`),
  KEY `wxid` (`wxid`),
  KEY `pid` (`pid`),
  CONSTRAINT `choice_ibfk_1` FOREIGN KEY (`wxid`) REFERENCES `user` (`wxid`),
  CONSTRAINT `choice_ibfk_2` FOREIGN KEY (`pid`) REFERENCES `post` (`pid`)
) ENGINE=InnoDB DEFAULT CHARSET=utf8;

#
# Data for table "choice"
#

REPLACE INTO `choice` VALUES (5,'Running','2019-01-14 16:48:40',1,8,1),(8,'Running013','2019-01-14 00:41:06',1,13,0),(10,'Running015','2019-01-14 00:41:10',1,15,0),(17,'Running022','2019-01-13 16:16:33',1,22,1),(20,'Running026','2019-01-13 16:20:05',1,26,1),(32,'Running044','2019-01-13 16:35:59',1,44,1),(35,'Running048','2019-01-13 16:39:31',1,48,1),(36,'Running050','2019-01-13 16:41:17',1,50,1),(37,'Running052','2019-01-13 16:43:03',1,52,1),(40,'Running056','2019-01-13 16:46:35',1,56,1),(42,'Running058','2019-01-13 16:48:21',1,58,1),(43,'Running059','2019-01-13 16:49:14',1,59,1),(44,'Running060','2019-01-13 16:50:07',1,60,1),(45,'Running061','2019-01-13 16:51:00',1,61,1),(47,'Running067','2019-01-13 16:56:18',1,67,1),(48,'Running068','2019-01-13 16:57:11',1,68,1),(53,'Running074','2019-01-13 17:02:29',1,74,1),(54,'Running075','2019-01-13 17:03:22',1,75,1),(56,'Running079','2019-01-13 17:06:54',1,79,1),(57,'Running080','2019-01-13 17:07:47',1,80,1),(62,'Running089','2019-01-13 17:15:44',1,89,1),(63,'Running092','2019-01-13 17:18:23',1,92,0),(69,'Running104','2019-01-13 17:28:59',1,104,0),(71,'Running106','2019-01-13 17:30:45',1,106,0),(72,'Running107','2019-01-13 17:31:38',1,107,0),(76,'Running111','2019-01-13 17:35:10',1,111,0),(77,'Running114','2019-01-13 17:37:49',1,114,0),(78,'Running115','2019-01-13 17:38:42',1,115,0),(79,'Running116','2019-01-13 17:39:35',1,116,0),(80,'Running117','2019-01-13 17:40:28',1,117,0),(81,'Running119','2019-01-13 17:42:14',1,119,0),(86,'Running128','2019-01-13 17:50:11',1,128,0),(87,'Running130','2019-01-13 17:51:57',1,130,0),(90,'Running133','2019-01-13 17:54:36',1,133,0),(92,'Running135','2019-01-13 17:56:22',1,135,0),(94,'Running137','2019-01-13 17:58:08',1,137,0),(95,'Running138','2019-01-13 17:59:01',1,138,0),(98,'Running144','2019-01-13 18:04:19',1,144,0),(100,'Running146','2019-01-13 18:06:05',1,146,0),(102,'Running149','2019-01-13 18:08:44',1,149,0),(104,'Running154','2019-01-13 18:13:09',1,154,0),(108,'Running158','2019-01-13 18:16:41',1,158,0),(110,'Running162','2019-01-13 18:20:13',1,162,0),(111,'Running163','2019-01-13 18:21:06',1,163,0),(112,'Running164','2019-01-13 18:21:59',1,164,0),(113,'Running167','2019-01-13 18:24:38',1,167,0),(115,'Running173','2019-01-13 18:29:56',1,173,0),(117,'Running177','2019-01-13 18:33:28',1,177,0),(118,'Running180','2019-01-13 18:36:07',1,180,0),(119,'Running182','2019-01-13 18:37:53',1,182,0),(126,'Running194','2019-01-13 18:48:29',1,194,0),(132,'Running201','2019-01-13 18:54:40',1,201,0),(140,'Running212','2019-01-13 19:04:23',1,212,0),(141,'Running213','2019-01-13 19:05:16',1,213,0),(142,'Running216','2019-01-13 19:07:55',1,216,0),(147,'Running223','2019-01-13 19:14:06',1,223,0),(148,'Running225','2019-01-13 19:15:52',1,225,0),(150,'Running231','2019-01-13 19:21:10',1,231,0),(153,'Running234','2019-01-13 19:23:49',1,234,0),(154,'Running235','2019-01-13 19:24:42',1,235,0),(157,'Running239','2019-01-13 19:28:14',1,239,0),(158,'Running241','2019-01-13 19:30:00',1,241,0),(159,'Running242','2019-01-13 19:30:53',1,242,0),(160,'Running243','2019-01-13 19:31:46',1,243,0),(163,'Running246','2019-01-13 19:34:25',1,246,0),(165,'Running248','2019-01-13 19:36:11',1,248,1),(171,'Running256','2019-01-13 19:43:15',1,256,1),(174,'Running261','2019-01-13 19:47:40',1,261,1),(177,'Running267','2019-01-13 19:52:58',1,267,1),(180,'Running271','2019-01-13 19:56:30',1,271,1),(182,'Running273','2019-01-13 19:58:16',1,273,1),(185,'Running279','2019-01-13 20:03:34',1,279,1),(189,'Running286','2019-01-13 20:09:45',1,286,1),(190,'Running288','2019-01-13 20:11:31',1,288,1),(192,'Running292','2019-01-13 20:15:03',1,292,1),(193,'Running293','2019-01-13 20:15:56',1,293,1),(195,'Running296','2019-01-13 20:18:35',1,296,1),(196,'Running297','2019-01-13 20:19:28',1,297,1),(197,'Running298','2019-01-13 20:20:21',1,298,1),(198,'Running299','2019-01-13 20:21:14',1,299,1),(200,'Running303','2019-01-13 20:24:46',1,303,1),(201,'Running304','2019-01-13 20:25:39',1,304,1),(202,'Running307','2019-01-13 20:28:18',1,307,1),(205,'Running311','2019-01-13 20:31:50',1,311,1),(206,'Running313','2019-01-13 20:33:36',1,313,1),(207,'Running314','2019-01-13 20:34:29',1,314,1),(210,'Running317','2019-01-13 20:37:08',1,317,1),(217,'Running327','2019-01-13 20:45:58',1,327,1),(220,'Running333','2019-01-13 20:51:16',1,333,1),(222,'Running340','2019-01-13 20:57:27',1,340,1),(223,'Running341','2019-01-13 20:58:20',1,341,1),(225,'Running343','2019-01-13 21:00:06',1,343,1),(228,'Running347','2019-01-13 21:03:38',1,347,1),(229,'Running348','2019-01-13 21:04:31',1,348,1),(230,'Running349','2019-01-13 21:05:24',1,349,1),(231,'Running350','2019-01-13 21:06:17',1,350,1),(232,'Running351','2019-01-13 21:07:10',1,351,1),(233,'Running352','2019-01-13 21:08:03',1,352,1),(235,'Running355','2019-01-13 21:10:42',1,355,1),(237,'Running360','2019-01-13 21:15:07',1,360,1),(239,'Running363','2019-01-13 21:17:46',1,363,1),(241,'Running365','2019-01-13 21:19:32',1,365,1),(245,'Running371','2019-01-13 21:24:50',1,371,1),(246,'Running373','2019-01-13 21:26:36',1,373,1),(249,'Running377','2019-01-13 21:30:08',1,377,1),(250,'Running378','2019-01-13 21:31:01',1,378,1),(253,'Running384','2019-01-13 21:36:19',1,384,1),(255,'Running387','2019-01-13 21:38:58',1,387,1),(259,'Running392','2019-01-13 21:43:23',1,392,1),(262,'Running395','2019-01-13 21:46:02',1,395,1),(263,'Running396','2019-01-13 21:46:55',1,396,1),(266,'Running402','2019-01-13 21:52:13',1,402,1),(267,'Running404','2019-01-13 21:53:59',1,404,1),(268,'Running405','2019-01-13 21:54:52',1,405,1),(269,'Running406','2019-01-13 21:55:45',1,406,1),(270,'Running407','2019-01-13 21:56:38',1,407,1),(277,'Running420','2019-01-13 22:08:07',1,420,1),(278,'Running421','2019-01-13 22:09:00',1,421,1),(280,'Running425','2019-01-13 22:12:32',1,425,1),(281,'Running426','2019-01-13 22:13:25',1,426,1),(285,'Running432','2019-01-13 22:18:43',1,432,1),(286,'Running433','2019-01-13 22:19:36',1,433,1),(287,'Running434','2019-01-13 22:20:29',1,434,1),(288,'Running436','2019-01-13 22:22:15',1,436,1),(289,'Running437','2019-01-13 22:23:08',1,437,1),(291,'Running440','2019-01-13 22:25:47',1,440,1),(294,'Running445','2019-01-13 22:30:12',1,445,1),(296,'Running448','2019-01-13 22:32:51',1,448,1),(297,'Running449','2019-01-13 22:33:44',1,449,1),(300,'Running453','2019-01-13 22:37:16',1,453,1),(302,'Running455','2019-01-13 22:39:02',1,455,1),(303,'Running456','2019-01-13 22:39:55',1,456,1),(305,'Running459','2019-01-13 22:42:34',1,459,1),(306,'Running462','2019-01-13 22:45:13',1,462,1),(308,'Running465','2019-01-13 22:47:52',1,465,1),(311,'Running468','2019-01-13 22:50:31',1,468,1),(312,'Running469','2019-01-13 22:51:24',1,469,1),(314,'Running471','2019-01-13 22:53:10',1,471,1),(315,'Running473','2019-01-13 22:54:56',1,473,1),(317,'Running477','2019-01-13 22:58:28',1,477,1),(319,'Running479','2019-01-13 23:00:14',1,479,1),(320,'Running481','2019-01-13 23:02:00',1,481,1),(321,'Running484','2019-01-13 23:04:39',1,484,1),(322,'Running486','2019-01-13 23:06:25',1,486,1),(324,'Running488','2019-01-13 23:08:11',1,488,1),(329,'Running500','2019-01-13 23:18:47',1,500,1),(331,'Running502','2019-01-13 23:20:33',1,502,1),(334,'Running509','2019-01-13 23:26:44',1,509,1),(335,'Running510','2019-01-13 23:27:37',1,510,1),(336,'Running511','2019-01-13 23:28:30',1,511,1),(338,'Running514','2019-01-13 23:31:09',1,514,1),(340,'Running517','2019-01-13 23:33:48',1,517,1),(341,'Running518','2019-01-13 23:34:41',1,518,1),(342,'Running519','2019-01-13 23:35:34',1,519,1),(345,'Running522','2019-01-13 23:38:13',1,522,1),(346,'Running524','2019-01-13 23:39:59',1,524,1),(349,'Running528','2019-01-13 23:43:31',1,528,1),(350,'Running529','2019-01-13 23:44:24',1,529,1),(352,'Running532','2019-01-13 23:47:03',1,532,1),(354,'Running541','2019-01-13 23:55:00',1,541,1),(363,'Running552','2019-01-14 00:04:43',1,552,1),(364,'Running553','2019-01-14 00:05:36',1,553,1),(365,'Running555','2019-01-14 00:07:22',1,555,1),(366,'Running556','2019-01-14 00:08:15',1,556,1),(367,'Running559','2019-01-14 00:10:54',1,559,1),(368,'Running560','2019-01-14 00:11:47',1,560,1),(369,'Running561','2019-01-14 00:12:40',1,561,1),(371,'Running563','2019-01-14 00:14:26',1,563,1),(372,'Running564','2019-01-14 00:15:19',1,564,1),(377,'Running571','2019-01-14 00:21:30',1,571,1),(380,'Running574','2019-01-14 00:24:09',1,574,1),(381,'Running575','2019-01-14 00:25:02',1,575,1),(382,'Running577','2019-01-14 00:26:48',1,577,1),(384,'Running579','2019-01-14 00:28:34',1,579,1),(385,'Running581','2019-01-14 00:30:20',1,581,1),(390,'Running588','2019-01-14 00:36:31',1,588,1),(391,'Running589','2019-01-14 00:37:24',1,589,1),(392,'Running591','2019-01-14 00:39:10',1,591,1),(396,'Running597','2019-01-14 00:44:28',1,597,1),(398,'Running601','2019-01-14 00:48:00',1,601,1),(399,'Running602','2019-01-14 00:48:53',1,602,1),(400,'Running604','2019-01-14 00:50:39',1,604,1),(401,'Running608','2019-01-14 00:54:11',1,608,1),(402,'Running609','2019-01-14 00:55:04',1,609,1),(406,'Running615','2019-01-14 01:00:22',1,615,1),(407,'Running617','2019-01-14 01:02:08',1,617,1),(410,'Running623','2019-01-14 01:07:26',1,623,1),(411,'Running625','2019-01-14 01:09:12',1,625,1),(413,'Running630','2019-01-14 01:13:37',1,630,1),(414,'Running631','2019-01-14 01:14:30',1,631,1),(415,'Running632','2019-01-14 01:15:23',1,632,1),(416,'Running633','2019-01-14 01:16:16',1,633,1),(418,'Running636','2019-01-14 01:18:55',1,636,1),(420,'Running640','2019-01-14 01:22:27',1,640,1),(421,'Running641','2019-01-14 01:23:20',1,641,1),(422,'Running643','2019-01-14 01:25:06',1,643,1),(423,'Running644','2019-01-14 01:25:59',1,644,1),(425,'Running650','2019-01-14 01:31:17',1,650,1),(427,'Running652','2019-01-14 01:33:03',1,652,1),(429,'Running654','2019-01-14 01:34:49',1,654,1),(430,'Running655','2019-01-14 01:35:42',1,655,1),(432,'Running657','2019-01-14 01:37:28',1,657,1),(435,'Running662','2019-01-14 01:41:53',1,662,1),(437,'Running664','2019-01-14 01:43:39',1,664,1),(438,'Running665','2019-01-14 01:44:32',1,665,1),(440,'Running668','2019-01-14 01:47:11',1,668,1),(441,'Running670','2019-01-14 01:48:57',1,670,1),(442,'Running672','2019-01-14 01:50:43',1,672,1),(445,'Running682','2019-01-14 01:59:33',1,682,1),(448,'Running685','2019-01-14 02:02:12',1,685,1),(451,'Running689','2019-01-14 02:05:44',1,689,1),(453,'Running691','2019-01-14 02:07:30',1,691,1),(457,'Running699','2019-01-14 02:14:34',1,699,1),(458,'Running700','2019-01-14 02:15:27',1,700,1),(459,'Running701','2019-01-14 02:16:20',1,701,1),(461,'Running705','2019-01-14 02:19:52',1,705,1),(464,'Running709','2019-01-14 02:23:24',1,709,1),(468,'Running716','2019-01-14 02:29:35',1,716,1),(469,'Running718','2019-01-14 02:31:21',1,718,1),(470,'Running719','2019-01-14 02:32:14',1,719,1),(471,'Running722','2019-01-14 02:34:53',1,722,1),(472,'Running723','2019-01-14 02:35:46',1,723,1),(475,'Running727','2019-01-14 02:39:18',1,727,1),(477,'Running731','2019-01-14 02:42:50',1,731,1),(478,'Running732','2019-01-14 02:43:43',1,732,1),(479,'Running733','2019-01-14 02:44:36',1,733,1),(480,'Running734','2019-01-14 02:45:29',1,734,1),(481,'Running735','2019-01-14 02:46:22',1,735,1),(482,'Running736','2019-01-14 02:47:15',1,736,1),(483,'Running738','2019-01-14 02:49:01',1,738,1),(484,'Running739','2019-01-14 02:49:54',1,739,1),(485,'Running741','2019-01-14 02:51:40',1,741,1),(486,'Running742','2019-01-14 02:52:33',1,742,1),(487,'Running743','2019-01-14 02:53:26',1,743,1),(488,'Running744','2019-01-14 02:54:19',1,744,1),(490,'Running746','2019-01-14 02:56:05',1,746,1),(491,'Running749','2019-01-14 02:58:44',1,749,1),(493,'Running754','2019-01-14 03:03:09',1,754,1),(494,'Running756','2019-01-14 03:04:55',1,756,1),(498,'Running764','2019-01-14 03:11:59',1,764,1),(499,'Running765','2019-01-14 03:12:52',1,765,1),(500,'Running766','2019-01-14 03:13:45',1,766,1),(501,'Running767','2019-01-14 03:14:38',1,767,1),(504,'Running770','2019-01-14 03:17:17',1,770,1),(505,'Running771','2019-01-14 03:18:10',1,771,1),(506,'Running772','2019-01-14 03:19:03',1,772,1),(507,'Running773','2019-01-14 03:19:56',1,773,1),(508,'Running774','2019-01-14 03:20:49',1,774,1),(509,'Running775','2019-01-14 03:21:42',1,775,1),(510,'Running776','2019-01-14 03:22:35',1,776,1),(512,'Running781','2019-01-14 03:27:00',1,781,1),(513,'Running783','2019-01-14 03:28:46',1,783,1),(514,'Running788','2019-01-14 03:33:11',1,788,1),(515,'Running789','2019-01-14 03:34:04',1,789,1),(516,'Running790','2019-01-14 03:34:57',1,790,1),(518,'Running792','2019-01-14 03:36:43',1,792,1),(519,'Running793','2019-01-14 03:37:36',1,793,1),(521,'Running795','2019-01-14 03:39:22',1,795,1),(522,'Running796','2019-01-14 03:40:15',1,796,1),(523,'Running798','2019-01-14 03:42:01',1,798,1),(524,'Running799','2019-01-14 03:42:54',1,799,1),(525,'Running800','2019-01-14 03:43:47',1,800,1),(527,'Running803','2019-01-14 03:46:26',1,803,1),(528,'Running805','2019-01-14 03:48:12',1,805,1),(529,'Running810','2019-01-14 03:52:37',1,810,1),(531,'Running812','2019-01-14 03:54:23',1,812,1),(532,'Running813','2019-01-14 03:55:16',1,813,1),(533,'Running814','2019-01-14 03:56:09',1,814,1),(534,'Running815','2019-01-14 03:57:02',1,815,1),(535,'Running816','2019-01-14 03:57:55',1,816,1),(536,'Running819','2019-01-14 04:00:34',1,819,1),(537,'Running820','2019-01-14 04:01:27',1,820,1),(538,'Running821','2019-01-14 04:02:20',1,821,1),(541,'Running826','2019-01-14 04:06:45',1,826,1),(542,'Running827','2019-01-14 04:07:38',1,827,1),(543,'Running829','2019-01-14 04:09:24',1,829,1),(544,'Running830','2019-01-14 04:10:17',1,830,1),(545,'Running832','2019-01-14 04:12:03',1,832,1),(546,'Running835','2019-01-14 04:14:42',1,835,1),(547,'Running836','2019-01-14 04:15:35',1,836,1),(548,'Running837','2019-01-14 04:16:28',1,837,1),(549,'Running838','2019-01-14 04:17:21',1,838,1),(550,'Running841','2019-01-14 04:20:00',1,841,1),(552,'Running843','2019-01-14 04:21:46',1,843,1),(553,'Running844','2019-01-14 04:22:39',1,844,1),(555,'Running846','2019-01-14 04:24:25',1,846,1),(556,'Running849','2019-01-14 04:27:04',1,849,1),(557,'Running851','2019-01-14 04:28:50',1,851,1),(558,'Running852','2019-01-14 04:29:43',1,852,1),(561,'Running856','2019-01-14 04:33:15',1,856,1),(562,'Running857','2019-01-14 04:34:08',1,857,1),(563,'Running859','2019-01-14 04:35:54',1,859,1),(564,'Running860','2019-01-14 04:36:47',1,860,1),(565,'Running861','2019-01-14 04:37:40',1,861,1),(566,'Running862','2019-01-14 04:38:33',1,862,1),(567,'Running866','2019-01-14 04:42:05',1,866,1),(568,'Running867','2019-01-14 04:42:58',1,867,1),(569,'Running868','2019-01-14 04:43:51',1,868,1),(570,'Running869','2019-01-14 04:44:44',1,869,1),(571,'Running871','2019-01-14 04:46:30',1,871,1),(573,'Running873','2019-01-14 04:48:16',1,873,1),(574,'Running874','2019-01-14 04:49:09',1,874,1),(576,'Running876','2019-01-14 04:50:55',1,876,1),(577,'Running877','2019-01-14 04:51:48',1,877,1),(578,'Running878','2019-01-14 04:52:41',1,878,1),(579,'Running879','2019-01-14 04:53:34',1,879,1),(580,'Running881','2019-01-14 04:55:20',1,881,1),(581,'Running883','2019-01-14 04:57:06',1,883,1),(582,'Running884','2019-01-14 04:57:59',1,884,1),(583,'Running885','2019-01-14 04:58:52',1,885,1),(584,'Running888','2019-01-14 05:01:31',1,888,1),(585,'Running889','2019-01-14 05:02:24',1,889,1),(587,'Running893','2019-01-14 05:05:56',1,893,1),(588,'Running897','2019-01-14 05:09:28',1,897,1),(589,'Running898','2019-01-14 05:10:21',1,898,1),(590,'Running899','2019-01-14 05:11:14',1,899,1),(592,'Running902','2019-01-14 05:13:53',1,902,1),(593,'Running903','2019-01-14 05:14:46',1,903,1),(594,'Running904','2019-01-14 05:15:39',1,904,1),(595,'Running905','2019-01-14 05:16:32',1,905,1),(598,'Running911','2019-01-14 05:21:50',1,911,1),(600,'Running915','2019-01-14 05:25:22',1,915,1),(601,'Running916','2019-01-14 05:26:15',1,916,1),(602,'Running917','2019-01-14 05:27:08',1,917,1),(603,'Running920','2019-01-14 05:29:47',1,920,1),(604,'Running921','2019-01-14 05:30:40',1,921,1),(605,'Running922','2019-01-14 05:31:33',1,922,1),(606,'Running924','2019-01-14 05:33:19',1,924,1),(607,'Running926','2019-01-14 05:35:05',1,926,1),(608,'Running927','2019-01-14 05:35:58',1,927,1),(609,'Running928','2019-01-14 05:36:51',1,928,1),(610,'Running929','2019-01-14 05:37:44',1,929,1),(611,'Running931','2019-01-14 05:39:30',1,931,1),(612,'Running932','2019-01-14 05:40:23',1,932,1),(613,'Running933','2019-01-14 05:41:16',1,933,1),(614,'Running934','2019-01-14 05:42:09',1,934,1),(615,'Running935','2019-01-14 05:43:02',1,935,1),(616,'Running936','2019-01-14 05:43:55',1,936,1),(617,'Running937','2019-01-14 05:44:48',1,937,1),(618,'Running938','2019-01-14 05:45:41',1,938,1),(619,'Running942','2019-01-14 05:49:13',1,942,1),(620,'Running945','2019-01-14 05:51:52',1,945,1),(621,'Running948','2019-01-14 05:54:31',1,948,1),(622,'Running954','2019-01-14 05:59:49',1,954,1),(623,'Running957','2019-01-14 06:02:28',1,957,1),(624,'Running958','2019-01-14 06:03:21',1,958,1),(625,'Running959','2019-01-14 06:04:14',1,959,1),(626,'Running960','2019-01-14 06:05:07',1,960,1),(627,'Running961','2019-01-14 06:06:00',1,961,1),(628,'Running962','2019-01-14 06:06:53',1,962,1),(629,'Running963','2019-01-14 06:07:46',1,963,1),(630,'Running964','2019-01-14 06:08:39',1,964,1),(631,'Running965','2019-01-14 06:09:32',1,965,1),(632,'Running966','2019-01-14 06:10:25',1,966,1),(633,'Running968','2019-01-14 06:12:11',1,968,1),(634,'Running969','2019-01-14 06:13:04',1,969,1),(635,'Running970','2019-01-14 06:13:57',1,970,1),(636,'Running971','2019-01-14 06:14:50',1,971,1),(637,'Running972','2019-01-14 06:15:43',1,972,1),(638,'Running974','2019-01-14 06:17:29',1,974,1),(639,'Running976','2019-01-14 06:19:15',1,976,1),(640,'Running979','2019-01-14 06:21:54',1,979,1),(641,'Running980','2019-01-14 06:22:47',1,980,1),(642,'Running982','2019-01-14 06:24:33',1,982,1),(643,'Running983','2019-01-14 06:25:26',1,983,1),(644,'Running984','2019-01-14 06:26:19',1,984,1),(645,'Running986','2019-01-14 06:28:05',1,986,1),(646,'Running989','2019-01-14 06:30:44',1,989,1),(647,'Running990','2019-01-14 06:31:37',1,990,1),(648,'Running991','2019-01-14 06:32:30',1,991,1),(649,'Running992','2019-01-14 06:33:23',1,992,1),(650,'Running993','2019-01-14 06:34:16',1,993,1),(651,'Running995','2019-01-14 06:36:02',1,995,1),(652,'Running996','2019-01-14 06:36:55',1,996,1),(653,'Running997','2019-01-14 06:37:48',1,997,1),(654,'Running998','2019-01-14 06:38:41',1,998,1),(655,'Running999','2019-01-14 06:39:34',1,999,1),(661,'Running008','2019-01-13 16:04:11',0,8,1),(666,'Running013','2019-01-13 16:08:36',0,13,1),(668,'Running015','2019-01-13 16:10:22',0,15,1),(673,'Running022','2019-01-13 16:16:33',0,22,1),(675,'Running024','2019-01-13 16:18:19',0,24,1),(676,'Running026','2019-01-13 16:20:05',0,26,1),(686,'Running041','2019-01-13 16:33:20',0,41,1),(689,'Running044','2019-01-13 16:35:59',0,44,1),(692,'Running048','2019-01-13 16:39:31',0,48,1),(693,'Running050','2019-01-13 16:41:17',0,50,1),(695,'Running052','2019-01-13 16:43:03',0,52,1),(699,'Running056','2019-01-13 16:46:35',0,56,1),(701,'Running058','2019-01-13 16:48:21',0,58,1),(702,'Running061','2019-01-13 16:51:00',0,61,1),(705,'Running068','2019-01-13 16:57:11',0,68,1),(710,'Running074','2019-01-13 17:02:29',0,74,1),(711,'Running075','2019-01-13 17:03:22',0,75,1),(714,'Running079','2019-01-13 17:06:54',0,79,1),(720,'Running089','2019-01-13 17:15:44',0,89,1),(721,'Running092','2019-01-13 17:18:23',0,92,1),(725,'Running098','2019-01-13 17:23:41',0,98,1),(729,'Running106','2019-01-13 17:30:45',0,106,1),(732,'Running111','2019-01-13 17:35:10',0,111,0),(733,'Running113','2019-01-13 17:36:56',0,113,0),(734,'Running115','2019-01-13 17:38:42',0,115,0),(735,'Running116','2019-01-13 17:39:35',0,116,0),(736,'Running117','2019-01-13 17:40:28',0,117,0),(738,'Running119','2019-01-13 17:42:14',0,119,0),(744,'Running128','2019-01-13 17:50:11',0,128,0),(745,'Running130','2019-01-13 17:51:57',0,130,0),(748,'Running133','2019-01-13 17:54:36',0,133,0),(750,'Running135','2019-01-13 17:56:22',0,135,0),(752,'Running138','2019-01-13 17:59:01',0,138,0),(756,'Running146','2019-01-13 18:06:05',0,146,0),(758,'Running149','2019-01-13 18:08:44',0,149,0),(759,'Running150','2019-01-13 18:09:37',0,150,0),(761,'Running154','2019-01-13 18:13:09',0,154,0),(766,'Running163','2019-01-13 18:21:06',0,163,0),(767,'Running164','2019-01-13 18:21:59',0,164,0),(768,'Running167','2019-01-13 18:24:38',0,167,0),(769,'Running168','2019-01-13 18:25:31',0,168,0),(772,'Running173','2019-01-13 18:29:56',0,173,0),(773,'Running177','2019-01-13 18:33:28',0,177,0),(774,'Running180','2019-01-13 18:36:07',0,180,0),(775,'Running182','2019-01-13 18:37:53',0,182,0),(781,'Running194','2019-01-13 18:48:29',0,194,0),(786,'Running201','2019-01-13 18:54:40',0,201,0),(788,'Running203','2019-01-13 18:56:26',0,203,0),(793,'Running212','2019-01-13 19:04:23',0,212,0),(794,'Running214','2019-01-13 19:06:09',0,214,0),(795,'Running216','2019-01-13 19:07:55',0,216,0),(799,'Running223','2019-01-13 19:14:06',0,223,0),(801,'Running225','2019-01-13 19:15:52',0,225,0),(805,'Running230','2019-01-13 19:20:17',0,230,0),(806,'Running231','2019-01-13 19:21:10',0,231,0),(809,'Running234','2019-01-13 19:23:49',0,234,0),(810,'Running235','2019-01-13 19:24:42',0,235,0),(814,'Running239','2019-01-13 19:28:14',0,239,0),(815,'Running240','2019-01-13 19:29:07',0,240,0),(816,'Running241','2019-01-13 19:30:00',0,241,0),(817,'Running242','2019-01-13 19:30:53',0,242,0),(818,'Running243','2019-01-13 19:31:46',0,243,0),(821,'Running248','2019-01-13 19:36:11',0,248,0),(826,'Running256','2019-01-13 19:43:15',0,256,0),(831,'Running261','2019-01-13 19:47:40',0,261,0),(834,'Running267','2019-01-13 19:52:58',0,267,0),(837,'Running271','2019-01-13 19:56:30',0,271,0),(839,'Running275','2019-01-13 20:00:02',0,275,0),(842,'Running279','2019-01-13 20:03:34',0,279,0),(844,'Running281','2019-01-13 20:05:20',0,281,0),(848,'Running286','2019-01-13 20:09:45',0,286,0),(850,'Running288','2019-01-13 20:11:31',0,288,0),(852,'Running292','2019-01-13 20:15:03',0,292,0),(854,'Running297','2019-01-13 20:19:28',0,297,0),(855,'Running298','2019-01-13 20:20:21',0,298,0),(856,'Running299','2019-01-13 20:21:14',0,299,0),(857,'Running303','2019-01-13 20:24:46',0,303,0),(858,'Running304','2019-01-13 20:25:39',0,304,0),(859,'Running307','2019-01-13 20:28:18',0,307,0),(860,'Running311','2019-01-13 20:31:50',0,311,0),(862,'Running313','2019-01-13 20:33:36',0,313,0),(863,'Running314','2019-01-13 20:34:29',0,314,0),(871,'Running327','2019-01-13 20:45:58',0,327,0),(877,'Running338','2019-01-13 20:55:41',0,338,0),(879,'Running340','2019-01-13 20:57:27',0,340,0),(880,'Running341','2019-01-13 20:58:20',0,341,0),(882,'Running343','2019-01-13 21:00:06',0,343,0),(885,'Running346','2019-01-13 21:02:45',0,346,0),(886,'Running347','2019-01-13 21:03:38',0,347,0),(887,'Running348','2019-01-13 21:04:31',0,348,0),(888,'Running349','2019-01-13 21:05:24',0,349,0),(889,'Running350','2019-01-13 21:06:17',0,350,0),(890,'Running351','2019-01-13 21:07:10',0,351,0),(891,'Running352','2019-01-13 21:08:03',0,352,0),(894,'Running355','2019-01-13 21:10:42',0,355,0),(897,'Running360','2019-01-13 21:15:07',0,360,0),(899,'Running362','2019-01-13 21:16:53',0,362,0),(900,'Running363','2019-01-13 21:17:46',0,363,0),(901,'Running365','2019-01-13 21:19:32',0,365,0),(903,'Running369','2019-01-13 21:23:04',0,369,0),(906,'Running373','2019-01-13 21:26:36',0,373,0),(909,'Running376','2019-01-13 21:29:15',0,376,0),(910,'Running377','2019-01-13 21:30:08',0,377,0),(911,'Running378','2019-01-13 21:31:01',0,378,0),(912,'Running381','2019-01-13 21:33:40',0,381,0),(915,'Running384','2019-01-13 21:36:19',0,384,0),(916,'Running385','2019-01-13 21:37:12',0,385,0),(917,'Running387','2019-01-13 21:38:58',0,387,0),(922,'Running392','2019-01-13 21:43:23',0,392,0),(925,'Running395','2019-01-13 21:46:02',0,395,0),(926,'Running396','2019-01-13 21:46:55',0,396,0),(930,'Running403','2019-01-13 21:53:06',0,403,0),(931,'Running404','2019-01-13 21:53:59',0,404,0),(932,'Running405','2019-01-13 21:54:52',0,405,0),(933,'Running406','2019-01-13 21:55:45',0,406,0),(943,'Running420','2019-01-13 22:08:07',0,420,0),(944,'Running421','2019-01-13 22:09:00',0,421,0),(947,'Running425','2019-01-13 22:12:32',0,425,0),(948,'Running426','2019-01-13 22:13:25',0,426,0),(950,'Running432','2019-01-13 22:18:43',0,432,0),(951,'Running433','2019-01-13 22:19:36',0,433,0),(952,'Running434','2019-01-13 22:20:29',0,434,0),(954,'Running436','2019-01-13 22:22:15',0,436,0),(955,'Running437','2019-01-13 22:23:08',0,437,0),(957,'Running439','2019-01-13 22:24:54',0,439,0),(959,'Running444','2019-01-13 22:29:19',0,444,0),(960,'Running445','2019-01-13 22:30:12',0,445,0),(962,'Running448','2019-01-13 22:32:51',0,448,0),(964,'Running453','2019-01-13 22:37:16',0,453,0),(966,'Running456','2019-01-13 22:39:55',0,456,0),(969,'Running462','2019-01-13 22:45:13',0,462,0),(970,'Running465','2019-01-13 22:47:52',0,465,0),(973,'Running468','2019-01-13 22:50:31',0,468,0),(974,'Running469','2019-01-13 22:51:24',0,469,0),(975,'Running471','2019-01-13 22:53:10',0,471,0),(976,'Running473','2019-01-13 22:54:56',0,473,0),(979,'Running477','2019-01-13 22:58:28',0,477,0),(981,'Running479','2019-01-13 23:00:14',0,479,0),(983,'Running481','2019-01-13 23:02:00',0,481,0),(984,'Running484','2019-01-13 23:04:39',0,484,0),(985,'Running486','2019-01-13 23:06:25',0,486,0),(993,'Running497','2019-01-13 23:16:08',0,497,0),(994,'Running498','2019-01-13 23:17:01',0,498,0),(996,'Running500','2019-01-13 23:18:47',0,500,0),(998,'Running502','2019-01-13 23:20:33',0,502,0),(1001,'Running508','2019-01-13 23:25:51',0,508,0),(1002,'Running509','2019-01-13 23:26:44',0,509,0),(1003,'Running510','2019-01-13 23:27:37',0,510,0),(1005,'Running514','2019-01-13 23:31:09',0,514,0),(1007,'Running517','2019-01-13 23:33:48',0,517,0),(1008,'Running519','2019-01-13 23:35:34',0,519,0),(1011,'Running522','2019-01-13 23:38:13',0,522,0),(1015,'Running528','2019-01-13 23:43:31',0,528,0),(1016,'Running529','2019-01-13 23:44:24',0,529,0),(1018,'Running532','2019-01-13 23:47:03',0,532,0),(1021,'Running541','2019-01-13 23:55:00',0,541,0),(1030,'Running552','2019-01-14 00:04:43',0,552,0),(1031,'Running553','2019-01-14 00:05:36',0,553,0),(1032,'Running555','2019-01-14 00:07:22',0,555,0),(1033,'Running556','2019-01-14 00:08:15',0,556,0),(1034,'Running559','2019-01-14 00:10:54',0,559,0),(1035,'Running560','2019-01-14 00:11:47',0,560,0),(1036,'Running561','2019-01-14 00:12:40',0,561,0),(1037,'Running564','2019-01-14 00:15:19',0,564,0),(1041,'Running570','2019-01-14 00:20:37',0,570,1),(1043,'Running575','2019-01-14 00:25:02',0,575,1),(1044,'Running576','2019-01-14 00:25:55',0,576,1),(1046,'Running579','2019-01-14 00:28:34',0,579,1),(1052,'Running589','2019-01-14 00:37:24',0,589,1),(1053,'Running591','2019-01-14 00:39:10',0,591,1),(1057,'Running595','2019-01-14 00:42:42',0,595,1),(1058,'Running597','2019-01-14 00:44:28',0,597,1),(1059,'Running601','2019-01-14 00:48:00',0,601,1),(1060,'Running605','2019-01-14 00:51:32',0,605,1),(1062,'Running608','2019-01-14 00:54:11',0,608,1),(1063,'Running609','2019-01-14 00:55:04',0,609,1),(1064,'Running610','2019-01-14 00:55:57',0,610,1),(1068,'Running615','2019-01-14 01:00:22',0,615,1),(1069,'Running617','2019-01-14 01:02:08',0,617,1),(1073,'Running623','2019-01-14 01:07:26',0,623,1),(1074,'Running625','2019-01-14 01:09:12',0,625,1),(1076,'Running627','2019-01-14 01:10:58',0,627,1),(1078,'Running629','2019-01-14 01:12:44',0,629,1),(1079,'Running630','2019-01-14 01:13:37',0,630,1),(1080,'Running633','2019-01-14 01:16:16',0,633,1),(1082,'Running635','2019-01-14 01:18:02',0,635,1),(1085,'Running640','2019-01-14 01:22:27',0,640,1),(1086,'Running641','2019-01-14 01:23:20',0,641,1),(1087,'Running643','2019-01-14 01:25:06',0,643,1),(1088,'Running644','2019-01-14 01:25:59',0,644,1),(1089,'Running647','2019-01-14 01:28:38',0,647,1),(1091,'Running650','2019-01-14 01:31:17',0,650,1),(1093,'Running652','2019-01-14 01:33:03',0,652,1),(1095,'Running654','2019-01-14 01:34:49',0,654,1),(1097,'Running657','2019-01-14 01:37:28',0,657,1),(1098,'Running658','2019-01-14 01:38:21',0,658,1),(1101,'Running662','2019-01-14 01:41:53',0,662,1),(1103,'Running664','2019-01-14 01:43:39',0,664,1),(1104,'Running665','2019-01-14 01:44:32',0,665,1),(1106,'Running668','2019-01-14 01:47:11',0,668,1),(1107,'Running671','2019-01-14 01:49:50',0,671,1),(1108,'Running672','2019-01-14 01:50:43',0,672,1),(1110,'Running675','2019-01-14 01:53:22',0,675,1),(1111,'Running679','2019-01-14 01:56:54',0,679,1),(1114,'Running685','2019-01-14 02:02:12',0,685,1),(1118,'Running691','2019-01-14 02:07:30',0,691,1),(1122,'Running697','2019-01-14 02:12:48',0,697,1),(1124,'Running699','2019-01-14 02:14:34',0,699,1),(1125,'Running700','2019-01-14 02:15:27',0,700,1),(1128,'Running705','2019-01-14 02:19:52',0,705,1),(1132,'Running709','2019-01-14 02:23:24',0,709,1),(1136,'Running715','2019-01-14 02:28:42',0,715,1),(1137,'Running716','2019-01-14 02:29:35',0,716,1),(1139,'Running718','2019-01-14 02:31:21',0,718,1),(1140,'Running722','2019-01-14 02:34:53',0,722,1),(1141,'Running723','2019-01-14 02:35:46',0,723,1),(1144,'Running727','2019-01-14 02:39:18',0,727,1),(1146,'Running729','2019-01-14 02:41:04',0,729,1),(1147,'Running730','2019-01-14 02:41:57',0,730,1),(1148,'Running731','2019-01-14 02:42:50',0,731,1),(1149,'Running734','2019-01-14 02:45:29',0,734,1),(1150,'Running735','2019-01-14 02:46:22',0,735,1),(1151,'Running737','2019-01-14 02:48:08',0,737,1),(1152,'Running738','2019-01-14 02:49:01',0,738,1),(1153,'Running739','2019-01-14 02:49:54',0,739,1),(1154,'Running741','2019-01-14 02:51:40',0,741,1),(1155,'Running742','2019-01-14 02:52:33',0,742,1),(1156,'Running744','2019-01-14 02:54:19',0,744,1),(1160,'Running749','2019-01-14 02:59:44',0,749,1),(1163,'Running753','2019-01-14 03:02:16',0,753,1),(1164,'Running754','2019-01-14 04:03:09',0,754,1),(1165,'Running755','2019-01-14 03:04:02',0,755,1),(1166,'Running756','2019-01-14 03:04:55',0,756,1),(1170,'Running764','2019-01-14 03:11:59',0,764,1),(1171,'Running766','2019-01-14 03:13:45',0,766,1),(1172,'Running767','2019-01-14 03:14:38',0,767,1),(1175,'Running770','2019-01-14 03:17:17',0,770,1),(1176,'Running771','2019-01-14 03:18:10',0,771,1),(1177,'Running774','2019-01-14 03:20:49',0,774,1),(1178,'Running776','2019-01-14 03:22:35',0,776,1),(1179,'Running777','2019-01-14 03:23:28',0,777,1),(1181,'Running780','2019-01-14 03:26:07',0,780,1),(1182,'Running781','2019-01-14 03:27:00',0,781,1),(1183,'Running783','2019-01-14 03:28:46',0,783,1),(1184,'Running785','2019-01-14 03:30:32',0,785,1),(1185,'Running788','2019-01-14 03:33:11',0,788,1),(1186,'Running789','2019-01-14 03:34:04',0,789,1),(1188,'Running792','2019-01-14 03:36:43',0,792,1),(1189,'Running793','2019-01-14 03:37:36',0,793,1),(1191,'Running796','2019-01-14 03:40:15',0,796,1),(1192,'Running798','2019-01-14 03:42:01',0,798,1),(1193,'Running799','2019-01-14 03:42:54',0,799,1),(1194,'Running800','2019-01-14 03:43:47',0,800,1),(1196,'Running803','2019-01-14 03:46:26',0,803,1),(1198,'Running805','2019-01-14 03:48:12',0,805,1),(1199,'Running806','2019-01-14 03:49:05',0,806,1),(1200,'Running807','2019-01-14 03:49:58',0,807,1),(1201,'Running808','2019-01-14 03:50:51',0,808,1),(1202,'Running810','2019-01-14 03:52:37',0,810,1),(1204,'Running812','2019-01-14 03:54:23',0,812,1),(1205,'Running813','2019-01-14 03:55:16',0,813,1),(1206,'Running814','2019-01-14 03:56:09',0,814,1),(1207,'Running815','2019-01-14 03:57:02',0,815,1),(1208,'Running818','2019-01-14 03:59:41',0,818,1),(1209,'Running819','2019-01-14 04:00:34',0,819,1),(1210,'Running820','2019-01-14 04:01:27',0,820,1),(1211,'Running821','2019-01-14 04:02:20',0,821,1),(1213,'Running823','2019-01-14 04:04:06',0,823,1),(1214,'Running824','2019-01-14 04:04:59',0,824,1),(1216,'Running826','2019-01-14 04:06:45',0,826,1),(1217,'Running827','2019-01-14 04:07:38',0,827,1),(1218,'Running828','2019-01-14 04:08:31',0,828,1),(1219,'Running829','2019-01-14 04:09:24',0,829,1),(1220,'Running830','2019-01-14 04:10:17',0,830,1),(1221,'Running831','2019-01-14 04:11:10',0,831,1),(1222,'Running835','2019-01-14 04:14:42',0,835,1),(1223,'Running837','2019-01-14 04:16:28',0,837,1),(1224,'Running839','2019-01-14 04:18:14',0,839,1),(1225,'Running840','2019-01-14 04:19:07',0,840,1),(1226,'Running841','2019-01-14 04:20:00',0,841,1),(1228,'Running843','2019-01-14 04:21:46',0,843,1),(1229,'Running844','2019-01-14 04:22:39',0,844,1),(1231,'Running846','2019-01-14 04:24:25',0,846,1),(1232,'Running847','2019-01-14 04:25:18',0,847,1),(1234,'Running849','2019-01-14 04:27:04',0,849,1),(1235,'Running850','2019-01-14 04:27:57',0,850,1),(1236,'Running852','2019-01-14 04:29:43',0,852,1),(1240,'Running856','2019-01-14 04:33:15',0,856,1),(1241,'Running857','2019-01-14 04:34:08',0,857,1),(1242,'Running859','2019-01-14 04:35:54',0,859,1),(1243,'Running860','2019-01-14 04:36:47',0,860,1),(1244,'Running861','2019-01-14 04:37:40',0,861,1),(1245,'Running862','2019-01-14 04:38:33',0,862,1),(1246,'Running863','2019-01-14 04:39:26',0,863,1),(1247,'Running865','2019-01-14 04:41:12',0,865,1),(1248,'Running867','2019-01-14 04:42:58',0,867,1),(1249,'Running869','2019-01-14 04:44:44',0,869,1),(1250,'Running874','2019-01-14 04:49:09',0,874,1),(1252,'Running876','2019-01-14 04:50:55',0,876,1),(1253,'Running877','2019-01-14 04:51:48',0,877,1),(1254,'Running878','2019-01-14 04:52:41',0,878,1),(1255,'Running879','2019-01-14 04:53:34',0,879,1),(1256,'Running883','2019-01-14 04:57:06',0,883,1),(1257,'Running884','2019-01-14 04:57:59',0,884,1),(1258,'Running885','2019-01-14 04:58:52',0,885,1),(1259,'Running890','2019-01-14 05:03:17',0,890,1),(1261,'Running892','2019-01-14 05:05:03',0,892,1),(1262,'Running893','2019-01-14 05:05:56',0,893,1),(1263,'Running895','2019-01-14 05:07:42',0,895,1),(1264,'Running897','2019-01-14 05:09:28',0,897,1),(1265,'Running899','2019-01-14 05:11:14',0,899,1),(1267,'Running901','2019-01-14 05:13:00',0,901,1),(1268,'Running902','2019-01-14 05:13:53',0,902,1),(1269,'Running903','2019-01-14 05:14:46',0,903,1),(1270,'Running904','2019-01-14 05:15:39',0,904,1),(1271,'Running905','2019-01-14 05:16:32',0,905,1),(1272,'Running906','2019-01-14 05:17:25',0,906,1),(1275,'Running911','2019-01-14 05:21:50',0,911,1),(1278,'Running915','2019-01-14 05:25:22',0,915,1),(1279,'Running916','2019-01-14 05:26:15',0,916,1),(1280,'Running917','2019-01-14 05:27:08',0,917,1),(1281,'Running919','2019-01-14 05:28:54',0,919,1),(1282,'Running920','2019-01-14 05:29:47',0,920,1),(1283,'Running921','2019-01-14 05:30:40',0,921,1),(1284,'Running924','2019-01-14 05:33:19',0,924,1),(1285,'Running926','2019-01-14 05:35:05',0,926,1),(1286,'Running927','2019-01-14 05:35:58',0,927,1),(1287,'Running928','2019-01-14 05:36:51',0,928,1),(1288,'Running929','2019-01-14 05:37:44',0,929,1),(1289,'Running931','2019-01-14 05:39:30',0,931,1),(1290,'Running932','2019-01-14 05:40:23',0,932,1),(1291,'Running933','2019-01-14 05:41:16',0,933,1),(1292,'Running934','2019-01-14 05:42:09',0,934,1),(1293,'Running935','2019-01-14 05:43:02',0,935,1),(1294,'Running936','2019-01-14 05:43:55',0,936,1),(1295,'Running937','2019-01-14 05:44:48',0,937,1),(1296,'Running938','2019-01-14 05:45:41',0,938,1),(1297,'Running940','2019-01-14 05:47:27',0,940,1),(1298,'Running943','2019-01-14 05:50:06',0,943,1),(1299,'Running944','2019-01-14 05:50:59',0,944,1),(1300,'Running945','2019-01-14 05:51:52',0,945,1),(1301,'Running946','2019-01-14 05:52:45',0,946,1),(1302,'Running947','2019-01-14 05:53:38',0,947,1),(1303,'Running951','2019-01-14 05:57:10',0,951,1),(1304,'Running952','2019-01-14 05:58:03',0,952,1),(1305,'Running954','2019-01-14 05:59:49',0,954,1),(1306,'Running955','2019-01-14 06:00:42',0,955,1),(1307,'Running957','2019-01-14 06:02:28',0,957,1),(1308,'Running958','2019-01-14 06:03:21',0,958,1),(1309,'Running959','2019-01-14 06:04:14',0,959,1),(1310,'Running960','2019-01-14 06:05:07',0,960,1),(1311,'Running961','2019-01-14 06:06:00',0,961,1),(1312,'Running962','2019-01-14 06:06:53',0,962,1),(1313,'Running963','2019-01-14 06:07:46',0,963,1),(1314,'Running964','2019-01-14 06:08:39',0,964,1),(1315,'Running968','2019-01-14 06:12:11',0,968,1),(1316,'Running969','2019-01-14 06:13:04',0,969,1),(1317,'Running972','2019-01-14 06:15:43',0,972,1),(1318,'Running974','2019-01-14 06:17:29',0,974,1),(1319,'Running976','2019-01-14 06:19:15',0,976,1),(1320,'Running979','2019-01-14 06:21:54',0,979,1),(1321,'Running980','2019-01-14 06:22:47',0,980,1),(1322,'Running982','2019-01-14 06:24:33',0,982,1),(1323,'Running983','2019-01-14 06:25:26',0,983,1),(1324,'Running984','2019-01-14 06:26:19',0,984,1),(1325,'Running986','2019-01-14 06:28:05',0,986,1),(1326,'Running988','2019-01-14 06:29:51',0,988,1),(1327,'Running989','2019-01-14 06:30:44',0,989,1),(1328,'Running990','2019-01-14 06:31:37',0,990,1),(1329,'Running991','2019-01-14 06:32:30',0,991,1),(1330,'Running992','2019-01-14 06:33:23',0,992,1),(1331,'Running993','2019-01-14 06:34:16',0,993,1),(1332,'Running996','2019-01-14 06:36:55',0,996,1),(1333,'Running997','2019-01-14 06:37:48',0,997,1),(1334,'Running998','2019-01-14 06:38:41',0,998,1),(1335,'Running999','2019-01-14 06:39:34',0,999,1),(1336,'郎','2019-01-18 14:55:28',1,26,1),(1337,'郎','2019-01-18 14:55:28',1,8,1),(1338,'郎','2019-01-18 14:55:28',1,330,1),(1339,'郎','2019-01-18 14:55:45',1,24,1);

#
# View "choiceview"
#

CREATE
  ALGORITHM = UNDEFINED
  VIEW `choiceview`
  AS
  SELECT
    `choice`.`chid`,
    `choice`.`choicetime`,
    `choice`.`pid`,
    `post`.`wxid` AS 'towxid',
    `choice`.`wxid` AS 'bywxid',
    `choice`.`type`,
    `post`.`title`,
    `choice`.`isview`
  FROM
    ((`post`
      JOIN `choice`)
      JOIN `user`)
  WHERE
    ((`choice`.`pid` = `post`.`pid`) AND (`post`.`wxid` = `user`.`wxid`));

#
# View "commentbymyselfview"
#

CREATE
  ALGORITHM = UNDEFINED
  VIEW `commentbymyselfview`
  AS
  SELECT
    `comment`.`cid`,
    `comment`.`pid`,
    `post`.`title`,
    `comment`.`commentcontent`,
    `comment`.`commenttime`,
    `comment`.`wxid`,
    `user`.`nickname`
  FROM
    ((`post`
      JOIN `comment`)
      JOIN `user`)
  WHERE
    ((`post`.`pid` = `comment`.`pid`) AND (`user`.`wxid` = `comment`.`wxid`));

#
# View "commenttomeview"
#

CREATE
  ALGORITHM = UNDEFINED
  VIEW `commenttomeview`
  AS
  SELECT
    `comment`.`cid`,
    `comment`.`pid`,
    `post`.`title`,
    `comment`.`commentcontent`,
    `comment`.`commenttime`,
    `post`.`wxid`,
    `user`.`nickname`,
    `comment`.`isview`
  FROM
    ((`post`
      JOIN `comment`)
      JOIN `user`)
  WHERE
    ((`post`.`pid` = `comment`.`pid`) AND (`user`.`wxid` = `post`.`wxid`));

#
# View "parentsview"
#

CREATE
  ALGORITHM = UNDEFINED
  VIEW `parentsview`
  AS
  SELECT
    `user`.`wxid`,
    `user`.`nickname`,
    `user`.`role`,
    `user`.`region`,
    `user`.`phonenum`,
    `user`.`forbidden`,
    `parents`.`purpose`
  FROM
    (`user`
      JOIN `parents`)
  WHERE
    (`user`.`wxid` = `parents`.`wxid`);

#
# View "studentview"
#

CREATE
  ALGORITHM = UNDEFINED
  VIEW `studentview`
  AS
  SELECT
    `user`.`wxid`,
    `user`.`nickname`,
    `user`.`role`,
    `user`.`region`,
    `user`.`phonenum`,
    `user`.`forbidden`,
    `student`.`school`,
    `student`.`topprize`,
    `student`.`identification`,
    `student`.`img`
  FROM
    (`user`
      JOIN `student`)
  WHERE
    (`user`.`wxid` = `student`.`wxid`);

#
# View "teacherview"
#

CREATE
  ALGORITHM = UNDEFINED
  VIEW `teacherview`
  AS
  SELECT
    `user`.`wxid`,
    `user`.`nickname`,
    `user`.`role`,
    `user`.`region`,
    `user`.`phonenum`,
    `user`.`forbidden`,
    `teacher`.`identification`,
    `teacher`.`img`
  FROM
    (`user`
      JOIN `teacher`)
  WHERE
    (`user`.`wxid` = `teacher`.`wxid`);
